Price,Close,High,Low,Open,Volume
Ticker,AAPL,AAPL,AAPL,AAPL,AAPL
Date,,,,,
2015-01-02,24.214893341064453,24.68222562747745,23.776353422468404,24.671150729967486,212818400
2015-01-05,23.532726287841797,24.064289384302135,23.346680133466553,23.98455483534346,257142000
2015-01-06,23.534934997558594,23.794071364016485,23.173914310644687,23.59695036493737,263188400
2015-01-07,23.864944458007812,23.964611763586213,23.632385158602347,23.743127360263635,160423600
2015-01-08,24.78189468383789,24.8394811133024,24.075358755914475,24.192746932459276,237458000
2015-01-09,24.8084659576416,25.083106116593303,24.409793396428064,24.954644770225418,214798000
2015-01-12,24.197172164916992,24.9457888739138,24.097504854799798,24.93914461187825,198603200
2015-01-13,24.412012100219727,24.98344228730691,24.121868061955624,24.68000803529737,268367600
2015-01-14,24.318986892700195,24.471809973965815,24.03105650747729,24.150658281810262,195826400
2015-01-15,23.658966064453125,24.376575123869163,23.62352943536436,24.36328659918488,240056000
2015-01-16,23.475128173828125,23.827289204880216,23.30015531673568,23.705472124059003,314053200
2015-01-20,24.079790115356445,24.135161228870494,23.58809435698492,23.884882714319932,199599600
2015-01-21,24.26361656188965,24.598056787392125,23.98011511203048,24.130724570790218,194303600
2015-01-22,24.894845962524414,24.910349802350176,24.301267725236684,24.42086949951762,215185600
2015-01-23,25.023305892944336,25.193848121334245,24.702152529390762,24.872696447572384,185859200
2015-01-26,25.049882888793945,25.328953679050635,24.983438589070154,25.19163275595474,222460000
2015-01-27,24.17281723022461,24.912576309397437,24.148453801013396,24.899286090868777,382274800
2015-01-28,25.539369583129883,26.161741992686807,25.539369583129883,26.05321340320937,585908400
2015-01-29,26.33449935913086,26.398730047323408,25.59474047597541,25.76306911779753,337745600
2015-01-30,25.949115753173828,26.57813070202149,25.880454433135018,26.223755963952947,334982000
2015-02-02,26.27469825744629,26.394300056676855,25.709913954726144,26.146238567717603,250956400
2015-02-03,26.279123306274414,26.376575289167604,26.04877933706831,26.245900309696186,207662800
2015-02-04,26.480674743652344,26.691085940867783,26.20381923925721,26.245901816658677,280598800
2015-02-05,26.669679641723633,26.734163811771065,26.516251730353517,26.687467032819562,168984800
2015-02-06,26.445106506347656,26.738619769850555,26.338373639409618,26.68747654900368,174826400
2015-02-09,26.620765686035156,26.64744762610821,26.33392295502217,26.36060659155632,155559200
2015-02-10,27.132186889648438,27.16109458407621,26.71860158755748,26.72082395138966,248034000
2015-02-11,27.768131256103516,27.77702580044334,27.23891859134053,27.298954645058252,294247200
2015-02-12,28.119462966918945,28.34626964549883,27.921563986537944,28.030519204661367,297898000
2015-02-13,28.257326126098633,28.301797159379046,27.93935331840626,28.301797159379046,217088800
2015-02-17,28.424095153808594,28.65757232057261,28.22174804975162,28.34849236119064,252609600
2015-02-18,28.621994018554688,28.635334989242327,28.339597698284383,28.379622306808475,179566800
2015-02-19,28.561954498291016,28.690922861865086,28.535272558559186,28.568624983223973,149449600
2015-02-20,28.795434951782227,28.795434951782227,28.473015702335196,28.59975832351753,195793600
2015-02-23,29.573680877685547,29.573680877685547,28.83100429250197,28.911053489241137,283896400
2015-02-24,29.389123916625977,29.707098350862747,29.166765406194134,29.560340919676545,276912400
2015-02-25,28.637561798095703,29.2623922966303,28.49525243380308,29.25349605284289,298846800
2015-02-26,28.999998092651367,29.10005874917597,28.152812664929638,28.637552615299487,365150000
2015-02-27,28.564178466796875,29.0333551042649,28.515259318403285,28.906609112630072,248059200
2015-03-02,28.704261779785156,28.968868972950617,28.528600034237698,28.739839958832356,192386800
2015-03-03,28.764307022094727,28.799885210405318,28.481910665878914,28.675364944241025,151265200
2015-03-04,28.58196449279785,28.80877114769695,28.533048736762723,28.70648812200263,126665200
2015-03-05,28.10834503173828,28.628663222806804,27.963811635398883,28.590862676575895,226068400
2015-03-06,28.150588989257812,28.766521358455478,28.07498790488838,28.550833317284816,291368400
2015-03-09,28.270660400390625,28.810993335881307,27.808154299397792,28.452994307989236,354114000
2015-03-10,27.68585968017578,28.288451063187917,27.52798533523556,28.108341205636272,275426400
2015-03-11,27.18111228942871,27.743679224261488,27.15220628481303,27.739232799113434,275756000
2015-03-12,27.672521591186523,27.77258395917488,27.045470531678525,27.19667441748349,193450800
2015-03-13,27.481290817260742,27.883760923464692,27.256709915985283,27.661402386110844,207309200
2015-03-16,27.78369903564453,27.78369903564453,27.32119455940393,27.54577546449357,143497200
2015-03-17,28.248432159423828,28.31069228587761,27.93935389134169,27.99494353231274,204092400
2015-03-18,28.566408157348633,28.719836126395787,28.099455460442414,28.23954076057586,261083600
2015-03-19,28.350709915161133,28.73983730615354,28.32847440353944,28.62865805158428,183238000
2015-03-20,27.994945526123047,28.550840278963356,27.830400652138934,28.517487849174326,274780400
2015-03-23,28.286231994628906,28.428541336208223,28.13280404655136,28.266220538685488,150838800
2015-03-24,28.170604705810547,28.470786706839743,28.141697009126034,28.29067852409887,131369200
2015-03-25,27.43459129333496,28.199505081055445,27.43459129333496,28.137244972094148,206620800
2015-03-26,27.625822067260742,27.768131384433865,27.261154229947007,27.296732407470724,190291600
2015-03-27,27.405689239501953,27.728108434323467,27.330088152452873,27.69920243570958,158184800
2015-03-30,28.099451065063477,28.10612155024622,27.57246068163208,27.58357928791074,188398800
2015-03-31,27.668073654174805,28.126131711225387,27.652508623977777,28.037187954473346,168362400
2015-04-01,27.628049850463867,27.82150239978064,27.37233717855166,27.7547941561649,162485600
2015-04-02,27.865976333618164,27.919341916192426,27.614711756555614,27.801492143796175,128880400
2015-04-06,28.317359924316406,28.352938105262208,27.64583787534428,27.67696793544134,148776000
2015-04-07,28.01940155029297,28.488576533226613,28.012731065181562,28.38184537852191,140049200
2015-04-08,27.92823028564453,28.106117783496007,27.788145026197608,27.983819916665507,149316800
2015-04-09,28.141693115234375,28.146141235552395,27.719213293907522,27.983818773161346,129936000
2015-04-10,28.261775970458984,28.286235550661125,27.85263698609843,28.006063257002946,160752000
2015-04-13,28.2061767578125,28.588635364311845,28.152811190225506,28.544160947811203,145460400
2015-04-14,28.083885192871094,28.304019679612928,27.997165495170943,28.239535497342878,102098400
2015-04-15,28.19061851501465,28.268443673239815,28.019403166919286,28.10834693194571,115881600
2015-04-16,28.054975509643555,28.261769011778117,28.041634540622283,28.0794350838232,113476000
2015-04-17,27.739233016967773,28.048311309255556,27.674748824815893,27.91712056059098,207828000
2015-04-20,28.372953414916992,28.488579125779587,27.832622017726813,27.921565785715647,188217200
2015-04-21,28.219526290893555,28.50636734678086,28.16615901385577,28.484133526040274,129740400
2015-04-22,28.59975814819336,28.655347790616638,28.088334455775946,28.237314290319635,150618000
2015-04-23,28.833229064941406,28.999997956003867,28.493020798607734,28.528598976335616,183083600
2015-04-24,28.96886444091797,29.046691271292865,28.73538734271465,29.01556121772718,178103600
2015-04-27,29.49585723876953,29.60259177459487,29.16231944838953,29.42025615391798,387816800
2015-04-28,29.031131744384766,29.916117823343757,28.810998951360652,29.898332125115758,475696000
2015-04-29,28.60420036315918,29.26015732972162,28.5285992793757,28.942186269320725,253544400
2015-04-30,27.828170776367188,28.60420158242397,27.701426480269312,28.60420158242397,332781600
2015-05-01,28.673133850097656,28.93551869889833,27.861526513744302,28.039412332804034,234050400
2015-05-04,28.617549896240234,29.033362767335465,28.51971157362959,28.795437447084783,203953200
2015-05-05,27.972705841064453,28.561954632389803,27.968257720114217,28.495246389824892,197085600
2015-05-06,27.79704475402832,28.1839481830708,27.430152781583676,28.141699512749295,288564000
2015-05-07,27.968976974487305,28.152072553223462,27.69209940387363,27.859564934554776,175763600
2015-05-08,28.495935440063477,28.495935440063477,28.158771026473666,28.28604476221257,222201600
2015-05-11,28.20565414428711,28.482529943603403,28.051585348625007,28.444571508121946,168143200
2015-05-12,28.105180740356445,28.330699748396363,27.8707283299041,28.044892198904186,192640000
2015-05-13,28.136442184448242,28.399921351191814,28.10518208869455,28.167702280201933,138776800
2015-05-14,28.792896270751953,28.792896270751953,28.393213508187397,28.44903533244519,180814000
2015-05-15,28.752714157104492,28.913481328066453,28.627673781266235,28.81970104618776,152832000
2015-05-18,29.069778442382812,29.188120456362167,28.661162213945016,28.665628914593572,203531600
2015-05-19,29.04298210144043,29.223844277743762,28.946966786271936,29.181419143629356,178532800
2015-05-20,29.040754318237305,29.246178286398866,28.879987141920466,29.027357621393374,145819600
2015-05-21,29.337732315063477,29.391322519381163,28.98940450473713,29.042994709054817,158921600
2015-05-22,29.594499588012695,29.690514906309943,29.339952182125543,29.384612371339564,182384000
2015-05-26,28.9425106048584,29.677128031092586,28.83086690907407,29.607909484841535,282790400
2015-05-27,29.482860565185547,29.53198405537011,29.038520913645133,29.103272746836808,183332800
2015-05-28,29.424806594848633,29.462765035348177,29.272972832850446,29.44266999162981,122933200
2015-05-29,29.089876174926758,29.351121969971384,29.005025890228723,29.301998479577218,203538000
2015-06-01,29.147926330566406,29.337721922416165,29.038517720264473,29.089872851775468,128451200
2015-06-02,29.018428802490234,29.174729283831766,28.875525018535836,28.99609870211503,134670400
2015-06-03,29.054147720336914,29.237244975360273,29.00502423274989,29.1747247924485,123934000
2015-06-04,28.88445281982422,29.156863669648438,28.78397418995997,28.933576311241353,153800400
2015-06-05,28.725921630859375,28.95814242661696,28.661169786272197,28.915717276982676,142507200
2015-06-08,28.536128997802734,28.85096503401967,28.319539957888548,28.78174308146443,210699200
2015-06-09,28.451271057128906,28.59864151199639,28.049354886989374,28.29050390765424,224301600
2015-06-10,28.77726936340332,28.879979617175298,28.547282005039268,28.56291204846722,156349200
2015-06-11,28.712522506713867,29.067548612456317,28.68796075937411,28.84426123922032,141563600
2015-06-12,28.39545249938965,28.654466648645087,28.382055803237584,28.623206555258715,147544800
2015-06-15,28.33962631225586,28.411078186682165,28.06944885884555,28.15653077756676,175955600
2015-06-16,28.4914608001709,28.547282628424973,28.21681835914717,28.364187099893485,125976400
2015-06-17,28.424484252929688,28.553989639077844,28.299442161288418,28.518264543999997,131672400
2015-06-18,28.55398941040039,28.650003051502733,28.406620626119764,28.408853976902844,141628800
2015-06-19,28.268173217773438,28.540584009624915,28.223516437014535,28.516022269143424,218867600
2015-06-22,28.493696212768555,28.594174829480085,28.37535420087142,28.46690111999015,136157200
2015-06-23,28.36418914794922,28.493696207701102,28.330695707868955,28.46466946819001,121075600
2015-06-24,28.605342864990234,28.982699035849468,28.384288863009008,28.404383907031253,221123600
2015-06-25,28.469139099121094,28.848726939023745,28.469139099121094,28.772810052462177,127752400
2015-06-26,28.301677703857422,28.578553600456058,28.248089205316834,28.50710170121939,176267200
2015-06-29,27.805973052978516,28.239151051350287,27.794809707755416,28.01363035385756,196645600
2015-06-30,28.006933212280273,28.16100203350133,27.879659487133807,28.03819330592696,177482800
2015-07-01,28.268173217773438,28.34409178931996,28.131967821847702,28.335160092458782,120955200
2015-07-02,28.232458114624023,28.288279962080306,28.08285426874502,28.230224763732448,108844000
2015-07-06,28.134206771850586,28.185563613137802,27.87742597250915,27.897522720333654,112241600
2015-07-07,28.064992904663086,28.167704900773476,27.636279816424906,28.109649701738,187787200
2015-07-08,27.36833381652832,27.830538620225102,27.361635467764923,27.794813525637824,243046400
2015-07-09,26.810108184814453,27.701024105999807,26.620314305360516,27.654133973679215,314380000
2015-07-10,27.52686309814453,27.654136814244254,27.064658370882672,27.22765887920902,245418000
2015-07-13,28.05828857421875,28.08061696799642,27.75908264624676,27.91761645667965,165762000
2015-07-14,28.0471248626709,28.216823729856447,27.91985113816857,28.14313849368475,127072400
2015-07-15,28.317302703857422,28.390987940927992,28.040426856633054,28.07168695050287,134596800
2015-07-16,28.69465446472168,28.708054566907215,28.435642039525213,28.52272396471212,144889600
2015-07-17,28.9425106048584,28.9425106048584,28.650004667038697,28.821936912533218,184658800
2015-07-20,29.489564895629883,29.690522167865755,29.1836588787485,29.243947423257225,235600800
2015-07-21,29.1948184967041,29.679351595599233,29.0988065798831,29.66372325413515,307025600
2015-07-22,27.96003532409668,28.02255549406574,27.23881661241787,27.23881661241787,461802400
2015-07-23,27.946645736694336,28.377588689764913,27.924315638702303,28.178863083176353,203998000
2015-07-24,27.799278259277344,28.076154127998937,27.665306174640925,27.98237383910819,168649200
2015-07-27,27.412986755371094,27.600549012105486,27.26785134311559,27.484438638044374,177822000
2015-07-28,27.549192428588867,27.667536154204573,27.36386522413786,27.549192428588867,134472400
2015-07-29,27.462112426757812,27.57598945941344,27.30134525207867,27.497839222707576,148046800
2015-07-30,27.32367706298828,27.368333857175575,27.17630657578471,27.312512012667707,134513200
2015-07-31,27.084754943847656,27.383959160865977,26.997673017787267,27.37502746286655,171540000
2015-08-03,26.446151733398438,27.368327786851697,26.240726096477005,27.129410413492046,279904000
2015-08-04,25.5976619720459,26.280920726034005,25.28729268813971,26.218400539858273,496554400
2015-08-05,25.76736068725586,26.222867088448904,25.03051174636031,25.22030565430392,397250400
2015-08-06,25.823429107666016,26.13071799542475,25.596889351141915,26.011840324697488,211612000
2015-08-07,25.91090965270996,26.07464798007613,25.68212639758036,25.700070652053586,154681600
2015-08-10,26.85296630859375,26.913526037008136,26.137454888530378,26.137454888530378,219806400
2015-08-11,25.455595016479492,26.507553823616366,25.41970820451637,26.424562897109496,388331200
2015-08-12,25.848108291625977,25.88848201140172,24.589796021750065,25.240260746466667,404870000
2015-08-13,25.827922821044922,26.10829540548688,25.69110086293657,26.027547964266923,194143200
2015-08-14,26.009599685668945,26.088103654920044,25.572219206085563,25.64175104867108,171718000
2015-08-17,26.278757095336914,26.38866264703329,25.906421557180472,26.027542694487096,163538800
2015-08-18,26.130718231201172,26.341558908737895,26.020812685174974,26.115017438911718,138242800
2015-08-19,25.796520233154297,26.135209069986114,25.722501463015533,26.041004295950447,193146000
2015-08-20,25.267173767089844,25.648479738798063,25.03838881505836,25.58792002282396,274006400
2015-08-21,23.721769332885742,25.098959634354195,23.69709640311523,24.76924112856538,513102000
2015-08-24,23.12961769104004,24.40363080241053,20.635422526171478,21.279158605812704,648825200
2015-08-25,23.268680572509766,24.921757912591616,23.21484951655128,24.921757912591616,414406400
2015-08-26,24.60325050354004,24.648109423295963,23.562507821628127,24.020074279164454,387098400
2015-08-27,25.32773780822754,25.399513122615115,24.67727305900723,25.17297330263905,338464400
2015-08-28,25.410724639892578,25.415209847647688,25.018203077879622,25.159510224151333,212657600
2015-08-31,25.291852951049805,25.688859814939384,25.121385924552218,25.1281145934092,224917200
2015-09-01,24.1613826751709,25.094461536427897,24.080635252116398,24.70642692515973,307383600
2015-09-02,25.19764518737793,25.19764518737793,24.47764856445594,24.724377818540738,247555200
2015-09-03,24.755783081054688,25.296340637704187,24.681764293860322,25.231293980284182,212935600
2015-09-04,24.509042739868164,24.773714459471865,24.3385774847904,24.441754363787364,199985200
2015-09-08,25.190914154052734,25.246988668124622,24.74456150119284,25.06530779013438,219374400
2015-09-09,24.706436157226562,25.5744687125335,24.621201783676092,25.516152438403783,340043200
2015-09-10,25.249237060546875,25.4084885062715,24.650361543964404,24.733350745798273,251571200
2015-09-11,25.61707878112793,25.61707878112793,25.067549271104706,25.07427793846086,199662000
2015-09-14,25.863807678222656,26.218199009025287,25.762874239912513,26.148667160912005,233453600
2015-09-15,26.081375122070312,26.137449630575368,25.66418064189204,26.002871152414873,173364800
2015-09-16,26.11053466796875,26.13969279601042,25.892965303615362,26.07464616152531,148694000
2015-09-17,25.552030563354492,26.12847641838841,25.50717164291733,25.94231035844189,256450400
2015-09-18,25.446617126464844,25.637271868229078,25.092227451778268,25.168487979477092,297141200
2015-09-21,25.84138298034668,25.877271496479683,25.493721964416057,25.495963713230392,200888000
2015-09-22,25.43540382385254,25.610356060771164,25.238020408860343,25.430916903734374,201384800
2015-09-23,25.641748428344727,25.731467974573917,25.4129652111554,25.48698225388082,143026800
2015-09-24,25.794269561767578,25.906418559862217,25.20436644784261,25.401748068436333,200878000
2015-09-25,25.72922706604004,26.173337922710438,25.57446087623308,26.117263414665388,224607600
2015-09-28,25.22007942199707,25.697833768612547,25.22007942199707,25.536338859542884,208436000
2015-09-29,24.461936950683594,25.46006398025664,24.192780061392977,25.30754128665655,293461600
2015-09-30,24.740074157714844,25.01820324435386,24.387926308187456,24.710914317708884,265892000
2015-10-01,24.578580856323242,24.58755298372046,24.069423321895563,24.464188371081597,255716400
2015-10-02,24.758012771606445,24.899321607654304,24.12325072837669,24.226427603641095,232079200
2015-10-05,24.84773826599121,24.980075008332264,24.46418879718582,24.645869674183544,208258800
2015-10-06,24.96661949157715,25.063067737341726,24.621200232589093,24.814096724118247,192787200
2015-10-07,24.84773826599121,25.069792861350468,24.540451025761318,25.063064193499937,187062400
2015-10-08,24.560630798339844,24.715396964671644,24.271286175364615,24.715396964671644,247918400
2015-10-09,25.148292541503906,25.184179331885883,24.558387702417836,24.672780162322645,211064400
2015-10-12,25.031667709350586,25.289610867546255,24.99578090307378,25.28512565848367,121868800
2015-10-13,25.07428550720215,25.222321367497184,24.82531447232261,24.856716070302124,132197200
2015-10-14,24.719886779785156,25.013716664543725,24.57409271155276,24.962129073655152,177849600
2015-10-15,25.089982986450195,25.143814045684113,24.782694005441982,24.88138570675293,150694000
2015-10-16,24.906055450439453,25.121381371126688,24.79166296682932,25.072035526774933,156930400
2015-10-19,25.060821533203125,25.0653067411875,24.69745808117051,24.85222428113486,119036800
2015-10-20,25.518388748168945,25.608108311660388,24.85671017602895,24.973344410686988,195871200
2015-10-21,25.516141891479492,25.9243641979451,25.50268284733232,25.56997293429419,167180800
2015-10-22,25.906423568725586,25.906423568725586,25.592405971095445,25.643995273146963,166616400
2015-10-23,26.70941162109375,26.74305667011026,26.092591997071434,26.175581178552775,237467600
2015-10-26,25.857078552246094,26.496327643150536,25.77633111852571,26.485113767569437,265335200
2015-10-27,25.693344116210938,26.13969678790186,25.56773603573498,25.883997129847085,279537600
2015-10-28,26.75202751159668,26.758757890513674,26.032030980725605,26.227170899119155,342205600
2015-10-29,27.03464126586914,27.070529772051515,26.527727239221168,26.624175460513595,204909200
2015-10-30,26.803617477416992,27.18941040444977,26.792401890203436,27.1378210990291,197461200
2015-11-02,27.180435180664062,27.220808894271993,26.82828734412862,27.095202545828723,128813200
2015-11-03,27.49221420288086,27.698568015313565,27.0727761984996,27.09296391453022,182076000
2015-11-04,27.364364624023438,27.772587044226565,27.279131973214778,27.61782082784864,179544400
2015-11-05,27.238218307495117,27.63692624256414,27.071527737980944,27.447708480518628,158210800
2015-11-06,27.269750595092773,27.438694204532553,27.170638179524726,27.281014189822066,132169200
2015-11-09,27.159379959106445,27.438699634115476,27.042246456226405,27.24723051591238,135485600
2015-11-10,26.303396224975586,26.596232538644294,26.143463127646314,26.332680887492543,236511600
2015-11-11,26.154727935791016,26.449815607494255,25.95199522605524,26.21329554495548,180872000
2015-11-12,26.066879272460938,26.314662949632865,26.051111267147732,26.188518907127232,130102400
2015-11-13,25.305509567260742,26.03309443031631,25.28974155938444,25.949748263779306,183249600
2015-11-16,25.719974517822266,25.733489456288183,25.00365356321389,25.0892510378034,152426800
2015-11-17,25.60959815979004,25.915949363767915,25.526252030363505,25.8866647060483,110467600
2015-11-18,26.420530319213867,26.46558126467842,26.017317998547494,26.07588560251814,186698800
2015-11-19,26.75615692138672,26.974657553999904,26.301136314230597,26.499362824121288,173183200
2015-11-20,26.873302459716797,27.012961436091665,26.77193524417832,26.850775266096967,137148400
2015-11-23,26.524145126342773,26.970156985280802,26.43178846701266,26.86653673188203,129930000
2015-11-24,26.778690338134766,26.884561951850607,26.382237200649325,26.42954120960213,171212800
2015-11-25,26.587221145629883,26.857531976870792,26.562442609801547,26.853025851129228,85553200
2015-11-27,26.537662506103516,26.672818773030528,26.490358500112393,26.64578717592846,52185600
2015-11-30,26.648040771484375,26.89807746428209,26.524148097185197,26.578209573886948,156721200
2015-12-01,26.431793212890625,26.76292300239936,26.323670252183778,26.749408061956874,139409600
2015-12-02,26.193017959594727,26.605240795250975,26.14796701607765,26.43179105368523,133546400
2015-12-03,25.949737548828125,26.307898892106483,25.728985529710997,26.253837418650917,166278000
2015-12-04,26.812484741210938,26.862041822901645,25.929472961253648,25.970019508220247,231108000
2015-12-07,26.643537521362305,26.99944586177476,26.53766590073221,26.801219280086283,128336800
2015-12-08,26.632265090942383,26.715609485457396,26.323660884849783,26.47233033256321,137238000
2015-12-09,26.044353485107422,26.510637886468587,25.922713851893594,26.499374289129214,185445600
2015-12-10,26.16823959350586,26.341689336187937,26.019570104075996,26.13895665188963,116850800
2015-12-11,25.49471664428711,25.992536933126495,25.420381044780573,25.947485992046726,187544800
2015-12-14,25.33704376220703,25.382094715964918,24.731098638236222,25.269465612986476,257274800
2015-12-15,24.888771057128906,25.409118521842476,24.85723505545938,25.215396386682134,213292400
2015-12-16,25.08024787902832,25.226666056924753,24.508093547049064,25.019428919468982,224954000
2015-12-17,24.54863739013672,25.28523088788774,24.54863739013672,25.233420749936244,179091200
2015-12-18,23.884124755859375,24.670275329617848,23.83456768085976,24.532869419732833,385813200
2015-12-21,24.176959991455078,24.185970524556982,23.78050512788861,24.16569639543183,190362400
2015-12-22,24.154434204101562,24.264810225644474,23.978731388772907,24.192727680349428,131157600
2015-12-23,24.465288162231445,24.519349637808695,24.147673341225545,24.163441343209882,130629600
2015-12-24,24.334638595581055,24.553139284369426,24.316617530435273,24.553139284369426,54281600
2015-12-28,24.06207847595215,24.258053709263866,23.917913379694166,24.235526516624457,106816800
2015-12-29,24.494571685791016,24.65000036517696,24.071086966298672,24.09361243844276,123724800
2015-12-30,24.174707412719727,24.485563077335843,24.14317140552317,24.458533196072224,100855200
2015-12-31,23.710668563842773,24.10937465268121,23.611554447903817,24.104870246767142,163649200
2016-01-04,23.7309513092041,23.735457435664685,22.97633667392431,23.11374431504918,270597600
2016-01-05,23.13626480102539,23.843575267401853,23.068688385946427,23.821049795708866,223164000
2016-01-06,22.68348503112793,23.059667282136427,22.496522155061925,22.651949041498362,273829600
2016-01-07,21.726146697998047,22.555096713640157,21.721642291419773,22.2284731013443,324377600
2016-01-08,21.841035842895508,22.32534133827913,21.795984888313487,22.19919729058247,283192000
2016-01-11,22.19468879699707,22.314075360632692,21.926631005645223,22.293802948807883,198957600
2016-01-12,22.516807556152344,22.681246784383312,22.264517774858547,22.64971077654453,196616800
2016-01-13,21.937889099121094,22.79387067883394,21.91761669238175,22.597895487437892,249758400
2016-01-14,22.417692184448242,22.63394153867265,21.566216582054608,22.0662899913546,252680400
2016-01-15,21.879322052001953,22.00997218287025,21.480615908897953,21.66983191753492,319335600
2016-01-19,21.773454666137695,22.22171792530289,21.51215437447018,22.167656447868826,212350800
2016-01-20,21.802736282348633,22.118098032270122,21.043615707294155,21.42204946348329,289337600
2016-01-21,21.692367553710938,22.048274239785737,21.386016233066,21.863562565742512,208646000
2016-01-22,22.845684051513672,22.85469458488389,22.158647638223634,22.217213527254792,263202000
2016-01-25,22.399667739868164,22.870456380223203,22.34785761669965,22.868203317846383,207178000
2016-01-26,22.523561477661133,22.724041089583306,22.091066250947,22.510046538883586,300308000
2016-01-27,21.043617248535156,21.76669574806189,21.02559618297217,21.633794256347503,533478800
2016-01-28,21.19454002380371,21.29140110397176,20.811601828860308,21.12696360512257,222715200
2016-01-29,21.926624298095703,21.926624298095703,21.253103009031683,21.352217130522604,257666000
2016-02-01,21.72165298461914,21.7847250192635,21.48963726349851,21.73066352079463,163774000
2016-02-02,21.282392501831055,21.63379469450947,21.237339837011106,21.494134011442785,149428800
2016-02-03,21.70362663269043,21.814002666468223,21.19229128885224,21.399528414724234,183857200
2016-02-04,21.878009796142578,22.043341274884668,21.558673279542926,21.710414757132185,185886800
2016-02-05,21.2936954498291,21.950489233076475,21.218958199443556,21.859896689195967,185672400
2016-02-08,21.51791000366211,21.67418035345721,21.071743199945878,21.092125612911335,216085600
2016-02-09,21.513376235961914,21.728533687948552,21.273307525570605,21.354840621157955,177324800
2016-02-10,21.350313186645508,21.82139297982677,21.311811921371458,21.724006308427843,169374400
2016-02-11,21.22121810913086,21.452229142675453,20.96982466387226,21.241602248753622,200298800
2016-02-12,21.286893844604492,21.402399340733933,21.064944004255242,21.332190964610376,161405600
2016-02-16,21.887065887451172,21.934626564470896,21.42731094835216,21.520167014559718,196231600
2016-02-17,22.222261428833008,22.242643839068037,21.776094684885276,21.893863753585592,179452800
2016-02-18,21.801008224487305,22.396651175658235,21.762505235441324,22.38532646219024,156084000
2016-02-19,21.751182556152344,21.914248756098978,21.696827732139703,21.74212313083212,141496800
2016-02-22,21.94143295288086,21.94596353107467,21.724011853129117,21.8123391209061,137123200
2016-02-23,21.445436477661133,21.855365579643816,21.413729349767934,21.832717877992803,127770400
2016-02-24,21.7647762298584,21.828190494923877,21.13516070112382,21.284638664128842,145022800
2016-02-25,21.914249420166016,21.914249420166016,21.572263447576336,21.753448503653868,110330800
2016-02-26,21.948225021362305,22.19961677451011,21.87348604528401,22.013902842621285,115964400
2016-02-29,21.89839744567871,22.24717758078485,21.889338019426862,21.9368987113174,140865200
2016-03-01,22.76807403564453,22.822428847114264,22.06371986268928,22.11581111428282,201628400
2016-03-02,22.817907333374023,22.84961446091474,22.566513873652035,22.763552504434063,132678400
2016-03-03,22.987768173217773,23.035328865537434,22.74996298371058,22.779406551271965,147822800
2016-03-04,23.32975196838379,23.497347019940484,22.958324163361524,23.18480461656577,184220400
2016-03-07,23.071563720703125,23.288984742123198,22.865465684869566,23.18933279267324,143315600
2016-03-08,22.88132095336914,23.046652452021572,22.73863888339616,22.824700837488127,126247600
2016-03-09,22.90170669555664,23.005887508716018,22.70919690576823,22.944736811658146,108806800
2016-03-10,22.913028717041016,23.155362750632587,22.68201939810401,22.96738527389231,134054400
2016-03-11,23.159894943237305,23.164423792669737,22.987769290352173,23.155364365895892,109632800
2016-03-14,23.218780517578125,23.307109503844107,23.051185428376535,23.080628999768237,100304400
2016-03-15,23.685333251953125,23.82122121869058,23.52000171168457,23.54491470717585,160270800
2016-03-16,24.000131607055664,24.077134124384102,23.68758750566512,23.692118081924775,153214000
2016-03-17,23.961633682250977,24.11337517779888,23.771389194773242,23.89821770115253,137682800
2016-03-18,23.988811492919922,24.120170583094062,23.823481713829104,24.08393287770441,176820800
2016-03-21,23.98655128479004,24.38062688248228,23.81216032706883,23.991080134642278,142010800
2016-03-22,24.169992446899414,24.299086226519456,23.828006504151766,23.837065928955983,129777600
2016-03-23,24.03636360168457,24.249255725050606,23.984274078674762,24.115633121939265,102814000
2016-03-24,23.93218994140625,24.063549023716174,23.755535457979903,23.88689454028983,104532000
2016-03-28,23.823482513427734,24.049962995987833,23.79403894483319,24.00693115137055,77645600
2016-03-29,24.38741683959961,24.412329829288048,23.75327083865382,23.755536127146087,124760400
2016-03-30,24.813201904296875,25.007975263716304,24.595780841484046,24.607105557135252,182404400
2016-03-31,24.684106826782227,24.890204891270198,24.659193835956014,24.849438336091747,103553600
2016-04-01,24.91058921813965,24.91285450690936,24.505188923814494,24.636548025912735,103496000
2016-04-04,25.166513442993164,25.408847505611973,24.974003638259468,25.007976058383598,149424800
2016-04-05,24.869815826416016,25.078179138251425,24.781488595666413,24.801872733174786,106314800
2016-04-06,25.130273818969727,25.134804396192514,24.73166769090215,24.964944036425578,105616400
2016-04-07,24.582181930541992,25.007964445030883,24.48706058069473,24.901518384431597,127207600
2016-04-08,24.60936737060547,24.8607590890533,24.498390702204215,24.665987485047786,94326800
2016-04-11,24.690898895263672,25.051003723810304,24.647868783004864,24.67957590905189,117630000
2016-04-12,25.012500762939453,25.02608903663491,24.609365849493436,24.76337089246503,108929200
2016-04-13,25.3748779296875,25.442821049642244,25.094042565807523,25.094042565807523,133029200
2016-04-14,25.38845443725586,25.454133965630948,25.21406527619049,25.279744804565578,101895600
2016-04-15,24.878875732421875,25.43375384145752,24.85169918576304,25.390722005369543,187756000
2016-04-18,24.342119216918945,24.675044022744533,24.21981956812419,24.66145574884801,243286000
2016-04-19,24.213027954101562,24.459890837790415,24.059021164895416,24.43271255925679,129539600
2016-04-20,24.26285171508789,24.48027275522926,24.02051768543887,24.15187677049579,122444000
2016-04-21,24.000131607055664,24.21755261398772,23.898214376116265,24.21755261398772,126210000
2016-04-22,23.9344539642334,24.115639014935994,23.694385240774857,23.78271247781748,134732400
2016-04-25,23.798568725585938,23.927662527208124,23.66947492396375,23.78044987288941,112126400
2016-04-26,23.633241653442383,23.848399181793788,23.53359140072951,23.53359140072951,224064800
2016-04-27,22.154319763183594,22.35588724558825,21.669651689996126,21.74212537212017,458408400
2016-04-28,21.477140426635742,22.167904728247734,21.345781357430408,22.106755770050007,328970800
2016-04-29,21.230281829833984,21.452233482661203,20.951711779266073,21.28690195548378,274126000
2016-05-02,21.20762825012207,21.307280196590593,20.926792988511885,21.282367209973465,192640400
2016-05-03,21.556407928466797,21.683236419465825,21.216687275083462,21.334456341309902,227325200
2016-05-04,21.332199096679688,21.719480548846576,21.248400688655266,21.560943160252464,164102000
2016-05-05,21.24561309814453,21.43473684522037,21.118012371649755,21.418786754408522,143562000
2016-05-06,21.127119064331055,21.293455415162843,20.92888080536488,21.275227988494596,174799600
2016-05-09,21.143068313598633,21.366369492712273,21.09749540265691,21.19091856626584,131745600
2016-05-10,21.28662872314453,21.3208079872408,20.98813340945825,21.26612220774452,134747200
2016-05-11,21.079273223876953,21.320803627490353,21.06787955869815,21.300297116283584,114876400
2016-05-12,20.58481216430664,21.140789516231006,20.386575648952064,21.127118511980022,305258800
2016-05-13,20.625831604003906,20.88787025509507,20.507345483894703,20.507345483894703,177571200
2016-05-16,21.391435623168945,21.507644380987752,20.88331023500105,21.051925670953594,245039200
2016-05-17,21.30257225036621,21.57828188250692,21.19320072507569,21.54410436737179,187667600
2016-05-18,21.546384811401367,21.694493772549624,21.393719427055466,21.455242440014104,168249600
2016-05-19,21.46435546875,21.564614164242855,21.320804668009217,21.564614164242855,121768400
2016-05-20,21.696765899658203,21.74461615082954,21.537263323991663,21.56460706970189,128104000
2016-05-23,21.972484588623047,22.14565823969425,21.799310937551844,21.844883865954507,152074400
2016-05-24,22.307435989379883,22.350728093988742,22.065903839115222,22.152491525191518,140560800
2016-05-25,22.69934844970703,22.726690458361976,22.355280353892073,22.482881030092024,152675200
2016-05-26,22.87935447692871,22.952269387628544,22.476042518972935,22.71301641335453,225324800
2016-05-27,22.86568832397461,22.893032075275944,22.615043354880893,22.658337193167394,145364800
2016-05-31,22.75404167175293,22.877085966361317,22.51706766788819,22.694797736179392,169228800
2016-06-01,22.435033798217773,22.6811223398301,22.405412705375742,22.56263449160384,116693200
2016-06-02,22.266420364379883,22.29376237919357,22.01805271977049,22.239076611136976,160766400
2016-06-03,22.311986923217773,22.391737347275814,22.204892751584605,22.282365833833033,114019600
2016-06-06,22.473773956298828,23.21659615184701,22.227687104041692,22.327944066654076,93170000
2016-06-07,22.564922332763672,22.756325185582504,22.548972239897914,22.615051692750264,89638000
2016-06-08,22.544403076171875,22.685674750744663,22.485159162535258,22.562630501697267,83392400
2016-06-09,22.70618438720703,22.783655731119804,22.4350312066546,22.444145789190607,106405600
2016-06-10,22.519344329833984,22.637830449824023,22.43959388960711,22.450985816251396,126851600
2016-06-13,22.17983055114746,22.58542169569288,22.125144788343775,22.487442095687204,152082000
2016-06-14,22.207181930541992,22.43959954455035,22.045401928617956,22.175281746412164,127727600
2016-06-15,22.13426399230957,22.423646430179,22.109199316953024,22.28920846795485,117780800
2016-06-16,22.227678298950195,22.27324946950096,21.89044572621689,21.977031645634828,125307200
2016-06-17,21.72183609008789,22.022610415685328,21.715000586528955,22.015774912126393,244032800
2016-06-20,21.66943359375,22.004387267208006,21.65348350160579,21.874507448768135,137647600
2016-06-21,21.85399055480957,21.95424748420919,21.573722796302224,21.632966712603476,142185600
2016-06-22,21.771970748901367,22.077301571930082,21.72639781666824,21.931471665643294,116876400
2016-06-23,21.89728546142578,21.940579298719243,21.70360534149718,21.86082886562265,128960800
2016-06-24,21.282066345214844,21.569169649500544,21.111171810973445,21.17041573627061,301245600
2016-06-27,20.9721736907959,21.20231210907493,20.849129439590143,21.190918446796537,181958400
2016-06-28,21.32535743713379,21.341309261800948,20.994962048588413,21.16813565519468,161779600
2016-06-29,21.509931564331055,21.544110828145115,21.33447882135269,21.411951935226526,146124000
2016-06-30,21.78335952758789,21.82209521056146,21.48714333384785,21.519043512582478,143345600
2016-07-01,21.84943389892578,21.9815927449947,21.721833213578662,21.758289807208286,104106000
2016-07-05,21.644359588623047,21.737782758376927,21.5235944089345,21.735503678072735,110820800
2016-07-06,21.767406463623047,21.79702929584953,21.503090484737402,21.555497169027284,123796400
2016-07-07,21.86083221435547,21.988432926856422,21.787917273150736,21.806144704629926,100558400
2016-07-08,22.02944564819336,22.07729591094634,21.88589485993442,21.986151808280546,115648400
2016-07-11,22.097808837890625,22.250474242578218,22.04084397896873,22.04540040277349,95179600
2016-07-12,22.198060989379883,22.261861339375837,22.12970421656814,22.141096142822185,96670000
2016-07-13,22.072742462158203,22.25502895362166,22.065905219332965,22.195786756571472,103568800
2016-07-14,22.51022720336914,22.555798381658345,22.175273653813534,22.19122374005766,155676000
2016-07-15,22.507938385009766,22.626426178785135,22.444138067636075,22.53983854369661,120548000
2016-07-18,22.747203826904297,22.81556060236729,22.46693600606127,22.48972159788227,145975600
2016-07-19,22.756317138671875,22.78593823253969,22.63555020575895,22.685679548019195,95119600
2016-07-20,22.776824951171875,22.890754648849864,22.726695606044885,22.78593953559762,105104000
2016-07-21,22.65606117248535,23.01380037612155,22.587702654214247,22.747205284037047,130808000
2016-07-22,22.480606079101562,22.62643593553281,22.40085390956624,22.617321352202232,113254800
2016-07-25,22.17983055114746,22.52161961092135,22.084130031633748,22.387183415189565,161531600
2016-07-26,22.02716636657715,22.32338426293091,21.970201520234436,22.061345622068604,224959200
2016-07-27,23.45812225341797,23.777125730081984,23.41255107322129,23.758896562631676,369379200
2016-07-28,23.774845123291016,23.79990979231886,23.42849965611466,23.430778736506912,159479200
2016-07-29,23.74522590637207,23.822698999963638,23.62446071248406,23.740669483656855,110934800
2016-08-01,24.164487838745117,24.1872734289597,23.7907985962529,23.7907985962529,152671600
2016-08-02,23.806747436523438,24.16904299572096,23.697374175420425,24.164486573288297,135266400
2016-08-03,24.105243682861328,24.116635608645094,23.872826144980184,23.88194072866465,120810400
2016-08-04,24.254152297973633,24.283933851774712,24.118986096899697,24.187714910713066,109634800
2016-08-05,24.62299919128418,24.66194471273675,24.32517659087174,24.345794191224247,162213600
2016-08-08,24.826889038085938,24.826889038085938,24.549685824604097,24.63215796233773,112148800
2016-08-09,24.927696228027344,24.957479541138486,24.744422233725988,24.79482315020914,105260800
2016-08-10,24.74212646484375,24.948311201620122,24.68714445098562,24.904782827232136,96034000
2016-08-11,24.72608757019043,24.95518131150681,24.70775965140195,24.861252038600757,109938000
2016-08-12,24.78335952758789,24.84292438617509,24.691721686956768,24.691721686956768,74641600
2016-08-15,25.08118438720703,25.094929452823862,24.760452789323715,24.77419785494055,103472800
2016-08-16,25.058273315429688,25.2530043978627,25.019327798081715,25.115546751946088,135177600
2016-08-17,25.02161979675293,25.055984209017407,24.820016176986197,24.994127917372026,101424000
2016-08-18,24.989545822143555,25.108673799051683,24.975799009073988,25.023910233047655,87938800
2016-08-19,25.053693771362305,25.129295131759978,24.824600011015427,24.91852754387737,101472400
2016-08-22,24.858964920043945,24.994129402375847,24.707762196235322,24.93914738819395,103280800
2016-08-23,24.93685531616211,25.044529662541454,24.863545383200147,24.87729044942843,85030800
2016-08-24,24.74900245666504,24.913950269136905,24.668819977782032,24.872713316018938,94700400
2016-08-25,24.64361572265625,24.71463422902995,24.439722415840986,24.602378775893236,100344800
2016-08-26,24.499286651611328,24.730670085075193,24.354956467736542,24.60696099582057,111065200
2016-08-29,24.47178840637207,24.613827126359638,24.350369027794624,24.425970366554758,99881200
2016-08-30,24.283937454223633,24.398484329007708,24.16939057943956,24.238119403448643,99455600
2016-08-31,24.30685043334961,24.414524792816344,24.201467501148326,24.206050355679228,118649600
2016-09-01,24.4511775970459,24.46721409021607,24.196883385456967,24.316011370743013,106806000
2016-09-02,24.680265426635742,24.742119957477087,24.471789317657468,24.673391147345598,107210000
2016-09-06,24.67339324951172,24.810850881486054,24.629866630709817,24.719213042785295,107521600
2016-09-07,24.82459831237793,24.916236159815647,24.529067172010745,24.70317890735775,169457200
2016-09-08,24.173973083496094,24.574887168427484,24.109827109562545,24.570306062223672,212008000
2016-09-09,23.626434326171875,24.21978796010266,23.626434326171875,23.972366327084888,186228000
2016-09-12,24.15564727783203,24.219793252740153,23.488983578936768,23.516475460117416,181171200
2016-09-13,24.730669021606445,24.923108675881988,24.568012672740075,24.629868962554077,248704800
2016-09-14,25.605806350708008,25.894464950249958,24.879579620064657,24.909362924653756,443554800
2016-09-15,26.476360321044922,26.513016154062843,25.999844978889882,26.08461028185908,359934400
2016-09-16,26.327455520629883,26.604658771448115,26.12585363308392,26.373275323149475,319547600
2016-09-19,26.020465850830078,26.616109189599428,25.944864501673187,26.389306889975177,188092000
2016-09-20,26.01817512512207,26.144177377111497,25.775336328029503,25.89904715329736,138057200
2016-09-21,26.013593673706055,26.114393726111114,25.759299494232636,26.082320743821352,144012800
2016-09-22,26.25872230529785,26.33203222435925,26.116683572433615,26.196866023306033,124296000
2016-09-23,25.821155548095703,26.297670952729277,25.555407715257417,26.212905638646035,209924800
2016-09-26,25.860105514526367,25.976943832886214,25.555412112457752,25.57602971389645,119477600
2016-09-27,25.9082088470459,25.928828191435294,25.73638855113548,25.887591250502936,98429600
2016-09-28,26.105234146118164,26.263309405238047,25.986106155894436,26.04567102492967,118564400
2016-09-29,25.699729919433594,26.0708623222027,25.6126749474564,25.924242502111575,143548000
2016-09-30,25.899051666259766,25.972361603506254,25.612684450789608,25.76388543167753,145516400
2016-10-03,25.777626037597656,25.899047184134982,25.722644031139744,25.821154406127008,86807200
2016-10-04,25.887590408325195,26.187702622774587,25.80282510254227,25.901335472240014,118947200
2016-10-05,25.899051666259766,26.038799007236946,25.816577768376618,25.979234137022054,85812400
2016-10-06,26.09149169921875,26.194583205959084,25.91737992878135,26.04796331964767,115117200
2016-10-07,26.130435943603516,26.244982833411136,26.004435413523233,26.187709388507326,97433600
2016-10-10,26.58632469177246,26.746689583283207,26.28162965005582,26.350356711626326,144944000
2016-10-11,26.643604278564453,27.19113821057531,26.620693504896412,26.96433413575745,256164000
2016-10-12,26.881860733032227,27.02848234621631,26.746696254737,26.884152160009997,150347200
2016-10-13,26.799386978149414,26.904769890789296,26.510728370924866,26.75585860742008,140769600
2016-10-14,26.94829559326172,27.072006420704078,26.833748725020254,27.00556902738245,142608800
2016-10-17,26.92996597290039,26.99640160986492,26.753562839612247,26.879565077675206,94499600
2016-10-18,26.911649703979492,27.08117863123338,26.90706684905945,27.07430609670035,98214000
2016-10-19,26.831466674804688,26.97808656801288,26.07087532334455,26.861248239790196,80138400
2016-10-20,26.817710876464844,26.891020798516205,26.650473436088184,26.77189283062515,96503200
2016-10-21,26.712329864501953,26.783350112783413,26.639019937258844,26.76043934039463,92770800
2016-10-24,26.952878952026367,26.973496549729994,26.803967670951774,26.826876695460204,94154800
2016-10-25,27.090335845947266,27.115536298189827,26.874987162364132,27.021607022040897,192516000
2016-10-26,26.480941772460938,26.50614222102865,25.95860838005083,26.187702095869042,264536800
2016-10-27,26.226652145385742,26.542800877615743,26.139595405493818,26.435126540073536,138248000
2016-10-28,26.052539825439453,26.39388900121319,25.990683538191657,26.08690423526084,151446800
2016-10-31,26.011308670043945,26.169383941681954,25.93341587392997,26.036509126329623,105677600
2016-11-01,25.541662216186523,26.063995697126007,25.32173242146709,25.99297719249639,175303200
2016-11-02,25.564565658569336,25.738677363470607,25.48209353292795,25.52103904322871,113326800
2016-11-03,25.290544509887695,25.66588382884695,25.226069216502793,25.555355256421397,107730400
2016-11-04,25.06258201599121,25.387263508213586,24.89448592624151,24.99119888939781,123348000
2016-11-07,25.424108505249023,25.447135151133345,25.2053509772968,25.348118992692342,130240000
2016-11-08,25.57378387451172,25.72576290730673,25.26061655555887,25.40108138641951,97016800
2016-11-09,25.53232765197754,25.633646977193415,24.88066512492281,25.302057735992395,236705600
2016-11-10,24.8208065032959,25.580696540818312,24.36947745970068,25.580696540818312,228538000
2016-11-11,24.968170166015625,25.069489503833324,24.53526330257498,24.6665171007387,136575600
2016-11-14,24.341833114624023,24.82539959689381,23.96649377621111,24.802372956180022,204702000
2016-11-15,24.66421127319336,24.79546505732826,24.445455551908545,24.539865305567652,129058000
2016-11-16,25.327388763427734,25.382654810784636,24.54677385191776,24.569800493239743,235362000
2016-11-17,25.318187713623047,25.41029607195893,25.060286418467552,25.28595005172861,110528000
2016-11-18,25.3435115814209,25.454041936730885,25.25140500161971,25.265220637225806,113715600
2016-11-21,25.728065490722656,25.787934420268233,25.332000846304773,25.357330684505023,117058400
2016-11-22,25.744184494018555,25.886950757404758,25.65207615055681,25.778723585598748,103862000
2016-11-23,25.612926483154297,25.677401785977857,25.405683183492684,25.64286094323088,109705600
2016-11-25,25.74187469482422,25.76029671015207,25.548447047521943,25.589895703599566,45903600
2016-11-28,25.691221237182617,25.89846456763348,25.649772571092445,25.658983580981428,108776000
2016-11-29,25.665889739990234,25.7971435479873,25.345814633526857,25.50930609564107,114115200
2016-11-30,25.449432373046875,25.836285933053308,25.39186488945556,25.69812432379819,144649200
2016-12-01,25.212263107299805,25.546155678597984,25.10633911265993,25.414901842107188,148347600
2016-12-02,25.306665420532227,25.350415512183364,25.064881293576455,25.138567600211147,106112000
2016-12-05,25.124757766723633,25.33660572760053,24.926725442523757,25.32969790926202,137298000
2016-12-06,25.318187713623047,25.41259926404305,25.143183765287763,25.214566908508186,104782000
2016-12-07,25.56687355041504,25.6037175875377,25.136269846671315,25.159296491462786,119994800
2016-12-08,25.817869186401367,25.889252313584898,25.467857854722514,25.527728537713447,108273200
2016-12-09,26.239255905151367,26.41195834004307,25.861613388067113,25.861613388067113,137610400
2016-12-12,26.089582443237305,26.481040601576062,25.903062614797264,26.087279252144945,105497600
2016-12-13,26.52480125427246,26.69289736660036,26.19321189968939,26.213935355940514,174935200
2016-12-14,26.52480125427246,26.75737268403137,26.476444766199204,26.490260403699953,136127200
2016-12-15,26.669870376586914,26.87941691237197,26.53401192471621,26.568551018025296,186098000
2016-12-16,26.704408645629883,26.826451448381032,26.630722325658223,26.819543630386885,177404400
2016-12-19,26.858688354492188,27.02908763527047,26.653748227886037,26.66526242876879,111117600
2016-12-20,26.930070877075195,27.05672005666432,26.867898761435306,26.881714396728537,85700000
2016-12-21,26.955392837524414,27.03368551389237,26.89091754923307,26.89552393086522,95132800
2016-12-22,26.778095245361328,26.82875492027494,26.628419412249425,26.791910881493962,104343600
2016-12-23,26.831050872802734,26.831050872802734,26.616899772401222,26.616899772401222,56998000
2016-12-27,27.001455307006836,27.125801293026985,26.82414645854798,26.831054276079044,73187600
2016-12-28,26.88632583618164,27.176464772827636,26.75737344085162,27.06132977220982,83623600
2016-12-29,26.879411697387695,26.966913644828455,26.803422193209514,26.814934636472096,60158000
2016-12-30,26.669870376586914,26.987642332774787,26.580065220342068,26.86099489139338,122345200
2017-01-03,26.7458553314209,26.787303993139343,26.425780238025247,26.665261199418453,115127600
2017-01-04,26.715923309326172,26.828756868671924,26.6537511853937,26.67677783289385,84472400
2017-01-05,26.85178565979004,26.909353161546413,26.66756895144134,26.692898792759802,88774400
2017-01-06,27.15113639831543,27.20870389800808,26.819547037903153,26.890930175339424,127007600
2017-01-09,27.399816513061523,27.501135837175077,27.15803415799966,27.160335592224044,134247600
2017-01-10,27.427457809448242,27.489629931843083,27.240939685443166,27.349165101699334,97848400
2017-01-11,27.574831008911133,27.616279676942654,27.310020171866448,27.342257829577566,110354400
2017-01-12,27.459693908691406,27.471208109913796,27.22021292919338,27.379099770596024,108344800
2017-01-13,27.41133689880371,27.54489390040559,27.358374033747648,27.427455726112875,104447600
2017-01-17,27.632396697998047,27.687660999484315,27.222516428069017,27.250147700401918,137759200
2017-01-18,27.630090713500977,27.747528879506493,27.565615408814118,27.632393904902735,94852000
2017-01-19,27.581737518310547,27.653120648879817,27.48732774144349,27.494235559650775,102389200
2017-01-20,27.632396697998047,27.736017482887355,27.570224578428558,27.736017482887355,130391600
2017-01-23,27.650819778442383,27.818915880985873,27.57943488959548,27.63239775829992,88200800
2017-01-24,27.6254825592041,27.65541701632256,27.51725541580804,27.528769614525945,92844000
2017-01-25,28.065298080444336,28.11595774549386,27.69686654847525,27.729104197721288,129510400
2017-01-26,28.079124450683594,28.19425945104648,28.000831736890078,28.016950566668054,105350400
2017-01-27,28.0814208984375,28.173529233733234,28.00082676386137,28.125172752987556,82251600
2017-01-30,28.007732391357422,28.007732391357422,27.784372023519055,27.8465441348101,121510000
2017-01-31,27.943260192871094,27.952471202385627,27.77516410048706,27.89720690211886,196804000
2017-02-01,29.647260665893555,30.047931706017216,29.246591382590463,29.2511960093045,447940000
2017-02-02,29.596599578857422,29.794631897723733,29.423897097763813,29.469952146814403,134841600
2017-02-03,29.723255157470703,29.74858500068868,29.511407156757485,29.54594625494485,98029200
2017-02-06,30.00187873840332,30.050236987604062,29.681803557778334,29.734768191103335,107383600
2017-02-07,30.28740882873535,30.416359449564307,30.038716839861973,30.059440293857865,152735200
2017-02-08,30.404850006103516,30.446300434222355,30.21603042852631,30.24596665363206,92016400
2017-02-09,30.62455177307129,30.63148954064726,30.323902238905653,30.446474171247278,113399600
2017-02-10,30.555166244506836,30.744807941745723,30.538979298745115,30.63380014736456,80262000
2017-02-13,30.82575225830078,30.948327712231414,30.700868920481543,30.777187888155584,92141600
2017-02-14,31.225854873657227,31.24204182379985,30.816508889442268,30.867388210819275,132904800
2017-02-15,31.33916664123535,31.514932810960097,31.133337991590007,31.341481582757584,142492400
2017-02-16,31.302175521850586,31.429370303188215,31.184226393800735,31.376179565781097,90338400
2017-02-17,31.387741088867188,31.413180748801448,31.244355839533174,31.244355839533174,88792800
2017-02-21,31.61436653137207,31.625930648718445,31.44785312242911,31.50567018028783,98028800
2017-02-22,31.70918846130371,31.711499873304497,31.47792022178691,31.55192422341818,83347600
2017-02-23,31.575050354003906,31.794754461123883,31.52185965054546,31.771629756037754,83152800
2017-02-24,31.605131149291992,31.605131149291992,31.28597972137464,31.43167990001077,87106400
2017-02-27,31.667560577392578,31.785509646346615,31.517237622650356,31.716128463821924,81029600
2017-02-28,31.68145751953125,31.785527587623662,31.614387711313,31.702270827374626,93931600
2017-03-01,32.32899856567383,32.412255306318166,31.82252388303502,31.889590146585466,145658400
2017-03-02,32.13704299926758,32.44231530580074,32.090786518358094,32.37756046717631,104844000
2017-03-03,32.326683044433594,32.33824716533462,32.05147319981067,32.095414741910034,84432400
2017-03-06,32.22492980957031,32.324377031281756,32.053793495595706,32.23186757749497,87000000
2017-03-07,32.26655960083008,32.37294106045336,32.097731172803236,32.160174612332,69785200
2017-03-08,32.14630126953125,32.331316658871906,32.104674659588994,32.13473714603339,74828800
2017-03-09,32.07228469848633,32.097724351489845,31.695319786182953,32.08616376011247,88623600
2017-03-10,32.17866516113281,32.229544460019554,32.063031032549056,32.20410481057618,78451200
2017-03-13,32.19255447387695,32.24574520771233,32.10467489816524,32.11161266654051,69686800
2017-03-14,32.143978118896484,32.29661249515814,32.109285761070936,32.215670717979364,61236400
2017-03-15,32.48394775390625,32.551014009818594,32.15323224191797,32.24111532727662,102767200
2017-03-16,32.53714370727539,32.61346268385059,32.43769648487442,32.54408147524815,76928000
2017-03-17,32.375247955322266,32.608827648937776,32.35211971565288,32.608827648937776,175540000
2017-03-20,32.715213775634766,32.72446295450743,32.43075123884514,32.47006642458355,86168000
2017-03-21,32.34056091308594,33.02511669068808,32.31512125681653,32.86554098580492,158119600
2017-03-22,32.70596694946289,32.747597084061425,32.322060673038834,32.342877504775444,103440800
2017-03-23,32.59033203125,32.74296997312818,32.51863941490938,32.66896241505103,81385200
2017-03-24,32.52558135986328,32.779977962334236,32.45851508950733,32.72447228664738,89582400
2017-03-27,32.58107376098633,32.65970412284992,32.05840523229322,32.23648278146844,94300400
2017-03-28,33.25637435913086,33.311876479489214,32.52093950452232,32.58800927178649,133499200
2017-03-29,33.33038330078125,33.41595496380093,33.11530549478005,33.228624693216595,116760000
2017-03-30,33.28645324707031,33.41827790567941,33.187009546470556,33.34658527894468,84829200
2017-03-31,33.224002838134766,33.365076633853526,33.073676334799764,33.23787837068514,78646800
2017-04-03,33.2332649230957,33.330397217543855,33.082941890256386,33.23557986533578,79942800
2017-04-04,33.480709075927734,33.50846013961856,33.11067842530555,33.12918031072404,79565600
2017-04-05,33.30726623535156,33.64029319877768,33.25869833282079,33.35351919607748,110871600
2017-04-06,33.224002838134766,33.42289370539606,33.17543494533447,33.36969945878765,84596000
2017-04-07,33.14999771118164,33.34426223880752,33.13381076498328,33.240192208213244,66688800
2017-04-10,33.11067581176758,33.27487782634953,33.04823239451827,33.21012299693304,75733600
2017-04-11,32.75453186035156,33.152313635689204,32.391438919949145,33.05749278170043,121517600
2017-04-12,32.79385757446289,32.87479939158076,32.611153574835186,32.74760460341332,81400000
2017-04-13,32.62039566040039,32.92798293455409,32.62039566040039,32.81928654711352,71291600
2017-04-17,32.80078125,32.81234537001245,32.57876214393246,32.71983593878682,66328400
2017-04-18,32.65509033203125,32.849354899207185,32.6342770274499,32.70365823826272,58790000
2017-04-19,32.53482437133789,32.840100236409285,32.4816336477722,32.81234916826621,69313600
2017-04-20,32.941864013671875,33.05287183249187,32.64584081090193,32.659716347145064,93278400
2017-04-21,32.90254211425781,32.99735943555886,32.805409851471275,32.94185730189468,69283600
2017-04-24,33.2193717956543,33.29106438962832,33.112986846326926,33.18699438131527,68537200
2017-04-25,33.42521667480469,33.510784841033605,33.27257870622726,33.281831417042675,75486000
2017-04-26,33.22863006591797,33.44140002279601,33.15925239397346,33.41133401237041,80164800
2017-04-27,33.25406265258789,33.339634311252254,33.14305487220087,33.28412865662189,56985200
2017-04-28,33.2216911315918,33.3720176495641,33.13381157392462,33.32344975203475,83441600
2017-05-01,33.899314880371094,34.042700126921005,33.52466128577298,33.55703871334473,134411600
2017-05-02,34.114383697509766,34.248519727248016,33.95943436890024,34.12132146380019,181408800
2017-05-03,34.01031494140625,34.10976214339748,33.36507795023889,33.670350265013234,182788000
2017-05-04,33.88773727416992,34.028811051504846,33.721223847516455,33.88542586200407,93487600
2017-05-05,34.449729919433594,34.45435274496605,33.94093680090705,33.94093680090705,109310800
2017-05-08,35.386375427246094,35.5459511825163,34.46592821419008,34.46592821419008,195009600
2017-05-09,35.613014221191406,35.81884291000075,35.488127336953184,35.5852596197635,156521600
2017-05-10,35.444175720214844,35.601439987394336,35.178218606779424,35.52974738440952,103222800
2017-05-11,35.75071716308594,35.778586322509284,35.36987172307813,35.40238278953829,109020400
2017-05-12,36.250003814697266,36.32431331590771,35.917923154502766,35.92488955950871,130108000
2017-05-15,36.1571159362793,36.37772705040875,36.00617242225423,36.229104490458674,104038800
2017-05-16,36.103694915771484,36.24070557774728,35.92952773898997,36.21283996336312,80194000
2017-05-17,34.8914909362793,35.89469557120535,34.76609212863367,35.66943907336613,203070800
2017-05-18,35.42327880859375,35.60905783309512,35.09584721998728,35.128358283517,134272800
2017-05-19,35.544036865234375,35.757681510174486,35.44418271807944,35.61834989483456,107843200
2017-05-22,35.760005950927734,35.897016612667926,35.509204791580785,35.76232690430899,91865600
2017-05-23,35.71588897705078,35.97133208567546,35.60209846050506,35.97133208567546,79675600
2017-05-24,35.60906219482422,35.80180764630263,35.45347326148539,35.725173656429966,76712000
2017-05-25,35.73213577270508,35.843605313747204,35.537069391041626,35.69962470909451,76942400
2017-05-26,35.6717643737793,35.8180659533947,35.602096786179544,35.762331174626766,87710400
2017-05-30,35.685691833496094,35.862179957978796,35.606736899657,35.62763610977203,80507600
2017-05-31,35.474365234375,35.801800339704464,35.38612295110314,35.755356473228765,97804800
2017-06-01,35.57191467285156,35.60675024620759,35.34898259451556,35.56959371867109,65616400
2017-06-02,36.09905242919922,36.09905242919922,35.50456231726266,35.66479670000693,111082800
2017-06-05,35.74606704711914,35.86682393968477,35.636925550951005,35.841279280554346,101326800
2017-06-06,35.866817474365234,36.18264068330224,35.711228594413534,35.73909420173641,106499600
2017-06-07,36.080474853515625,36.2221309800143,35.87379659125762,35.999198955536784,84278400
2017-06-08,35.99223327636719,36.1199530533986,35.8552190543476,36.05260996266278,85003200
2017-06-09,34.59656524658203,36.03867095620318,33.909187474788965,36.03867095620318,259530800
2017-06-12,33.76985168457031,33.92544059310496,33.094082235331136,33.8441647090024,289229200
2017-06-13,34.04154968261719,34.2412614926706,33.70714818267288,34.17391841944506,136661600
2017-06-14,33.70949172973633,34.252892702523205,33.40295566707186,34.252892702523205,126124800
2017-06-15,33.507450103759766,33.55157303411702,33.02442945416785,33.28219708738648,128661600
2017-06-16,33.038352966308594,33.55620904100653,33.02209566246163,33.389008269576124,201444400
2017-06-19,33.98350143432617,34.07639272886052,33.3611457064286,33.3611457064286,130165600
2017-06-20,33.674644470214844,34.10657924464875,33.658390708347625,34.10657924464875,99600400
2017-06-21,33.874359130859375,33.9208065536216,33.58175950203796,33.79308322790719,85063200
2017-06-22,33.81862258911133,34.06709925340334,33.70018664045973,33.851133653881504,76425200
2017-06-23,33.96956253051758,34.17391979838276,33.69786218670951,33.70250763646279,141757600
2017-06-26,33.86274719238281,34.43401357939867,33.760568542753184,34.17624600181138,102769600
2017-06-27,33.37739181518555,33.94169522684023,33.35184715797583,33.67463680265872,99047600
2017-06-28,33.865055084228516,33.93007719192478,33.24502056505684,33.55387734833366,88329600
2017-06-29,33.36577606201172,33.702502015890076,33.040665502299426,33.60496884797639,125997600
2017-06-30,33.444740295410156,33.66303037038063,33.38900552836239,33.544594433334126,92096400
2017-07-03,33.32398986816406,33.741991843491185,33.2311021151761,33.64445863982163,57111200
2017-07-05,33.46099853515625,33.623553864846315,33.14285427965996,33.36811078774491,86278400
2017-07-06,33.14517593383789,33.32398857199731,33.070866443025984,33.2125225640592,96515200
2017-07-07,33.48189926147461,33.61426802813637,33.18465420418292,33.18465420418292,76806800
2017-07-10,33.68625259399414,33.89293082888166,33.29379533435106,33.46564155235199,84362400
2017-07-11,33.79539489746094,33.869707918712685,33.52834000714723,33.609615887771454,79127200
2017-07-12,33.84416580200195,33.94634089873578,33.63052116502008,33.874352368642334,99538000
2017-07-13,34.31557846069336,34.482779229905475,33.77449868580418,33.788431492665154,100797600
2017-07-14,34.61050033569336,34.677846962729916,34.21340115093702,34.36202366897313,80528400
2017-07-17,34.731266021728516,35.042443943894426,34.50136755455637,34.559423295711554,95174000
2017-07-18,34.85200500488281,34.863616855821384,34.52456994298791,34.64764776737007,71475200
2017-07-19,35.070289611816406,35.16317731805271,34.82180950530406,34.944887310614654,83692000
2017-07-20,34.912391662597656,35.23750586474434,34.877559643250706,35.1817710903488,68974800
2017-07-21,34.89613342285156,34.93561088752508,34.573343759048086,34.83111129945517,105010400
2017-07-24,35.31877899169922,35.40005842173057,34.81021028841995,34.968123698453404,85972800
2017-07-25,35.4697265625,35.72516962312926,35.25143647237522,35.25143647237522,75415600
2017-07-26,35.63693618774414,35.74607771648847,35.544044879798534,35.61139152098924,63124000
2017-07-27,34.96349334716797,35.7600200577533,34.206447663720716,35.704285263653965,129905200
2017-07-28,34.71732711791992,34.8868488601785,34.64533857847206,34.80789391648992,68854800
2017-07-31,34.53850555419922,34.91006355379913,34.39917396192902,34.81020587973777,79383600
2017-08-01,34.845062255859375,34.88453974109633,34.46421667325609,34.62445111203316,141474400
2017-08-02,36.49150085449219,37.09760267371583,36.26392343901686,36.98845764372018,279747200
2017-08-03,36.12690734863281,36.50775264793376,35.99918408349913,36.47059614472412,108389200
2017-08-04,36.31734085083008,36.55188471492229,36.154785522081,36.243031362019245,82239600
2017-08-07,36.87932205200195,36.904866715420106,36.38236513559111,36.47293193435718,87481200
2017-08-08,37.174232482910156,37.58062245105715,36.75390971137699,36.83054367344028,144823600
2017-08-09,37.40182113647461,37.450589506452154,36.94898717285623,36.983819191811335,104526000
2017-08-10,36.21050262451172,37.301571894907305,36.04963902653811,37.278256989530945,163217200
2017-08-11,36.714080810546875,36.96820053959595,36.38536332524164,36.50892453009627,105028400
2017-08-14,37.2666015625,37.350530238108185,37.010151843320834,37.143040395265025,88490800
2017-08-15,37.674591064453125,37.81446983217427,37.33421263735661,37.45544374859917,117862000
2017-08-16,37.52304458618164,37.88673429761588,37.33653603849995,37.75384931414014,110686400
2017-08-17,36.80267333984375,37.46710918957584,36.79800964605219,37.42281299194622,111762400
2017-08-18,36.71873474121094,37.185004388718376,36.53688986327145,36.80266342005648,109712400
2017-08-21,36.651123046875,36.80965300150056,36.161538549628425,36.718730572852444,105474000
2017-08-22,37.25028610229492,37.301576053957554,36.83997004634937,36.88892637280111,86418400
2017-08-23,37.29690170288086,37.41113902754948,37.04045557520558,37.0847517532884,77596400
2017-08-24,37.131378173828125,37.47408659209715,36.96352084417168,37.401811820626165,79275600
2017-08-25,37.26893997192383,37.43213366731331,37.131391254192394,37.21998008462911,101920400
2017-08-28,37.644283294677734,37.76784447658678,37.285253645188696,37.33421352733916,103864000
2017-08-29,37.97999572753906,38.028952049357265,37.301572523502614,37.324887429271875,118067600
2017-08-30,38.08257293701172,38.20846417016917,37.91005189560232,38.18748289086875,109078400
2017-08-31,38.23411178588867,38.355342892488736,38.1128806792886,38.15018310552788,107140400
2017-09-01,38.24576950073242,38.45325935674631,38.14785329919999,38.42062062290216,66364400
2017-09-05,37.78649139404297,38.292393517744884,37.432125477758476,38.175826109776104,117874000
2017-09-06,37.74685287475586,37.99863886264556,37.42279567464267,37.933361409195015,86606800
2017-09-07,37.59532928466797,37.82380402724919,37.385509316634376,37.7888316610063,87714000
2017-09-08,36.98218536376953,37.56968267165352,36.95887045395499,37.5020751249606,114446000
2017-09-11,37.651275634765625,37.779500504745165,37.27592841029202,37.41814080111383,126323200
2017-09-12,37.5020751953125,38.224794712649675,37.01482417253426,37.91006121634185,286856000
2017-09-13,37.219974517822266,37.29224930394388,36.81432218671921,37.27126446546717,179629600
2017-09-14,36.90058517456055,37.16169507812137,36.856288982201704,37.066112489582196,95042800
2017-09-15,37.273590087890625,37.52770614652858,36.83529555933749,36.944869191475775,196458400
2017-09-18,36.99150085449219,37.4181379949622,36.835300954542234,37.32721555895089,113077600
2017-09-19,37.00550079345703,37.247963075761696,36.93789323931518,37.18734572650744,83242400
2017-09-20,36.38535690307617,36.895919224555115,35.86313357054111,36.81199053820761,211805600
2017-09-21,35.760555267333984,36.322411121667834,35.61134910242329,36.322411121667834,150046800
2017-09-22,35.41084671020508,35.499439077763675,35.10077698110493,35.329248102469,186581600
2017-09-25,35.09844970703125,35.39686200772558,34.774392432494984,34.96789477014689,177549200
2017-09-26,35.7022705078125,35.88411540480355,35.36422568942429,35.38520697199507,146640000
2017-09-27,35.956382751464844,36.070620095370714,35.79551915443488,35.85613648511578,102016800
2017-09-28,35.73490524291992,35.96804006499396,35.59968661923437,35.877117626679286,88022000
2017-09-29,35.930747985839844,35.93308161143979,35.4365031590803,35.718597940254405,105199200
2017-10-02,35.85847091674805,36.00767707931691,35.60435478254342,35.9633808883838,74795200
2017-10-03,36.014671325683594,36.15688372921722,35.88178630844872,35.905097659484454,64921200
2017-10-04,35.78152847290039,35.87012083615752,35.54373353577037,35.81650082766994,80655200
2017-10-05,36.22682189941406,36.23847935264511,35.9144220740115,35.9447271835859,85135200
2017-10-06,36.20583724975586,36.25013343349978,36.03331620710981,36.12890233441458,69630400
2017-10-09,36.33172607421875,36.53921590218833,36.25013102931436,36.32473231486565,65051600
2017-10-10,36.34571838378906,36.83530294716818,36.15921336664957,36.38302081015903,62468000
2017-10-11,36.49725341796875,36.59749967379712,36.31074486769104,36.36203480795128,67622400
2017-10-12,36.36902618408203,36.688419698755474,36.30607879655033,36.45062478115478,64500400
2017-10-13,36.5998420715332,36.66744961407022,36.464623429103604,36.53922473268391,65576800
2017-10-16,37.273590087890625,37.30156512337973,36.75369696268831,36.81198065819359,96486000
2017-10-17,37.41115188598633,37.504404408582516,37.122063374168995,37.25028826075554,75989200
2017-10-18,37.24562072753906,37.467101671243675,37.20832185675938,37.39949057557953,65496800
2017-10-19,36.36436462402344,36.620814323552636,36.140557211120395,36.54387941369388,170336800
2017-10-20,36.42732238769531,36.77702468261719,36.35971484258026,36.51125108077079,95896400
2017-10-23,36.408668518066406,36.76303448048517,36.25246859793545,36.576525891982904,87937200
2017-10-24,36.625484466552734,36.70008576487536,36.415660977975,36.43664225962618,71028800
2017-10-25,36.46462631225586,36.73039992498163,36.198852699530086,36.58119374866814,84828400
2017-10-26,36.697757720947266,36.795673931407954,36.55088162657848,36.65579159797525,68002000
2017-10-27,38.01264572143555,38.14087062643933,36.998507495099346,37.136056230759664,177816800
2017-10-30,38.868255615234375,39.18298919206604,38.168850828814406,38.20848333982873,178803200
2017-10-31,39.40911102294922,39.551323414881345,38.9195300028712,39.143337452805355,144187200
2017-11-01,38.90787124633789,39.618933182180236,38.609458951518015,39.60261203671337,134551200
2017-11-02,39.19231414794922,39.28323663049705,38.53254185362245,38.8402816760039,165573600
2017-11-03,40.215755462646484,40.62607145512483,39.894028280591726,40.5654576840608,237594400
2017-11-06,40.623748779296875,40.79626985390001,40.033917876444164,40.1854541103544,140105200
2017-11-07,40.75430679321289,40.856886707046606,40.47221558752603,40.54448682935728,97446000
2017-11-08,41.08768081665039,41.08768081665039,40.64239246904859,40.7193273843951,97638000
2017-11-09,41.00376510620117,41.05505506598256,40.36497423451421,40.82425024696634,117930400
2017-11-10,40.86804962158203,41.0341719661069,40.77446188137926,40.97099827789114,100582000
2017-11-13,40.70426940917969,40.828274771872465,40.57090313035342,40.59430185054368,67928400
2017-11-14,40.08892059326172,40.58962251595852,40.05148406797848,40.48667385650138,99130000
2017-11-15,39.56013488769531,39.85026254347845,39.396354586101126,39.76837060760995,116632400
2017-11-16,40.032772064208984,40.21292866021531,39.84559299536479,40.05148675796399,94550000
2017-11-17,39.810489654541016,40.10061735144364,39.6911647543555,40.01872540396868,87598000
2017-11-20,39.77073287963867,39.90643765945024,39.67246463980511,39.84326394450547,65049600
2017-11-21,40.51007080078125,40.641095063383005,39.95789457257142,39.95789457257142,100525200
2017-11-22,40.93589782714844,40.94525517175338,40.48900875672528,40.56153978037809,102355600
2017-11-24,40.9382438659668,41.06224923331061,40.86337081466449,40.96866148932631,56106800
2017-11-27,40.73234176635742,40.96397622523732,40.55686208936625,40.956957323769124,82867200
2017-11-28,40.49369812011719,40.91484655268083,40.210589294086674,40.78148383440733,105715200
2017-11-29,39.653717041015625,40.458584204519816,39.11090189339286,40.390733649870334,166665600
2017-11-30,40.208251953125,40.276102536188226,39.41040335529264,39.876007230103156,166108800
2017-12-01,40.02107238769531,40.16613446908838,39.424440672392954,39.763700723794294,159037200
2017-12-04,39.72860336303711,40.3884051547969,39.68882839422034,40.355649088115825,130169600
2017-12-05,39.691162109375,40.131032298237315,39.40103443180621,39.55545740068039,109400800
2017-12-06,39.543766021728516,39.82219439660401,38.9471378700168,39.19046816116915,114240000
2017-12-07,39.61630630493164,39.87835489755641,39.520376527222815,39.54845214210567,102693200
2017-12-08,39.627994537353516,40.00937156075876,39.49931228026131,39.8900466501275,93420800
2017-12-11,40.400108337402344,40.45158267136319,39.49229216043162,39.58822192555354,141095200
2017-12-12,40.173152923583984,40.33459482276244,40.11700170310015,40.27844003213489,77636800
2017-12-13,40.306522369384766,40.60366545476763,40.24334867124888,40.36033514994437,95273600
2017-12-14,40.29481506347656,40.507731269561084,40.16144879038737,40.33692847383528,81906000
2017-12-15,40.70426940917969,40.751063279416755,40.35097158322487,40.62471947276233,160677200
2017-12-18,41.27750778198242,41.46000639901297,40.912510547921336,40.91719100660374,117684400
2017-12-19,40.8376350402832,41.03651346570218,40.732347932179394,40.952283065190386,109745600
2017-12-20,40.793182373046875,41.0435315553513,40.53581071820715,40.914845727931436,93902400
2017-12-21,40.947601318359375,41.18391626326869,40.73468866472213,40.75106491339718,83799600
2017-12-22,40.947601318359375,41.043531076785065,40.82827640894882,40.870389822807745,65397600
2017-12-26,39.90876007080078,40.11933425698644,39.70052075826751,39.96257283924499,132742000
2017-12-27,39.91578674316406,39.957900160542586,39.70755096023451,39.79880026803186,85992800
2017-12-28,40.02808380126953,40.208243932293136,39.88769863447187,40.0093655410203,65920800
2017-12-29,39.595245361328125,39.913448748540425,39.59290691684177,39.89707249684745,103999600
2018-01-02,40.3041877746582,40.31354869395776,39.60226877326652,39.81284661577082,102223600
2018-01-03,40.29713821411133,40.839956875906395,40.23396812254703,40.367330774880266,118071600
2018-01-04,40.484336853027344,40.587285516147695,40.262063277732224,40.369688829071734,89738400
2018-01-05,40.94526290893555,41.031831750925626,40.48901640769327,40.58026570794173,94640000
2018-01-08,40.793182373046875,41.08798698392758,40.694910599276334,40.793182373046875,82271200
2018-01-09,40.78850555419922,40.959304811209066,40.57325086464644,40.839979889760095,86336000
2018-01-10,40.779144287109375,40.78148630152458,40.47732074949381,40.51475727869783,95839600
2018-01-11,41.010780334472656,41.05991622716522,40.825943266073914,40.84933842009661,74670800
2018-01-12,41.43427276611328,41.49744646821115,41.09735111511696,41.22135650469974,101672400
2018-01-16,41.22368240356445,41.97239490744549,41.211983045506045,41.62377403010491,118263600
2018-01-17,41.9045524597168,41.939646970546875,40.961641853884466,41.21432947214807,137547200
2018-01-18,41.94198226928711,42.138522225627405,41.705670917084234,41.967719432013624,124773600
2018-01-19,41.75479507446289,42.01684351581224,41.50912287562675,41.789889572807084,129700400
2018-01-22,41.413204193115234,41.59570277343954,41.319616459154176,41.48339677865763,108434400
2018-01-23,41.422569274902344,41.984106493976,41.371098510710866,41.48340452646805,130756400
2018-01-24,40.76276397705078,41.48340102680674,40.52411058982438,41.47170166632772,204420400
2018-01-25,40.03510284423828,40.93355791852135,39.89939813455858,40.83060927185792,166116000
2018-01-26,40.12868881225586,40.243336812846245,39.78942883803662,40.243336812846245,156572000
2018-01-29,39.29810333251953,39.81284317502581,39.08986752290882,39.81284317502581,202561600
2018-01-30,39.06645202636719,39.16003975023138,38.53533258957372,38.72953050822759,184192800
2018-01-31,39.1740837097168,39.41039864035675,38.95649061096402,39.04305944765361,129915600
2018-02-01,39.255977630615234,39.452514033583086,39.01732424407224,39.11325400152449,188923200
2018-02-02,37.55265426635742,39.026684400187065,37.45906652490365,38.839505347136026,346375200
2018-02-05,36.61442565917969,38.3434854954354,36.499777636480054,37.22509515859577,290954000
2018-02-06,38.14459991455078,38.30604177963437,36.03182500659377,36.22602293342309,272975200
2018-02-07,37.32803726196289,38.231172856032934,37.218073276522176,38.15864182365693,206434400
2018-02-08,36.3009033203125,37.669646564534894,36.272827707555216,37.50352419205152,217562000
2018-02-09,36.74491500854492,37.0926057952475,35.295416555680326,36.8999676132487,282690400
2018-02-12,38.22494125366211,38.5021531573578,37.003319024356685,37.235897847142596,243278000
2018-02-13,38.60788345336914,38.70420433662891,37.975929558630334,38.04640834113016,130196800
2018-02-14,39.3197021484375,39.359639279128274,38.26488298242506,38.302468550622955,162579600
2018-02-15,40.6400032043457,40.66349374207075,39.702643640911546,39.888234303148494,204588800
2018-02-16,40.508445739746094,41.0699245010743,40.35339670210545,40.49200271994035,160704400
2018-02-20,40.37218475341797,40.938355795703735,40.271164333497524,40.419169411304395,135722000
2018-02-21,40.18893814086914,40.90546216900995,40.17483951865487,40.6024081083395,149886400
2018-02-22,40.52488327026367,40.86552649965354,40.33929262849657,40.360435185527116,123967600
2018-02-23,41.22966766357422,41.26490526188542,40.76920939900944,40.79975104067896,135249600
2018-02-26,42.04486083984375,42.1435296918628,41.39646399027595,41.42935360761563,152648800
2018-02-27,41.908607482910156,42.39960381939235,41.854575302288154,42.07540715096048,155712400
2018-02-28,41.84516906738281,42.43248618806671,41.82872605204726,42.1129855310267,151128400
2018-03-01,41.11219787597656,42.235147908327306,40.562469918991304,41.943837330028686,195208000
2018-03-02,41.3964729309082,41.41761549275726,40.51314544352325,40.595371296980964,153816000
2018-03-05,41.53976821899414,41.75590049541586,40.9994357355902,41.16153583908132,113605600
2018-03-06,41.50453186035156,41.87571676450101,41.37767292119403,41.79584248485739,95154000
2018-03-07,41.119239807128906,41.31188151451228,40.94069671967741,41.098097254279125,126814000
2018-03-08,41.567962646484375,41.610247764152966,41.12865052877318,41.22496782502932,95096400
2018-03-09,42.282142639160156,42.286842180896265,41.673682825885265,41.807592880114115,128740800
2018-03-12,42.69091796875,42.84831856679929,42.336179628492644,42.35497062657902,128828400
2018-03-13,42.27979278564453,43.10908442263921,42.108297159232286,42.89530009187744,126774000
2018-03-14,41.920345306396484,42.40899355680424,41.77234025219969,42.36200890641291,117473600
2018-03-15,41.96966552734375,42.34320181157061,41.83341115689892,41.93442794614215,90975200
2018-03-16,41.821685791015625,42.08010321814218,41.72771288457882,41.96968729351634,157618800
2018-03-19,41.182674407958984,41.69246520374782,40.79739454647945,41.65722761279198,133787200
2018-03-20,41.1685791015625,41.53506438389557,41.098100335414074,41.1685791015625,78597600
2018-03-21,40.23591995239258,41.13333859622522,40.23356838983998,41.1215915375593,148219600
2018-03-22,39.667396545410156,40.56716314673629,39.60866483810851,39.937560965118145,165963200
2018-03-23,38.74884033203125,39.91877519588673,38.74884033203125,39.55933735467391,164115200
2018-03-26,40.588314056396484,40.6658403493108,39.10122662256602,39.48415854628537,150164800
2018-03-27,39.54758834838867,41.14743975601389,39.213992623887194,40.802096971098365,163690400
2018-03-28,39.110626220703125,39.94226938848122,38.80757212089568,39.291520923138435,166674000
2018-03-29,39.41602325439453,40.34868305635966,39.209286496871094,39.42307077251929,153594000
2018-04-02,39.15760803222656,39.68854503990623,38.638421669404664,39.1482125349196,150347200
2018-04-03,39.55933380126953,39.64390761423454,38.734741813385234,39.38313865631738,121112000
2018-04-04,40.31578826904297,40.40975755511149,38.70888981826123,38.734731909634846,138422000
2018-04-05,40.59537124633789,40.931315010965584,40.42622358235605,40.543687038748985,107732800
2018-04-06,39.55698013305664,40.52017796942348,39.51469144030749,40.1654397524392,140021200
2018-04-09,39.94932556152344,40.66350185857179,39.902340891995344,39.90938841318953,116070800
2018-04-10,40.70107650756836,40.87727164396476,40.297002041323346,40.64234479543622,113634400
2018-04-11,40.51079177856445,40.858482557401416,40.336944596796116,40.46145555647489,89726400
2018-04-12,40.91015625,41.11219345838344,40.65173531438207,40.73866067528926,91557200
2018-04-13,41.048763275146484,41.309532195215816,40.842030106003335,41.06051033337822,100497200
2018-04-16,41.30483627319336,41.3917580517207,41.07225742493238,41.11924207319854,86313600
2018-04-17,41.87337112426758,42.03781923409848,41.44345447554541,41.46224905734036,106421600
2018-04-18,41.77937698364258,42.00960780510594,41.55384928611282,41.772329467138405,83018000
2018-04-19,40.59537124633789,41.20383109012524,40.56248162193588,40.82089907518021,139235200
2018-04-20,38.93208312988281,40.22418097949111,38.86395232674434,40.07852745991191,261964400
2018-04-23,38.8193244934082,39.21399998759656,38.54915639195049,39.1928574257008,146062000
2018-04-24,38.27897262573242,39.07537431895239,37.8748982507661,38.92032177362146,134768000
2018-04-25,38.44577407836914,38.8615955688351,38.1544671050226,38.20379973161242,113528400
2018-04-26,38.57967758178711,38.93441574273566,38.37998837722967,38.55618346900447,111852000
2018-04-27,38.133331298828125,38.605533017528785,37.736304314562105,38.52800672018398,142623200
2018-04-30,38.824012756347656,39.293866490425344,38.020563301238745,38.08869410011174,169709600
2018-05-01,39.72614288330078,39.74963342405332,38.826372365902685,39.09418890644335,214277600
2018-05-02,41.48103713989258,41.758249112359714,40.83028873791382,41.166232425025626,266157600
2018-05-03,41.55620574951172,41.69951125552429,40.980635747713265,41.31893094778877,136272800
2018-05-04,43.18661117553711,43.28528004044497,41.85692410066955,41.875718682275796,224805200
2018-05-07,43.499053955078125,44.08871902485771,43.40273309167816,43.50374991083004,169805600
2018-05-08,43.70813751220703,43.74807464321056,43.149010508759716,43.45911564553858,113611200
2018-05-09,44.01589584350586,44.0252913404696,43.51315251551119,43.82560566387086,92844800
2018-05-10,44.64548873901367,44.72301501533817,44.08401381475316,44.10515995171336,111957200
2018-05-11,44.475704193115234,44.82237867598851,44.20685496134849,44.6879558593665,104848800
2018-05-14,44.37193298339844,44.69738334833763,44.30354306537909,44.5747493038135,83115200
2018-05-15,43.96866226196289,44.11723805875026,43.65264721346762,44.04884454020393,94780800
2018-05-16,44.379005432128906,44.445041913162775,43.864891761356354,43.88140178124538,76732400
2018-05-17,44.098365783691406,44.55116421714171,43.949790004496656,44.33655555797642,69176000
2018-05-18,43.93799591064453,44.29174501015402,43.895547745993916,44.145529867217114,73190800
2018-05-21,44.24929428100586,44.6360597967801,44.07949443520042,44.33655123563415,73603200
2018-05-22,44.138458251953125,44.54409086890035,44.0488406556325,44.426174494172024,60962800
2018-05-23,44.42145538330078,44.45447182320738,43.808288815295995,43.94743286781569,80233600
2018-05-24,44.37193298339844,44.53465816586804,43.914420445273656,44.51815174366573,92936000
2018-05-25,44.47334671020508,44.72568591712509,44.254020350486186,44.39080379663419,69844000
2018-05-29,44.3129768371582,44.51343613465707,44.07006936758996,44.24222988370924,90056400
2018-05-30,44.21864700317383,44.336563395182296,44.04884711079983,44.27053050353937,74762000
2018-05-31,44.07006072998047,44.390793384002414,43.89790384612601,44.15260362418949,109931200
2018-06-01,44.86482620239258,44.869540266724215,44.27760132608851,44.334202484769676,93770000
2018-06-04,45.239803314208984,45.61477657652399,45.12660458565633,45.19499450955699,105064800
2018-06-05,45.58883285522461,45.73740865401023,45.36479244017438,45.532235292656786,86264000
2018-06-06,45.74683380126953,45.77041851462867,45.2610189336562,45.66429450155658,83734400
2018-06-07,45.624210357666016,45.79872430858135,45.360075201959646,45.78457491780687,85388800
2018-06-08,45.20914077758789,45.27989132749158,44.753985263930446,45.08414969878442,106627200
2018-06-11,45.09830093383789,45.27281848426944,44.85775409225702,45.126603314070564,73234000
2018-06-12,45.345916748046875,45.42374198027441,45.07942461331518,45.13602576362299,67644400
2018-06-13,44.97331237792969,45.487429731871785,44.91199714793704,45.378945065014086,86553600
2018-06-14,44.996883392333984,45.17847559309577,44.86009998383357,45.17375793114149,86440400
2018-06-15,44.534664154052734,44.8459651708129,44.39788070109959,44.81530575592877,246876800
2018-06-18,44.51107406616211,44.62427277739509,44.14788961977815,44.30825775933685,73939600
2018-06-19,43.79179382324219,43.94272667342258,43.26352704834932,43.662085061714585,134314000
2018-06-20,43.98280334472656,44.14788553301849,43.801211138344534,43.94742987527894,82514800
2018-06-21,43.73754119873047,44.419097668013194,43.614907167311685,44.15968021665077,102847600
2018-06-22,43.61020278930664,43.900276137993096,43.558319283229636,43.893201441575606,108801600
2018-06-25,42.96164321899414,43.610183154437664,42.6220435497621,43.251716437079224,126652400
2018-06-26,43.494632720947266,43.989882939520605,43.04890896364015,43.15503658085031,98276800
2018-06-27,43.43096160888672,44.166758662861064,43.400302198797014,43.683300788900816,101141200
2018-06-28,43.746978759765625,43.91442160952756,43.3460637711596,43.41681432174242,69460800
2018-06-29,43.655006408691406,44.145539026947496,43.136175008129875,43.933287364088685,90950800
2018-07-02,44.14316940307617,44.17147177813843,43.25643961910087,43.35077487177182,70925200
2018-07-03,43.374366760253906,44.32477262604797,43.28474914758595,44.28703851560642,55819200
2018-07-05,43.7233772277832,43.96157053652098,43.4592457789472,43.6903607966787,66416800
2018-07-06,44.329490661621094,44.43797173189767,43.67623281339386,43.728116316055825,69940800
2018-07-09,44.945011138916016,44.96859225753732,44.64314547179164,44.69031130755683,79026400
2018-07-10,44.89076614379883,45.110088877632826,44.85067140893668,44.97566607914282,63756400
2018-07-11,44.30826187133789,44.756342693838846,44.2445860160065,44.454477036854996,75326000
2018-07-12,45.051124572753906,45.14074215859507,44.64549200323947,44.69737548993469,72164400
2018-07-13,45.121883392333984,45.24215680710404,45.02047343207802,45.062925201040784,50055600
2018-07-16,45.0228385925293,45.43318534216058,44.90727923050014,45.16669673769916,60172400
2018-07-17,45.150184631347656,45.24923396629142,44.61956088081296,44.749269628425964,62138000
2018-07-18,44.902557373046875,45.23272540578134,44.79171568473517,45.22800774285761,65573600
2018-07-19,45.251590728759766,45.40959824469999,44.735116413293575,44.735116413293575,81147200
2018-07-20,45.1478271484375,45.38129929328812,44.84831851576083,45.228009428517055,82704800
2018-07-23,45.18791198730469,45.270454886685215,44.70445414490889,44.968585665291265,63957600
2018-07-24,45.51571273803711,45.67136318928386,45.29167238467854,45.38600402866482,74791600
2018-07-25,45.9449462890625,45.95202098494442,45.38130246130209,45.52987827186808,66839600
2018-07-26,45.80107879638672,46.213786098393896,45.65957771057542,45.89541045457952,76304000
2018-07-27,45.03934097290039,46.032198508380596,44.83181058429597,45.9850326745397,96096000
2018-07-30,44.786991119384766,45.32704644554842,44.5888925053046,45.25629591237076,84118000
2018-07-31,44.87660598754883,45.31289795197806,44.6525656268372,44.87896661776497,157492000
2018-08-01,47.520301818847656,47.58161704185553,46.53216196456808,46.96137932119036,271742800
2018-08-02,48.909358978271484,49.142834720583664,47.24909782850807,47.30333835907744,249616000
2018-08-03,49.05086135864258,49.22773594418698,48.45891877596613,48.82446030579577,133789600
2018-08-06,49.30555725097656,49.34800542082201,48.8338917272411,49.053214468487354,101701600
2018-08-07,48.843326568603516,49.40696676146404,48.760783657277955,49.364518588912105,102349600
2018-08-08,48.8763427734375,49.00840855209186,48.2325203032362,48.59334416224635,90102000
2018-08-09,49.26074981689453,49.472997869054055,48.86454889473496,49.41403967695169,93970400
2018-08-10,49.1140251159668,49.48558286476212,48.91049747261403,49.07379336928748,98444800
2018-08-13,49.43114471435547,49.92339766557186,49.15425310638555,49.53527563245895,103563600
2018-08-14,49.639400482177734,49.83109437109607,49.28677602737051,49.73643188137967,82992000
2018-08-15,49.75537872314453,49.87370867325662,49.3033574470419,49.513984613795685,115230400
2018-08-16,50.48427963256836,50.60024064494456,50.04645747690956,50.11272194430814,114001600
2018-08-17,51.492454528808594,51.5800175244301,50.446418345260085,50.51268281942928,141708000
2018-08-20,50.9907341003418,51.87110544133441,50.90790170638591,51.615515974972475,121150800
2018-08-21,50.89133071899414,51.40015154482209,50.65230557912929,51.30785435109778,104639200
2018-08-22,50.893699645996094,51.20372346063428,50.607339648826624,50.66887351875901,76072400
2018-08-23,50.99783706665039,51.36702588882089,50.78720992522527,50.79904002989907,75532800
2018-08-24,51.15639114379883,51.33151711174363,50.90789759315165,51.26052204968089,73905600
2018-08-27,51.57765197753906,51.766980593315445,51.19662944732842,51.39068866042055,82100400
2018-08-28,51.994163513183594,52.19295690212046,51.809569136150444,51.83086765400602,91107200
2018-08-29,52.77041244506836,52.89111127993572,51.92553865671049,52.10066463492159,109019200
2018-08-30,53.25556182861328,54.019972076612355,52.63314531345547,52.83430761557534,195175200
2018-08-31,53.870887756347656,54.164343686155206,53.48513100986998,53.605826244438276,173360400
2018-09-04,54.043643951416016,54.23770315227704,53.63422341854379,54.0554776662455,109560400
2018-09-05,53.691009521484375,54.35365770655821,53.272124261065116,54.19273077035824,133332000
2018-09-06,52.798805236816406,53.804609432771265,52.372816855124746,53.539547989084156,137160000
2018-09-07,52.372833251953125,53.33603710572654,52.233204786532895,52.50299691088014,150479200
2018-09-10,51.66994857788086,52.502992310884245,51.22976108607632,52.28999626644421,158066000
2018-09-11,52.97630310058594,53.08279929926548,51.251050959636466,51.59420698255603,142996000
2018-09-12,52.318389892578125,53.248461282972364,52.02729570420869,53.234262271079686,197114800
2018-09-13,53.5821533203125,54.041273971237196,52.673380433963544,52.89820655167568,166825600
2018-09-14,52.97393798828125,53.683917511891266,52.661548875687,53.425959151653856,127997200
2018-09-17,51.563438415527344,52.76330172457034,51.41907579298098,52.5739731622099,148780400
2018-09-18,51.648651123046875,52.50299339478895,51.3835896141256,51.54215129305673,126286800
2018-09-19,51.679412841796875,51.97523766891005,50.952868944201235,51.71017977938237,108495200
2018-09-20,52.072269439697266,52.60475413219068,51.864007604400776,52.12196959989954,106435200
2018-09-21,51.51138687133789,52.387027646018495,51.42382026606977,52.24976449154423,384986800
2018-09-24,52.25212860107422,52.36335902352826,51.267626333584346,51.31259228450954,110773600
2018-09-25,52.58345031738281,52.73254717183654,51.99416601700422,52.00599973120798,98217600
2018-09-26,52.1645622253418,52.95263993684514,52.008365862094074,52.30182536778894,95938800
2018-09-27,53.23663330078125,53.589257782363156,52.902942040808725,52.969210122012925,120724800
2018-09-28,53.4235954284668,53.44725924659931,53.016540200703474,53.198765683780366,91717600
2018-10-01,53.78331756591797,54.294503721470214,53.56795984146107,53.946613444314615,94403200
2018-10-02,54.26137924194336,54.43177465148295,53.634231978459695,53.780959954563045,99152800
2018-10-03,54.92165756225586,55.2529799345801,54.37970443970897,54.44360361549401,114619200
2018-10-04,53.95608901977539,54.98792627312138,53.657895250567,54.61636851661356,128168000
2018-10-05,53.080448150634766,54.05548940832971,52.2024419311627,53.94899317401648,134322000
2018-10-08,52.95736312866211,53.201122427655946,52.112485930508065,52.58817442770608,118655600
2018-10-09,53.691009521484375,53.78567561143326,52.59764236335491,52.92659935225034,107564000
2018-10-10,51.2037239074707,53.56795704512589,51.13035993373505,53.35732992876048,167962400
2018-10-11,50.751705169677734,51.946838159353845,50.247622134232415,50.76827309287209,212497600
2018-10-12,52.56452941894531,52.74675854920177,51.317330761268884,52.16457361864242,161351600
2018-10-15,51.44039535522461,52.498265383682615,51.419096831169504,52.339703686033346,123164000
2018-10-16,52.57398986816406,52.772786907940514,51.29839328438548,51.81194478059316,116736000
2018-10-17,52.3468017578125,52.68995787681102,51.90897951592736,52.609494380714914,91541600
2018-10-18,51.123268127441406,52.00364316715554,50.40855428097603,51.55872143859332,130325200
2018-10-19,51.90187072753906,52.363356709270114,51.456949057386716,51.606045917308556,132314800
2018-10-22,52.218997955322266,52.860347780678396,51.81431160695901,52.01547032624564,115168400
2018-10-23,52.71125030517578,52.83431444512656,50.81087189308462,51.07829869399411,155071200
2018-10-24,50.90317153930664,53.066242647781394,50.77300788610359,52.68048950792541,163702000
2018-10-25,52.0178337097168,52.39175669137161,51.296020473330685,51.523215509312536,119423200
2018-10-26,51.18953323364258,52.11014003080295,50.33045670583249,51.09486711409227,189033600
2018-10-29,50.22868728637695,51.99180242637242,48.77322705892924,51.87347250273323,183742000
2018-10-30,50.47954177856445,50.924459797370716,49.525802965453806,49.970720984260076,146640000
2018-10-31,51.795379638671875,52.17166796781139,51.265260226318844,51.32679410406147,153435600
2018-11-01,52.59054183959961,52.6236740676546,51.31021143557816,51.840330695600024,233292800
2018-11-02,49.1021842956543,50.562375125777734,48.61703088459364,49.59207191479913,365314800
2018-11-05,47.708255767822266,48.370904034951764,46.898879557030305,48.34960551625416,264654800
2018-11-06,48.22417449951172,48.449000615453585,47.73192162049639,47.786352370196695,127531600
2018-11-07,49.68673324584961,49.71276597298876,48.30937483931791,48.7448280831522,133697600
2018-11-08,49.51337432861328,49.90047339465784,49.100148077728555,49.86722555541948,101450400
2018-11-09,48.55868148803711,48.92440772185427,48.03146315999094,48.815166373876544,137463200
2018-11-12,46.112571716308594,47.46149160971139,46.02232604202068,47.259627429985954,204542000
2018-11-13,45.651859283447266,46.82741236651,45.46662079150977,45.509370087049234,187531600
2018-11-14,44.36231994628906,46.186207990732846,44.155704967567836,46.048465879499844,243204000
2018-11-15,45.457115173339844,45.59010651669054,44.38605290163745,44.739907715993084,185915200
2018-11-16,45.960594177246094,46.3025740679151,44.99402953711943,45.241013000523054,147713200
2018-11-19,44.139076232910156,45.28850573158445,43.93246490893677,45.122266527022944,167701200
2018-11-20,42.03019714355469,43.09650870762466,41.68109304931267,42.36030195645278,271300800
2018-11-21,41.982704162597656,42.81153021281317,41.92808348913567,42.68328595925916,124496800
2018-11-23,40.9163932800293,41.93995928124868,40.87127405903531,41.545732307356154,94496000
2018-11-26,41.46973419189453,41.548104874515914,40.434296833953724,41.37949212830179,179994000
2018-11-27,41.37948989868164,41.50535696963446,40.581538183046156,40.73115163840486,165549600
2018-11-28,42.97064971923828,43.05376751403634,41.543358788745984,41.9708336400061,184250000
2018-11-29,42.640533447265625,43.41236152494973,42.201183707394755,43.379113691168406,167080000
2018-11-30,42.410186767578125,42.825786644844754,42.042083294393294,42.816285189782384,158126000
2018-12-03,43.89209747314453,43.92059459018368,43.034774172698484,43.80660249828381,163210000
2018-12-04,41.96133804321289,43.31500545781259,41.861594509899575,42.973025558599346,165377200
2018-12-06,41.49348068237305,41.50772923732443,40.47229196719625,40.790521773585056,172393600
2018-12-07,40.01395034790039,41.438863958560475,39.96882750376399,41.2013783567838,169126400
2018-12-10,40.27756118774414,40.39392681826417,38.788525387961656,39.185125924591716,248104000
2018-12-11,40.04720687866211,40.79765878910287,39.66010410415537,40.766788118317066,189126800
2018-12-12,40.158817291259766,40.828524813618266,40.13981800799348,40.46754567904434,142510800
2018-12-13,40.59817886352539,40.982908153836966,40.26570033979353,40.48893747304669,127594400
2018-12-14,39.299110412597656,40.1540598989454,39.2516140241877,40.13506061883299,162814800
2018-12-17,38.933380126953125,39.98069223126717,38.64602102822434,39.29198198890727,177151600
2018-12-18,39.439231872558594,39.78595878885459,39.04025421520292,39.275366243130854,135366000
2018-12-19,38.20905685424805,39.76696176214106,37.78158206275483,39.42260837756745,196189200
2018-12-20,37.24486541748047,38.498789039513056,36.88151275562685,38.09268708722474,259092000
2018-12-21,35.79620361328125,37.560723512525044,35.53497162650569,37.25199150656966,382978400
2018-12-24,34.87001037597656,35.99094267515283,34.813012528584636,35.183489477275636,148676800
2018-12-26,37.32561492919922,37.339863486779244,34.843890893788085,35.219118612948485,234330000
2018-12-27,37.0833854675293,37.230629045274476,35.639475800480604,37.00976549052856,212468400
2018-12-28,37.102378845214844,37.64622296552479,36.70340472744858,37.403986609027776,169165600
2018-12-31,37.46097946166992,37.84570497009902,37.16174528956495,37.648591489285586,140014000
2019-01-02,37.503726959228516,37.724590460067255,36.6274044817337,36.784145853458895,148158800
2019-01-03,33.76807403564453,34.60639781423897,33.72295119720163,34.19317161474013,365248800
2019-01-04,35.20961380004883,35.278486653439785,34.15043005188284,34.32379352547417,234428400
2019-01-07,35.13124084472656,35.34498004544206,34.64914539714357,35.3141057597988,219111200
2019-01-08,35.80095672607422,36.055068075400506,35.27136481535477,35.51834826233486,164101200
2019-01-09,36.408912658691406,36.6986453479839,35.534967488442895,35.929190786032024,180396400
2019-01-10,36.52528381347656,36.56565592820539,35.82707561156554,36.21655182724987,143122800
2019-01-11,36.16667556762695,36.501531088310195,35.98143711442818,36.306794806835,108092800
2019-01-14,35.62285232543945,35.92446015644314,35.43761378324668,35.82471660478118,129756800
2019-01-15,36.351924896240234,36.42791840883774,35.634717322934954,35.68696444823326,114843600
2019-01-16,36.7960205078125,37.01925755806657,36.33529785069117,36.354297134089684,122278800
2019-01-17,37.01450729370117,37.441982116151216,36.397043258635236,36.620280311678194,119284800
2019-01-18,37.242496490478516,37.49423066668109,37.04300581658366,37.40398497191301,135004000
2019-01-22,36.40654373168945,37.22111761208294,36.24505163700586,37.14512410332922,121576000
2019-01-23,36.553775787353516,36.843508451155465,36.02655757117239,36.60839644975298,92522400
2019-01-24,36.2640495300293,36.68677359804413,36.036065388764655,36.59890508773824,101766000
2019-01-25,37.465736389160156,37.553608547440376,36.648788763312965,36.92426937466275,134142000
2019-01-28,37.118995666503906,37.12611994377185,36.492033900729126,36.99787570546437,104768400
2019-01-29,36.73427963256836,37.55360804703565,36.59891469261955,37.1071338529194,166348800
2019-01-30,39.244503021240234,39.4582386532504,38.05232406307242,38.76953172900132,244439200
2019-01-31,39.52710723876953,40.13506984718842,39.08063311282435,39.44873654918918,162958400
2019-02-01,39.54610061645508,40.13031312607623,39.405981367304726,39.65059485362112,130672400
2019-02-04,40.669410705566406,40.76678067534809,39.72659254412772,39.75746683302016,125982000
2019-02-05,41.36524963378906,41.57898889745914,40.93065407418794,41.051770453647194,144406400
2019-02-06,41.37948989868164,41.69534616359386,41.0493850783774,41.476856235107945,112958400
2019-02-07,40.595787048339844,41.30824381331951,40.45329424584691,40.94251397800082,126966800
2019-02-08,40.64350128173828,40.70312733127808,40.16887661725878,40.304825757066446,95280000
2019-02-11,40.409751892089844,40.83429258000177,40.366822896722226,40.79613104681893,83973600
2019-02-12,40.757972717285156,40.78420831850001,40.47415220576565,40.56955604622166,89134000
2019-02-13,40.588626861572266,41.137187031192965,40.52661710438461,40.877218430046,89960800
2019-02-14,40.73651123046875,40.84622110600096,40.39783576019398,40.47654256965909,87342800
2019-02-15,40.645870208740234,40.95115518004431,40.486072890892316,40.84382905782214,98507200
2019-02-19,40.767513275146484,40.8891527227653,40.424070350564264,40.47654155555973,75891200
2019-02-20,41.029869079589844,41.337541474435355,40.78182636217737,40.82952646483924,104457600
2019-02-21,40.79851531982422,41.11095514343004,40.61725349372424,40.9750096836761,68998800
2019-02-22,41.25406265258789,41.26121748586465,40.874841931781916,40.922542033388446,75652800
2019-02-25,41.5545768737793,41.94572353268566,41.487796003181955,41.53788347577221,87493600
2019-02-26,41.578433990478516,41.80978333541097,41.30176826921919,41.43056256396765,68280800
2019-02-27,41.707218170166016,41.738224873214264,41.19681945157351,41.31130406008195,111341600
2019-02-28,41.29698944091797,41.71675904686079,41.242134508972,41.5760424809069,112861600
2019-03-01,41.73106384277344,41.77399283512558,41.234974864095655,41.56649542685582,103544800
2019-03-04,41.940948486328125,42.3941048319121,41.4925596025787,41.902786955948635,109744800
2019-03-05,41.8646354675293,41.976732715355126,41.628515035862925,41.96242304785135,78949600
2019-03-06,41.623748779296875,41.85509811540578,41.48541592394316,41.65952294909317,83241600
2019-03-07,41.141963958740234,41.60466257047475,41.027482991072056,41.46871346445025,99185600
2019-03-08,41.239742279052734,41.27790380614396,40.42644247442823,40.622017571308106,95997600
2019-03-11,42.66839599609375,42.7208672064059,41.82170907547074,41.8550995148253,128044000
2019-03-12,43.14777755737305,43.567543462773116,42.780479205774704,42.93073795318164,129870400
2019-03-13,43.33858108520508,43.71780172616493,43.150160810497724,43.46737169635389,124130000
2019-03-14,43.820369720458984,43.908618737237624,43.54132028091361,43.86091499226116,94318000
2019-03-15,44.3903923034668,44.678983933208535,43.822754887497275,44.08749464595025,156171600
2019-03-18,44.84354782104492,44.93179318512388,44.31168098754593,44.3140683580027,104879200
2019-03-19,44.488182067871094,45.07490392114361,44.34269438014027,44.92226139953133,126585600
2019-03-20,44.876930236816406,45.19414111173891,44.05885931953551,44.416615452853335,124140800
2019-03-21,46.52976989746094,46.825516329115906,45.2704683808724,45.320555849510406,204136800
2019-03-22,45.56620407104492,47.149870977024335,45.50180695205783,46.58938494734348,169630800
2019-03-25,45.01527404785156,45.78802515555478,44.50487531846958,45.67592791524002,175381200
2019-03-26,44.550201416015625,46.00269487396198,44.02310913061367,45.7117194359638,199202000
2019-03-27,44.95087432861328,45.25854305952079,44.49294682904075,45.01765519484567,119393600
2019-03-28,45.010494232177734,45.210836803591036,44.72667376970035,45.065349156408665,83121600
2019-03-29,45.303863525390625,45.33487023011922,44.96757179333069,45.275244191354744,94256000
2019-04-01,45.61152648925781,45.716465238779,44.929404601308974,45.706926675834836,111448000
2019-04-02,46.274574279785156,46.379516683711444,45.56621669256709,45.57575525688568,91062800
2019-04-03,46.5917854309082,46.866063737526034,46.06707340893333,46.090925278762874,93087200
2019-04-04,46.67286682128906,46.83504785864529,46.06468065263587,46.458210952731875,76457200
2019-04-05,46.98530960083008,47.00916146750853,46.730108456649496,46.85413161266641,74106400
2019-04-08,47.72468948364258,47.755692553374644,46.82791140744859,46.84699217920645,103526800
2019-04-09,47.581573486328125,48.380563770007704,47.51717635283578,47.77714861794036,143072800
2019-04-10,47.84869384765625,47.87731681584689,47.26674323132718,47.38599528748367,86781200
2019-04-11,47.45039367675781,47.93932784783885,47.328757886390626,47.90355368575557,83603200
2019-04-12,47.43130874633789,47.7342099694247,46.796890612294,47.51001553529511,111042800
2019-04-15,47.51716995239258,47.66504496639306,47.22619466458724,47.36214374594973,70146400
2019-04-16,47.52194595336914,48.02757352365968,47.357377528133505,47.57203341989984,102785600
2019-04-17,48.44733810424805,48.5069641281486,47.36929857312662,47.591105635180504,115627200
2019-04-18,48.62145233154297,48.69061692830525,48.30185766916621,48.44495796431432,96783200
2019-04-22,48.781253814697266,48.87904139023964,48.258929140631615,48.37579748500796,77758000
2019-04-23,49.48483657836914,49.54923371338613,48.63099134409102,48.7573982436491,93292000
2019-04-24,49.408512115478516,49.723335647068595,49.38227651790569,49.456212209442604,70162400
2019-04-25,48.96012878417969,49.55161802291001,48.921967248962424,49.329810923117755,74172800
2019-04-26,48.72638702392578,48.89333916149856,48.20644620773211,48.869487296438024,74596400
2019-04-29,48.800323486328125,49.12468920417565,48.6214454133817,48.75023602461829,88818800
2019-04-30,47.860618591308594,48.51173378273669,47.4885527676354,48.43064325999435,186139600
2019-05-01,50.209896087646484,51.35232939695796,49.9022236875031,50.057253572929376,259309200
2019-05-02,49.88313293457031,50.717897315952065,49.63986136370917,50.047701352042424,127985200
2019-05-03,50.50325393676758,50.52471843691336,50.140726608516964,50.298140221488424,83569600
2019-05-06,49.723350524902344,49.809212175442106,48.53560072517309,48.724017426457166,129772400
2019-05-07,48.38294982910156,49.47052812168986,47.898786717614094,49.103233348565844,155054800
2019-05-08,48.39248275756836,48.97443337179271,48.11820448511399,48.15397864611798,105358000
2019-05-09,47.872554779052734,48.10151673222708,46.90422848199932,47.796231701804864,139634400
2019-05-10,47.20934295654297,47.60918188331269,46.15349214662306,47.26680569139999,164834800
2019-05-13,44.4655647277832,45.36579237166061,43.77842304776529,44.94201700800786,229722400
2019-05-14,45.16946792602539,45.418465818898284,44.39134448751161,44.63076708397739,146118800
2019-05-15,45.71055603027344,45.90927719917939,44.537386913882365,44.597242555602286,106178800
2019-05-16,45.50946044921875,46.081680470520816,45.21257503042482,45.46875903470102,132125600
2019-05-17,45.250877380371094,45.70577891917145,44.71456937030482,44.75527077928806,131516400
2019-05-20,43.83588409423828,44.137558916174555,43.163107155315394,43.93883771462418,154449200
2019-05-21,44.67626190185547,45.01145210514859,44.22135673647284,44.34585752053852,113459200
2019-05-22,43.76166915893555,44.4631793828225,43.70660297552515,44.2117848841149,118994400
2019-05-23,43.01466751098633,43.22535692609775,42.571734215795686,43.048186530660814,146118800
2019-05-24,42.849464416503906,43.608433644945144,42.76566504244201,43.143953201217286,94858800
2019-05-28,42.67228698730469,43.237324443115924,42.595673658588964,42.83748915813703,111792800
2019-05-29,42.468788146972656,42.94045102998245,42.13838374175984,42.238940810020374,113924800
2019-05-30,42.68905258178711,42.91171385804956,42.29879255396897,42.605253206009266,84873600
2019-05-31,41.91571807861328,42.61483166128946,41.89656383142089,42.19344552965514,108174400
2019-06-03,41.49193572998047,42.59806693078556,40.76648557188118,42.042608419661796,161584400
2019-06-04,43.00988006591797,43.055370949044665,41.78403739904803,42.00430577492002,123872000
2019-06-05,43.704200744628906,44.290789049992995,43.36901055867717,44.12079739285381,119093600
2019-06-06,44.345855712890625,44.4057113648459,43.61082655329625,43.8334914782854,90105200
2019-06-07,45.52621078491211,45.94998985503987,44.47754216929505,44.654712574082296,122737600
2019-06-10,46.10801315307617,46.776000721416004,45.87816580771754,45.92365669453953,104883600
2019-06-11,46.64191436767578,46.92682783549049,46.35221507841626,46.65388622788541,107731600
2019-06-12,46.49346923828125,46.91964111865078,46.30193045250542,46.436006506558954,73012800
2019-06-13,46.483890533447266,47.11596597251329,46.35221104250315,46.61557367768987,86698400
2019-06-14,46.14630889892578,46.34981589780569,45.56211722534373,45.86139544719531,75046000
2019-06-17,46.421634674072266,46.677818537395936,46.00982762596362,46.18460505174178,58676400
2019-06-18,47.51342010498047,47.95395686657399,46.73769312332653,46.93880725536278,106204000
2019-06-19,47.374549865722656,47.85579164174734,47.240473790931375,47.8079041979227,84496800
2019-06-20,47.75522994995117,48.03056445872031,47.41285375699523,47.9731017236882,86056000
2019-06-21,47.59242248535156,48.08802900374868,47.44158508352656,47.597211960109185,191202400
2019-06-24,47.5445442199707,47.92283239718668,47.446380069181274,47.53496526934287,72881600
2019-06-25,46.823883056640625,47.707349446417524,46.75684136270738,47.50862823550264,84281200
2019-06-26,47.83663558959961,48.12154906442843,47.25005095787499,47.350608010173595,104270000
2019-06-27,47.8222770690918,48.2604209170684,47.78157566069608,47.95395659195468,83598800
2019-06-28,47.38652038574219,47.764808530798014,47.17822389353572,47.568480245909996,124442400
2019-07-01,48.2556266784668,48.95952972038265,48.04014414238902,48.64349012878817,109012000
2019-07-02,48.53813552856445,48.633906746442946,48.21012778391434,48.22209964281145,67740800
2019-07-03,48.94037628173828,48.94755866772957,48.528569102842056,48.6698275650695,45448000
2019-07-05,48.89727783203125,49.100788508582276,48.57884532744974,48.68658842285855,69062000
2019-07-08,47.889312744140625,48.21971347045251,47.5038421856941,48.07845500360109,101354400
2019-07-09,48.181400299072266,48.24604176393507,47.59960154221708,47.69297620031747,82312000
2019-07-10,48.657859802246094,48.777571116582486,48.25802445075848,48.327459058921235,71588400
2019-07-11,48.303504943847656,48.9355804014419,48.29392964821228,48.67700357970353,80767200
2019-07-12,48.674617767333984,48.84221286513295,48.41125143272195,48.47110708574294,70380800
2019-07-15,49.13191604614258,49.28993219429551,48.84221307681378,48.863760235202925,67789600
2019-07-16,48.9619255065918,49.34739606869253,48.722502887977654,48.983472665475254,67467200
2019-07-17,48.686588287353516,49.103181282791674,48.66743404051857,48.854183380535474,56430000
2019-07-18,49.239662170410156,49.29233544470562,48.770392177586864,48.8422197019261,74162400
2019-07-19,48.5046272277832,49.440770539487346,48.449561048653315,49.2707788735222,83717200
2019-07-22,49.6131591796875,49.615552090872,48.74884331314436,48.758418611181895,89111600
2019-07-23,50.00101852416992,50.017779860965895,49.62991273666517,49.91004041383206,73420800
2019-07-24,49.96031188964844,50.07523371101221,49.60117800125017,49.720889297382925,59966400
2019-07-25,49.565269470214844,50.09678795373076,49.49583486785246,50.0129885793759,55638400
2019-07-26,49.73765182495117,50.214100456871776,49.59399680482801,49.67539961135831,70475600
2019-07-29,50.20213317871094,50.43198050122844,49.905251468195765,49.91004094351676,86693600
2019-07-30,49.986656188964844,50.31706058603145,49.634704632080684,49.981866713461145,135742800
2019-07-31,51.006591796875,53.00098259885539,50.58999878893159,51.81584139677293,277125600
2019-08-01,49.902854919433594,52.20131353212769,49.4982337605151,51.21249694274107,216071600
2019-08-02,48.84700012207031,49.42400581448253,48.274780251307064,49.20852693471187,163448400
2019-08-05,46.28997039794922,47.561303978461524,46.108010514374186,47.40328781920137,209572000
2019-08-06,47.166263580322266,47.42244757771809,46.457570905876665,47.001061361934276,143299200
2019-08-07,47.6546745300293,47.77917530974308,46.4048918709798,46.7855729428345,133457600
2019-08-08,48.70573043823242,48.72967415595045,47.73846488717742,47.93239657947891,108038000
2019-08-09,48.304386138916016,48.729771632927324,47.89581833034356,48.378888558753715,98478800
2019-08-12,48.181819915771484,48.5591433982837,47.86217750716622,47.97513398491319,89927600
2019-08-13,50.22224426269531,50.98409726275787,48.18182158394449,48.311603087933506,188874000
2019-08-14,48.727378845214844,49.61420571033035,48.688924793129885,48.82591597848995,146189600
2019-08-15,48.48463439941406,49.301762666206294,47.98714483073128,48.89800620511257,108909600
2019-08-16,49.62861633300781,49.787236519570556,48.98933158147647,49.0950783725183,110481600
2019-08-19,50.55390167236328,51.125890062869516,50.47699357474702,50.61878875414958,97654400
2019-08-20,50.556304931640625,51.27489985948379,50.546693252789694,50.68127875978292,107537200
2019-08-21,51.10425567626953,51.34698995795277,50.85431171958834,51.18837344081834,86141600
2019-08-22,51.06100845336914,51.536865440033296,50.65003855544533,51.236450027486164,89014800
2019-08-23,48.700927734375,50.96245512141073,48.30678298506462,50.33278212314745,187272000
2019-08-26,49.626216888427734,49.79444876140259,49.282539799826424,49.47480636916046,104174400
2019-08-27,49.06624221801758,50.1213008461803,48.91483169869876,49.955470975912974,103493200
2019-08-28,49.39548873901367,49.441152454824554,48.86435650196321,49.0518153700021,63755200
2019-08-29,50.231849670410156,50.306355759343454,49.667070999812736,50.109281524994124,83962000
2019-08-30,50.16696548461914,50.57793166287148,49.79685169001332,50.508236909621736,84573600
2019-09-03,49.43634033203125,49.74396530148532,49.08064964869603,49.61178183792797,80092000
2019-09-04,50.27511215209961,50.344806902391355,49.82569194490394,50.08284558735108,76752400
2019-09-05,51.2580680847168,51.42389794369397,50.83267892479877,50.950443061493466,95654800
2019-09-06,51.253265380859375,51.53205173117485,51.07301615444194,51.44312995297315,77449200
2019-09-09,51.47196578979492,52.017521111519436,50.72693789572652,51.63298798303403,109237600
2019-09-10,52.08000183105469,52.09922885258903,50.88074615868259,51.397459068892765,127111600
2019-09-11,53.73590087890625,53.76474325009253,52.32755338078154,52.40926915409926,177158400
2019-09-12,53.61573028564453,54.4160372602079,53.56045488514693,54.02670011962347,128906800
2019-09-13,52.57268524169922,53.062961469937115,52.156911432083696,52.8731005859375,159053200
2019-09-16,52.84907913208008,52.90435820963852,52.286702346893925,52.32755840388467,84632400
2019-09-17,53.04133605957031,53.07017842826459,52.661610598516674,52.86349251065767,73274800
2019-09-18,53.538822174072266,53.55804919622197,52.73851525459077,53.12785236837871,101360000
2019-09-19,53.10382080078125,53.77674823327691,52.962021972267294,53.356166754377384,88242400
2019-09-20,52.327552795410156,53.48835829201576,52.26506771503566,53.204767926646866,221652400
2019-09-23,52.56548309326172,52.83465410674232,52.3083257615272,52.620758497705765,76662000
2019-09-24,52.315528869628906,53.471530215080406,52.19776839960509,53.12064347326149,124763200
2019-09-25,53.120643615722656,53.233600080826086,52.1857511921416,52.5246205874519,87613600
2019-09-26,52.8466682434082,53.09901788679732,52.591916597251874,52.87310494256668,75334000
2019-09-27,52.589515686035156,53.10382666173709,52.21940189013441,53.002883868542426,101408000
2019-09-30,53.82722854614258,53.9738314040598,53.06296988230488,53.08940658347618,103909600
2019-10-01,53.97621536254883,54.848622542372695,53.88248593830833,54.09157747482856,139223200
2019-10-02,52.623165130615234,53.73349924871789,52.37561947318438,53.60852541852388,138449200
2019-10-03,53.07017135620117,53.103817725877704,51.70268021152755,52.49577373492866,114426000
2019-10-04,54.55782699584961,54.67318912519149,53.80799149102436,54.22857296123739,138478800
2019-10-07,54.569854736328125,55.25960730535331,54.2766490193029,54.37999382145774,122306000
2019-10-08,53.93056869506836,54.81018582649594,53.913747340365,54.27184380110814,111820000
2019-10-09,54.56263732910156,54.74528854203184,54.22857560601276,54.56263732910156,74770400
2019-10-10,55.29805374145508,55.38217150680817,54.62752828997779,54.77893513356194,113013600
2019-10-11,56.768890380859375,57.11256378651316,55.83159227355159,55.98540478852595,166795600
2019-10-14,56.687156677246094,57.230309813839156,56.39875876133727,56.45403414231833,96427600
2019-10-15,56.55499267578125,57.114963649042345,56.44924588810258,56.812146302927566,87360000
2019-10-16,56.32667541503906,56.53576699278494,56.04548708687691,56.08634313450599,73903200
2019-10-17,56.545387268066406,56.75447521042415,56.122403710198995,56.49972354107331,67585200
2019-10-18,56.816951751708984,57.098140062206895,56.307444855303956,56.37954526837045,97433600
2019-10-21,57.80232238769531,57.9176845365252,57.03566540148423,57.083731129906674,87247200
2019-10-22,57.67013931274414,58.20848130833189,57.58842354511688,57.95853733426326,82293600
2019-10-23,58.444007873535156,58.458430892193235,57.97295861174259,58.1844522125686,75828800
2019-10-24,58.54014205932617,58.83334775862676,58.11475286162288,58.763649338023576,69275200
2019-10-25,59.261131286621094,59.29717966007289,58.371902625409106,58.4391953673054,73477200
2019-10-28,59.85475540161133,59.90282112444377,59.294780746023385,59.46301260952673,96572800
2019-10-29,58.470428466796875,60.02297633510959,58.29739262954531,59.83551748317305,142839600
2019-10-30,58.46323013305664,58.953510046434744,57.97055188420088,58.82372855934893,124522000
2019-10-31,59.785057067871094,59.883594183478614,57.021235828674115,59.41975464010306,139162000
2019-11-01,61.4818000793457,61.50823310726698,59.881186358924026,59.97251012339732,151125200
2019-11-04,61.885562896728516,61.969680662683295,61.37605963006652,61.84470318148446,103272000
2019-11-05,61.796634674072266,62.051386280807854,61.601966131837685,61.7774039861912,79897600
2019-11-06,61.82306671142578,61.883149774964124,61.37364656965626,61.71011025859934,75864400
2019-11-07,62.53660202026367,62.75837481141287,62.21840915502444,62.370274265996805,94940400
2019-11-08,62.70774841308594,62.78006162131691,61.914679233049654,62.35821740841793,69986400
2019-11-11,63.204315185546875,63.269397069308496,62.259380964786935,62.26419939293928,81821200
2019-11-12,63.14645767211914,63.34653646560139,62.8957669917644,63.047624721518574,87388800
2019-11-13,63.75151062011719,63.82623672348499,62.93192901918101,62.94639166135674,102734400
2019-11-14,63.310386657714844,63.85034492735481,63.180215519005316,63.57795289999475,89182800
2019-11-15,64.06246185302734,64.06728028085237,63.39956388635737,63.5610658168469,100206400
2019-11-18,64.38548278808594,64.46502731928551,63.69365943729218,64.07210837908097,86703200
2019-11-19,64.1902084350586,64.60240830888569,63.97326152022207,64.57830146137563,76167200
2019-11-20,63.442928314208984,64.13956973045781,62.770386384540075,64.009406019974,106234400
2019-11-21,63.15851974487305,63.64062743076924,62.95844093565361,63.563488435494776,121395200
2019-11-22,63.10307693481445,63.44055085554972,62.876485725953685,63.29832996596771,65325200
2019-11-25,64.20948791503906,64.22636344351746,63.28142948162671,63.32723028385271,84020400
2019-11-26,63.708099365234375,64.39992246936977,63.276611081313426,64.34689034868465,105207600
2019-11-27,64.56385803222656,64.59760910005717,63.95399212630652,64.01907401320656,65235600
2019-11-29,64.42162322998047,64.60241356645375,64.09619915305304,64.26493974297915,46617600
2019-12-02,63.67677688598633,64.66268611017567,63.505630736496585,64.42645072231561,94487200
2019-12-03,62.541412353515625,62.560693421017824,61.779681450558876,62.266607486055904,114430400
2019-12-04,63.093421936035156,63.47187818362995,62.83790548569971,62.93192000275179,67181600
2019-12-05,64.01905822753906,64.09379166553936,63.33206085496577,63.58757726755583,74424400
2019-12-06,65.25569152832031,65.32559921087861,64.43369694330708,64.477092231049,106075600
2019-12-09,64.34208679199219,65.27736940401036,63.85756627540826,65.08452929679349,128042400
2019-12-10,64.71812438964844,65.10139903418028,64.08655727851827,64.74704966751833,90420400
2019-12-11,65.27014923095703,65.34970112214458,64.72295963208492,64.79768573812183,78756800
2019-12-12,65.43645477294922,65.70161539296117,64.43849598392988,64.54937865907041,137310400
2019-12-13,66.3259506225586,66.36210722075081,65.30870330727501,65.43646152513958,133587600
2019-12-16,67.46129608154297,67.68548165037699,66.76706749035561,66.77188591685557,128186000
2019-12-17,67.59390258789062,67.9217322522176,67.20580211215017,67.39141826173947,114158400
2019-12-18,67.4323959350586,67.95307308973534,67.28294373773436,67.44685857632358,116028400
2019-12-19,67.49990844726562,67.77953184581898,67.24198637269039,67.3745630712442,98369200
2019-12-20,67.36007690429688,68.13385757058333,67.14794837558046,68.03261909048223,275978000
2019-12-23,68.45929718017578,68.5195606460034,67.58427047933793,67.62283998023321,98572000
2019-12-24,68.52436065673828,68.67382019117778,68.19894391383995,68.6256064889227,48478800
2019-12-26,69.88390350341797,69.90077903385306,68.62801534674483,68.65694062384628,93121200
2019-12-27,69.8573989868164,70.86259672343512,69.45243030638008,70.17559181703608,146266000
2019-12-30,70.27202606201172,70.55406234489179,68.753389525712,69.77545564632612,144114400
2019-12-31,70.78545379638672,70.79268511683624,69.78990032835488,69.88873327875099,100805600
2020-01-02,72.40052032470703,72.46078378305016,71.15668166173941,71.40978524422886,135480400
2020-01-03,71.69664001464844,72.45595811976894,71.47246171476719,71.62914523544616,146322800
2020-01-06,72.26793670654297,72.3065062028637,70.56851011431775,70.81920816221287,118387200
2020-01-07,71.92803192138672,72.53307183094348,71.70867212634163,72.27755544471,108872000
2020-01-08,73.08511352539062,73.38643082203993,71.63155918060959,71.63155918060959,132079200
2020-01-09,74.63749694824219,74.83033706552648,73.81068409472688,74.06137477592067,170108400
2020-01-10,74.80623626708984,75.370308736383,74.30484750773756,74.87132551313572,140644800
2020-01-13,76.40441131591797,76.43093105955663,75.00388930942306,75.12201067519445,121532000
2020-01-14,75.37271118164062,76.5514679630278,75.24977872842311,76.34175230410106,161954400
2020-01-15,75.04969024658203,76.05247495120804,74.61820187883205,75.17263004032235,121923600
2020-01-16,75.98981475830078,76.1007048279931,75.23049658770428,75.5920773695483,108829200
2020-01-17,76.83108520507812,76.83349074089385,75.93195182564011,76.23808752279956,137816400
2020-01-21,76.31043243408203,76.90101005625795,76.17302994996994,76.45988467025404,110843200
2020-01-22,76.58280181884766,77.13480977194556,76.48878729766383,76.79492300181599,101832400
2020-01-23,76.95160675048828,77.03115126719418,76.0886300322076,76.63582686293465,104472000
2020-01-24,76.7298355102539,77.93992295405599,76.5394009459346,77.1974804769854,146537600
2020-01-27,74.47357940673828,75.15334557711078,73.49248860994267,74.74114561147599,161940000
2020-01-28,76.58039093017578,76.7515370876536,75.25459488094803,75.35342783283777,162234000
2020-01-29,78.1833724975586,79.02947351523893,77.46985545638285,78.20989223541018,216229200
2020-01-30,78.07009887695312,78.12313101118072,76.8359045055242,77.26739289963146,126743200
2020-01-31,74.60858154296875,77.78325671620777,74.31449554353281,77.3614124669731,199588400
2020-02-03,74.40367126464844,75.56795795185045,72.85128411079334,73.35267280813538,173788400
2020-02-04,76.86001586914062,77.050450456367,75.60171457078681,76.00668324335653,136616400
2020-02-05,77.48674774169922,78.28463523931488,76.88411323556181,77.98572352193352,118826800
2020-02-06,78.39311981201172,78.39553270453209,77.19990767879175,77.75674147890366,105425600
2020-02-07,77.32752990722656,78.14180794117812,76.83702966688513,77.8929335802923,117684000
2020-02-10,77.69480895996094,77.69480895996094,75.83429386411699,75.91402717049185,109348800
2020-02-11,77.22605895996094,78.26263625107545,77.0085971005104,78.19015142253798,94323200
2020-02-12,79.06000518798828,79.06483505188083,77.67548599053883,77.67548599053883,113730400
2020-02-13,78.49700927734375,78.82320573508036,78.12974054369347,78.3327054260137,94747600
2020-02-14,78.51634979248047,78.76522420824622,78.00893385896474,78.4656030374421,80113600
2020-02-18,77.07866668701172,77.25988612279623,76.01792538344428,76.19914481922879,152531200
2020-02-19,78.19498443603516,78.42453202537972,77.32029972520789,77.32029972520789,93984000
2020-02-20,77.39277648925781,78.44385067885128,76.88777921917897,77.95576899229526,100566000
2020-02-21,75.6409912109375,77.4290289157497,75.0248480652508,76.9868493533589,129554000
2020-02-24,72.04801177978516,73.49776723386336,69.88546431842104,71.8257200728422,222195200
2020-02-25,69.60761260986328,73.09911114776158,69.13644634923264,72.71734532445798,230673600
2020-02-26,70.71183013916016,71.97553646481957,69.22583207719232,69.23308056046676,198054800
2020-02-27,66.08951568603516,69.10500967174747,65.95420576749399,67.92104419759342,320605600
2020-02-28,66.05084991455078,67.27106508637516,61.94562839291094,62.160678974985316,426510000
2020-03-02,72.20023345947266,72.83571074634416,67.10434419306169,68.20615768991611,341397200
2020-03-03,69.9072265625,73.45429398937054,69.05669843915538,73.37456066472664,319475600
2020-03-04,73.14984130859375,73.30931532822694,70.82781935536424,71.62760069893737,219178400
2020-03-05,70.77708435058594,72.37905838233362,70.41222676608287,71.40530599103305,187572800
2020-03-06,69.83712005615234,70.26963239805877,67.95244135070753,68.1384906030925,226176800
2020-03-09,64.3135757446289,67.19375264320037,63.54761831737935,63.72883776125021,286744800
2020-03-10,68.945556640625,69.21134669490523,65.08678942311583,66.96422801765549,285290000
2020-03-11,66.55101776123047,67.95003374263217,65.68841155580724,67.0246098194062,255598800
2020-03-12,59.978797912597656,65.23899494473845,59.92322498627828,61.841735279374994,418474000
2020-03-13,67.16474914550781,67.63592258199654,61.11926832671573,64.00428573904365,370732000
2020-03-16,58.52421951293945,62.60044418179931,57.99022457275424,58.46139441002403,322423600
2020-03-17,61.0975341796875,62.24525368604919,57.60362153116066,59.804833950382424,324056000
2020-03-18,59.601863861083984,60.406478598445545,57.29433564123959,57.93464652653443,300233600
2020-03-19,59.14519119262695,61.09269547807698,58.62086339938416,59.775834978401704,271857200
2020-03-20,55.390323638916016,60.84865193316744,55.090706190239764,59.725089265820536,401693200
2020-03-23,54.21360778808594,55.211524041383235,51.37208822817037,55.11004159498472,336752800
2020-03-24,59.65260314941406,59.8483195377774,56.612948896316425,57.11069765855371,287531200
2020-03-25,59.32398986816406,62.39988643227555,59.02920598580545,60.587692247407915,303602000
2020-03-26,62.44580078125,62.503788640032134,59.526959345508246,59.565620375975534,252087200
2020-03-27,59.86041259765625,61.824829012114336,59.69369010665709,61.07095724785997,204216800
2020-03-30,61.568695068359375,61.740251079824446,60.26149806281595,60.585279571290975,167976400
2020-03-31,61.44305419921875,63.424386025978244,60.88973245903772,61.75958725464871,197002000
2020-04-01,58.21009826660156,60.09719601446135,57.78000444616135,59.560786204803335,176218400
2020-04-02,59.181434631347656,59.23459262853542,57.241178794751,58.07237254686632,165934000
2020-04-03,58.33091354370117,59.3674871060243,57.741345715951596,58.66677342106095,129880000
2020-04-06,63.41954040527344,63.574177122829745,60.25665875100896,60.62392740731182,201820400
2020-04-07,62.68500900268555,65.64976368215225,62.58111162954673,65.43229446081726,202887200
2020-04-08,64.28939056396484,64.60350121398153,63.1199223551124,63.48477236807488,168895200
2020-04-09,64.75332641601562,65.25591244712727,63.95838246710248,64.9248861243381,161834800
2020-04-13,66.02427673339844,66.13301133720609,64.23140932290158,64.83064420547504,131022800
2020-04-14,69.35872650146484,69.64868059310524,67.18409293567838,67.65526649113433,194994800
2020-04-15,68.72565460205078,69.18474234820361,67.80747910974512,68.23515430833677,131154400
2020-04-16,69.271728515625,69.63658597716727,68.22307301485074,69.43845097329417,157125200
2020-04-17,68.33179473876953,69.3345480225858,66.89653644635722,68.7884711835537,215250000
2020-04-20,66.91345977783203,68.06118282102301,66.89413295001411,67.15992291899424,130015200
2020-04-21,64.84516143798828,66.99080126610937,64.13478048479037,66.75642377646463,180991600
2020-04-22,66.71292877197266,67.14785254874984,65.77058900639604,66.11127511969602,116862400
2020-04-23,66.45437622070312,68.0781026916564,66.41571518879498,66.65734110784256,124814400
2020-04-24,68.37287902832031,68.38254612868516,66.93037215656294,66.97870028455014,126161200
2020-04-27,68.42121887207031,68.7522452213369,67.64318307081028,68.09018514896542,117087600
2020-04-28,67.3121566772461,69.06394488685403,67.2203450064915,68.88272541689459,112004800
2020-04-29,69.52301788330078,69.991772685642,68.59517537860054,68.79814023520653,137280800
2020-04-30,70.98969268798828,71.16608226501852,69.67283584195576,70.06185003558508,183064000
2020-05-01,69.8468017578125,72.24614521202258,69.06876605288338,69.16541493960355,240616800
2020-05-04,70.83507537841797,70.96313685683586,69.18235450882409,69.8709900479482,133568000
2020-05-05,71.898193359375,72.72938694291523,71.14915168685677,71.29412868376939,147751200
2020-05-06,72.64000701904297,73.27064717863384,72.21474300795924,72.59892736503848,142333600
2020-05-07,73.39146423339844,73.7369949485584,72.9637889533335,73.2658213930559,115215200
2020-05-08,75.13829803466797,75.19159993074032,73.72338371341871,74.05046319414457,133838400
2020-05-11,76.32060241699219,76.81484814613628,74.4380826460871,74.64644722875487,145946400
2020-05-12,75.44841766357422,77.45449582037008,75.32727766040104,77.00385116379037,162301200
2020-05-13,74.53744506835938,76.54837362731435,73.46172121123148,75.62770513487014,200622400
2020-05-14,74.99534606933594,75.0559160635201,73.05468108965971,73.77667808210235,158929200
2020-05-15,74.55197143554688,74.59800522378177,72.73487156458532,72.7687943111998,166348400
2020-05-18,76.30850219726562,76.68161544536761,75.18432690881329,75.87482634655969,135178400
2020-05-19,75.86756134033203,77.17102150533867,75.83606375790906,76.32546668705436,101729600
2020-05-20,77.34305572509766,77.41331160943199,76.68647152801736,76.72523721961544,111504800
2020-05-21,76.76641845703125,77.74523171426733,76.52898139842385,77.20494465969075,102688800
2020-05-22,77.26066589355469,77.34304019898961,76.4029926993938,76.5047461498377,81803200
2020-05-26,76.73735046386719,78.5568683167511,76.68162339962899,78.37758347481825,125522000
2020-05-27,77.07167053222656,77.2170399794521,75.85542785782724,76.59438613380821,112945200
2020-05-28,77.1056137084961,78.36304756047794,76.47084126097369,76.74703662948228,133560800
2020-05-29,77.03050994873047,77.8082267406315,76.67435802451047,77.34789618259597,153532400
2020-06-01,77.9778060913086,78.09894607051093,76.85362353528801,76.98445678308985,80791200
2020-06-02,78.33881378173828,78.36304326033381,77.27035810172477,77.71130947324757,87642800
2020-06-03,78.77008056640625,79.03174713400516,78.08684912120862,78.65863382513984,104491200
2020-06-04,78.0916748046875,78.89119567752222,77.71856161359257,78.5931960727843,87560400
2020-06-05,80.31580352783203,80.37637351540958,78.31215100053369,78.34122341156335,137250400
2020-06-08,80.79067993164062,80.82460267780965,79.30308470158906,80.01296326734492,95654400
2020-06-09,83.34188842773438,83.73438081455681,80.43937898287314,80.47087656345983,147712400
2020-06-10,85.48609161376953,85.95369033389235,83.85070128279254,84.28922758003938,166651600
2020-06-11,81.38185119628906,85.05481691401155,81.28009773597238,84.63082691049463,201662400
2020-06-12,82.08445739746094,84.26497730063338,80.97481830000675,83.51875818704126,200146000
2020-06-15,83.09962463378906,83.7513585021509,80.57748864910177,80.73981952151668,138808800
2020-06-16,85.30193328857422,85.57329308072946,83.51875616005826,85.15172088189794,165428800
2020-06-17,85.18321990966797,86.10630607045023,85.06207991592963,86.04573607358105,114406400
2020-06-18,85.21714782714844,85.6338697266432,84.60902265567091,85.13961645194037,96820400
2020-06-19,84.73015594482422,86.38735014117718,83.62293464807695,85.92217671437545,264476000
2020-06-22,86.94702911376953,87.08997343752344,85.07662707395669,85.12266086900618,135445200
2020-06-23,88.80288696289062,90.22022642343374,87.77077181014047,88.18991886652088,212155600
2020-06-24,87.23533630371094,89.3504433677871,86.86222303304002,88.43220009652119,192623200
2020-06-25,88.3934097290039,88.43217540547836,86.63203728063971,87.39037465274075,137522400
2020-06-26,85.67748260498047,88.50973656249651,85.52968795154212,88.2892608623175,205256800
2020-06-29,87.65206146240234,87.74655421504602,85.10812136493809,85.5854132789762,130646000
2020-06-30,88.38372802734375,88.66962400453063,87.22078715611465,87.24016629998945,140223200
2020-07-01,88.2165756225586,89.00398569728229,88.16812405423994,88.46128081179627,110737200
2020-07-02,88.2165756225586,89.75748041356287,88.10271110979996,89.122707936332,114041600
2020-07-06,90.5763931274414,91.04399182339071,89.61211592036983,89.64361350812392,118655600
2020-07-07,90.29532623291016,91.73204473813118,90.183879512503,90.95432807349727,112424400
2020-07-08,92.3983154296875,92.42981301031341,91.18449035546323,91.27171499364255,117092000
2020-07-09,92.795654296875,93.34320200495762,91.74900304495738,93.2899001154489,125642800
2020-07-10,92.95799255371094,93.01614478395153,91.78051525297649,92.39105821700926,90257200
2020-07-13,92.52915954589844,96.86839541410872,92.31595195399946,94.26146013937891,191649200
2020-07-14,94.06037902832031,94.25177492913492,90.9785767404952,91.91134894412532,170989200
2020-07-15,94.7072525024414,96.18273684605151,93.51038868590005,95.93318873658312,153198000
2020-07-16,93.54188537597656,94.39713348994569,92.94345347342261,93.58065106367306,110577600
2020-07-17,93.35289001464844,94.14756798104436,92.88044113908421,93.99251265271707,92186800
2020-07-20,95.32020568847656,95.45830704424495,93.09607736485056,93.44011817142827,90318000
2020-07-21,94.004638671875,96.18515864106797,93.75509057115264,96.110052433633,103433200
2020-07-22,94.26871490478516,94.94952104533722,93.61940634409747,93.7066235863698,89001600
2020-07-23,89.97795867919922,94.07975781052636,89.16874426666178,94.00222642645338,197004400
2020-07-24,89.75504302978516,90.09908386887433,86.39219558540321,88.17780532258647,185438800
2020-07-27,91.88226318359375,91.97433076494785,90.59333922603253,90.81623268150157,121214000
2020-07-28,90.37286376953125,91.63029754160469,90.36801343757494,91.45343048257014,103625600
2020-07-29,92.10515594482422,92.28929109136294,90.81864987240843,90.85499038980474,90329200
2020-07-30,93.21966552734375,93.32384416441144,90.8719714748946,91.27900014562395,158130000
2020-07-31,102.97869873046875,103.12891115542561,97.71152622340603,99.70791855704327,374336800
2020-08-03,105.57349395751953,108.19011460238991,104.56076548592098,104.85876510860703,308151200
2020-08-04,106.27852630615234,107.36878610733102,105.04047188715032,105.76246881725352,173071600
2020-08-05,106.66376495361328,106.98357631299436,105.53473931977294,105.99992015103618,121776800
2020-08-06,110.38518524169922,110.87943850296628,106.40695185464003,106.99569046941184,202428800
2020-08-07,107.87549591064453,110.36334336865978,107.07938502036484,109.90703455219526,198045600
2020-08-10,109.4434585571289,110.46044277754098,106.79541676618443,109.31967059014084,212403600
2020-08-11,106.1885986328125,109.20556664025784,105.92888988244533,108.70800016951561,187902400
2020-08-12,109.71770477294922,109.97498398938008,107.08422600127558,107.2783964791796,165598000
2020-08-13,111.65943145751953,112.66185296122792,110.60846363412838,111.09632674056478,210082000
2020-08-14,111.5599365234375,111.64974056440289,109.75169319709691,111.48469489954057,165565200
2020-08-17,111.26866149902344,112.70554822258934,110.64245541048665,112.68127506102117,119561600
2020-08-18,112.19583129882812,112.6205856628583,110.68613263439002,111.02108297516577,105633600
2020-08-19,112.33662414550781,113.74923783578949,112.24196843606359,112.60361413274605,145538000
2020-08-20,114.829345703125,114.94342292138063,112.36091202603218,112.37790398361146,126907200
2020-08-21,120.74676513671875,121.22976923366335,115.77592204362502,115.78805492165831,338054800
2020-08-24,122.19092559814453,125.03314486284968,120.32686221834298,124.9481850882098,345937600
2020-08-25,121.18849182128906,121.5331529265973,119.4676306472173,121.0647112936665,211495600
2020-08-26,122.83655548095703,123.29286429117482,121.43850421682247,122.50403462016395,163022400
2020-08-27,121.36811828613281,123.77101327398971,120.22491675397727,123.43849242247208,155552400
2020-08-28,121.1715316772461,122.75889449051752,120.94822892350749,122.3414212260646,187630000
2020-08-31,125.28072357177734,127.1836302061131,122.32929317534541,123.86326545477932,225702700
2020-09-01,130.27093505859375,130.87288270975856,126.72727621370097,128.8923056104839,151948100
2020-09-02,127.57195281982422,133.96026120747115,123.30014277535787,133.5816235663219,200119000
2020-09-03,117.35842895507812,125.08653127360425,116.9895020715435,123.21276461682936,257599600
2020-09-04,117.43611907958984,120.09629366493147,107.65948471911047,116.57204769157234,332607200
2020-09-08,109.53324890136719,115.52349838716887,109.39732807142673,110.63032628792358,231366600
2020-09-09,113.90214538574219,115.66912348309229,111.90216122256825,113.84389572106855,176940500
2020-09-10,110.1837387084961,116.98952122909824,109.22258206036143,116.85360038621577,182274400
2020-09-11,108.73713684082031,111.87304145706314,106.7954022543771,111.23226548811466,180860300
2020-09-14,111.99925994873047,112.55265405113641,109.51384186173257,111.377905426981,140150100
2020-09-15,112.17400360107422,115.36815776085928,110.30022950147779,114.88272413305843,184642000
2020-09-16,108.86335754394531,112.62061700186764,108.77598303445264,111.8730523722857,154679000
2020-09-17,107.12548828125,108.93130194991431,105.54297733812126,106.52355532978139,178011000
2020-09-18,103.72747039794922,107.64977561825025,102.99931984136902,107.183763410032,287104900
2020-09-21,106.8730697631836,106.97986575435861,100.0964130289504,101.49446425369291,195713800
2020-09-22,108.55265808105469,109.57207159281869,105.97986595474057,109.39731520243424,183055400
2020-09-23,103.99932098388672,108.84394734905581,103.65951146024476,108.36822438593991,150718700
2020-09-24,105.06724548339844,107.03810463761715,101.94105203582586,102.1060976756968,167743300
2020-09-25,109.00898742675781,109.16432976181966,104.53328824582925,105.27114952311253,149981400
2020-09-28,111.61092376708984,111.96043664981464,109.49443238042568,111.65947010357479,137672400
2020-09-29,110.76626586914062,111.95072536524631,110.26141804491623,111.21287142269765,99382200
2020-09-30,112.43614959716797,113.84391175108092,110.30995505877512,110.4750007366762,142675200
2020-10-01,113.3875961303711,114.29050304173128,112.45556438431055,114.2128318777771,116120400
2020-10-02,109.72740173339844,112.00894545535374,108.95071245980235,109.60119167081031,144712000
2020-10-05,113.10604095458984,113.25167253166546,110.24198536966455,110.59149819179417,106243800
2020-10-06,109.86334228515625,112.73710847512729,108.97984952644627,112.32933859803765,161498200
2020-10-07,111.7274169921875,112.18372583418271,110.80508856065056,111.2808188977388,96849000
2020-10-08,111.62059783935547,113.0089381653486,111.25166358040926,112.86330661087659,83477200
2020-10-09,113.56233978271484,113.59146461414193,111.57205902106843,111.9215718124515,100506900
2020-10-12,120.7759017944336,121.53317715466372,115.80505821466257,116.56233357489269,240226800
2020-10-13,117.57202911376953,121.73705073964729,116.16427448485399,121.62054399652054,262330500
2020-10-14,117.65941619873047,119.44580856247916,116.13515475963598,117.4749490324475,150712000
2020-10-15,117.19339752197266,117.66912045188067,114.70797946369227,115.26137355970408,112559200
2020-10-16,115.5526351928711,118.00893594757436,115.34875392683747,117.74679760043794,115393800
2020-10-19,112.60121154785156,116.91185804404176,112.29053425617,116.46525990019522,120639300
2020-10-20,114.08660888671875,115.51378488263892,112.26137377590751,112.81476779400624,124423700
2020-10-21,113.46527099609375,115.25166338254114,113.05750107559587,113.2710930798733,89946000
2020-10-22,112.37787628173828,114.601163016686,111.25166679554484,114.02834752777623,101988000
2020-10-23,111.6885757446289,113.15458745033783,110.95071451824744,112.99924512599237,82572600
2020-10-26,111.69829559326172,113.15459667058127,109.59150773865373,110.68859262413119,111850700
2020-10-27,113.20314025878906,113.86333040398806,111.20315573383206,112.12547682460935,92276800
2020-10-28,107.96043395996094,112.06720563801413,107.86334871753533,111.69827875394513,143937800
2020-10-29,111.96041870117188,113.52351567412646,108.93131000553764,109.09636307884779,146129200
2020-10-30,105.68862915039062,108.7274415434045,104.58184087142044,107.82453453612558,190272600
2020-11-02,105.60124969482422,107.45561008707766,104.19349484961143,105.93134848083719,122866900
2020-11-03,107.22260284423828,108.24200921576619,105.56242040449504,106.46532742335162,107624400
2020-11-04,111.6011962890625,112.22255078584597,109.07694271998845,110.81479612438059,138235500
2020-11-05,115.56233215332031,116.13514770518474,113.46526266207991,114.51379370413532,126387100
2020-11-06,115.4310302734375,115.92702142810049,112.94131732140758,115.07118700641044,114457900
2020-11-09,113.12612915039062,118.64044265473571,112.86354597300208,117.1913565886007,154515300
2020-11-10,112.78573608398438,114.36124992222891,110.99625432436308,112.37727008295128,138023400
2020-11-11,116.20907592773438,116.34523125447596,113.24282640096855,113.97223311704505,112295000
2020-11-12,115.93675994873047,117.22051541325983,115.31433350652887,116.33550583009225,103162300
2020-11-13,115.98539733886719,116.38413582545107,114.63356412889462,116.16045525051373,81581900
2020-11-16,116.9968490600586,117.66789824397613,114.90588149878657,115.65473585240478,91183000
2020-11-17,116.11183166503906,117.35668469756249,115.69363815380922,116.26744200405916,74271000
2020-11-18,114.78917694091797,116.53002870692607,114.76000185644509,115.35325330709236,76322100
2020-11-19,115.38241577148438,115.7908817492475,113.60266161420516,114.36124340716778,74113000
2020-11-20,114.11810302734375,115.50883872913519,114.06948036722605,115.38241090893905,73604300
2020-11-23,110.72393035888672,114.39041868660993,110.62667762078418,113.96249773506877,127959300
2020-11-24,112.0076904296875,112.66901946402936,109.49852961528087,110.78229252304031,113874200
2020-11-25,112.84408569335938,113.54431736019659,112.00769869351593,112.37726952874067,76499200
2020-11-27,113.38870239257812,114.26399194036229,113.02886649286769,113.36925481147574,46691300
2020-11-30,115.78116607666016,117.64844554887398,113.6026659391683,113.75827627180732,169410200
2020-12-01,119.35038757324219,120.07979426970195,116.7147989337566,117.68734119570294,127728200
2020-12-02,119.70051574707031,119.98255392256038,117.57064559900594,118.66961579736986,89004200
2020-12-03,119.56434631347656,120.38127824003541,118.85438720785504,120.1284151780445,78967600
2020-12-04,118.89330291748047,119.48655434771668,118.18334373345853,119.23369125780223,78260400
2020-12-07,120.35211181640625,121.14959622013072,118.89329833984375,118.95164850453536,86712000
2020-12-08,120.96481323242188,121.54834457068203,119.71023272701726,120.95509315138429,82225500
2020-12-09,118.43621063232422,122.49171060296122,117.67762875809393,121.11070219500817,115089200
2020-12-10,119.85610961914062,120.46881600995408,116.85095750767795,117.1913458248472,81312200
2020-12-11,119.04893493652344,119.38932333883523,117.24000523291149,119.06838252240811,86939800
2020-12-14,118.43621063232422,119.96310188222377,118.20280253715556,119.23369509240086,79184500
2020-12-15,124.36869049072266,124.3881454893434,120.72165733966631,120.92589030573652,157243700
2020-12-16,124.30062103271484,124.84524231148528,123.08494323552482,123.91161007354079,98208600
2020-12-17,125.16617584228516,126.02201771109635,124.52429444067675,125.36068131070151,94359800
2020-12-18,123.18221282958984,125.55521844582084,122.65703909059238,125.41906311570027,192541500
2020-12-21,124.70911407470703,124.78691925140207,120.06036235587443,121.58725370394174,121251600
2020-12-22,128.2588653564453,130.71939584455194,126.09008564573021,127.99627481697722,168904800
2020-12-23,127.36410522460938,128.7937282937421,127.18903995013997,128.53115264175756,88223700
2020-12-24,128.34642028808594,129.79551379030826,127.5003131582361,127.71427367104259,54930100
2020-12-28,132.93679809570312,133.56894460120503,129.8441061270866,130.31093707619408,124486200
2020-12-29,131.1667938232422,134.97915839822994,130.6513475184492,134.25948649182007,121047300
2020-12-30,130.04837036132812,132.25604575507535,129.7371496715403,131.85729981121693,96452100
2020-12-31,129.04661560058594,131.040329904096,128.10324856194674,130.39844854670574,99116600
2021-01-04,125.856689453125,129.9413637183322,123.27945114345249,129.85383848203446,143301900
2021-01-05,127.41276550292969,128.1227320895685,124.9036045069711,125.35098050896518,97664900
2021-01-06,123.12384796142578,127.45166544679954,122.90988747820573,124.21309795786028,155088000
2021-01-07,127.32524871826172,128.01576034902203,124.34927136052875,124.83554255858496,109578200
2021-01-08,128.42425537109375,128.98833186897824,126.65422068740567,128.7938114739802,105158200
2021-01-11,125.43852233886719,126.5958502406681,124.97170611320489,125.64276278499334,100384500
2021-01-12,125.26345825195312,126.12902035403391,123.37672370948479,124.97169257758259,91951100
2021-01-13,127.29605102539062,127.84067229611607,124.96195562519107,125.22453134083729,88636800
2021-01-14,125.37043762207031,127.4030475675069,125.22454736600265,127.20854206590191,90221800
2021-01-15,123.64903259277344,126.64446478265978,123.51287725867944,125.24400143779671,111598500
2021-01-19,124.32008361816406,125.1759255883475,123.45452156734409,124.27145353534586,90757300
2021-01-20,128.40478515625,128.8521612360096,125.02034140959604,125.12732167824589,104319500
2021-01-21,133.11184692382812,135.83496806730975,129.92190967683482,130.1261500695179,120150900
2021-01-22,135.25146484375,136.01004665089906,131.31266555904966,132.53806351525557,114459400
2021-01-25,138.99578857421875,141.10620426524486,132.7909619498466,139.14167887017254,157611700
2021-01-26,139.22915649414062,140.3378541007655,137.48829750104505,139.65707747210416,98390600
2021-01-27,138.15936279296875,140.33786298237393,136.5546738638665,139.49174105337266,140843800
2021-01-28,133.32577514648438,138.09123970482818,132.94648437166097,135.68905985100915,142621100
2021-01-29,128.33673095703125,132.9854835040338,126.63478136815478,132.10046615626055,177523800
2021-02-01,130.45681762695312,131.66277536673383,127.3349504556567,130.07752674070377,106239800
2021-02-02,131.28347778320312,132.56722577893618,130.9139069960329,132.00314951845078,83305400
2021-02-03,130.26231384277344,132.0420679752551,129.9413731133275,132.0323330550851,89880900
2021-02-04,133.61758422851562,133.6273043090521,130.8944628567243,132.55751669715318,84183100
2021-02-05,133.20359802246094,133.84643851699295,132.32700815681875,133.77826657108233,75693800
2021-02-08,133.3497314453125,133.39843419416206,131.411474992241,132.49261062393538,71297200
2021-02-09,132.47311401367188,134.29449558670797,132.3172860388913,133.06725182462114,76774200
2021-02-10,131.86924743652344,133.42764614924684,130.9049865610518,132.93089894279558,73046600
2021-02-11,131.6160125732422,132.84324151471785,130.29137814000228,132.36597838425936,64280000
2021-02-12,131.84982299804688,132.0056659122015,130.21351698541815,130.85635785980728,60145100
2021-02-16,129.7264404296875,132.47309953309198,129.33683338034655,131.96663266193272,80576300
2021-02-17,127.43757629394531,128.78169493091983,126.10320712430666,127.83691804290048,97918500
2021-02-18,126.33695983886719,126.61941198787154,124.09676726976038,125.84021263400942,96856700
2021-02-19,126.49279022216797,127.31095773335569,125.45062277040475,126.85317866159306,87668800
2021-02-22,122.72344207763672,126.34670679460257,122.33384236261952,124.68116782712916,103916400
2021-02-23,122.58709716796875,123.41499201171895,115.31134823227501,120.54170772135137,158273000
2021-02-24,122.09034729003906,122.29488547484925,119.0514857660057,121.691012957123,111039900
2021-02-25,117.84371185302734,123.17146835413952,117.4054168564186,121.43775757680415,148199500
2021-02-26,118.10670471191406,121.6033452358005,118.04825992472897,119.40211317040608,164560400
2021-03-01,124.46690368652344,124.60326248159897,119.59692548811965,120.53196041049354,116307900
2021-03-02,121.86631774902344,125.37270000855568,121.75917765120198,125.07076378614747,102260900
2021-03-03,118.88590240478516,122.44098788620711,118.67162218049718,121.56439034639122,112966300
2021-03-04,117.00608825683594,120.38585416346811,115.53536025738819,118.58396379730593,178155000
2021-03-05,118.26253509521484,118.7690169305712,114.5126538027712,117.83398211644732,153766600
2021-03-08,113.33412170410156,117.85346041822143,113.18802088680535,117.78528102761602,154376600
2021-03-09,117.94110870361328,118.88588550494669,115.70092356585985,115.93468039958287,129525800
2021-03-10,116.85999298095703,118.99303824849771,116.34376908141869,118.52552453136408,111943300
2021-03-11,118.78850555419922,120.00600008566362,118.1067115889779,119.35342480023796,103026500
2021-03-12,117.8826675415039,118.01902630934984,116.06130081484937,117.26905308619719,88105100
2021-03-15,120.76570129394531,120.77544332973144,117.28853761790177,118.25279852383531,92403800
2021-03-16,122.30464172363281,123.91173614074289,121.47674685148445,122.43125849151511,115227900
2021-03-17,121.51570129394531,122.58709503966791,119.15862613615897,120.82416526324258,111932600
2021-03-18,117.39568328857422,119.97677300065472,117.19114511333716,119.68457136117527,121229700
2021-03-19,116.8697280883789,118.27228410779664,116.56779183514182,116.7820720526636,185549500
2021-03-22,120.18131256103516,120.64883370339138,117.13270910784668,117.20088850037816,111912300
2021-03-23,119.3534164428711,121.0092059173222,118.96381673388366,120.12287382459728,95467100
2021-03-24,116.96713256835938,119.7040653634643,116.94765592524341,119.62614392900645,88530500
2021-03-25,117.45414733886719,118.4963299554112,115.90549761824201,116.43145623024624,98844700
2021-03-26,118.05801391601562,118.32099690748782,115.82756294666447,117.22037704784019,94071200
2021-03-29,118.23330688476562,119.3923638462603,117.59047375295034,118.48654778202403,80819200
2021-03-30,116.78207397460938,117.26907177481125,115.76911765846987,116.98661215897457,85671900
2021-03-31,118.97356414794922,120.30793336547684,117.99956854695249,118.48656634745086,118323800
2021-04-01,119.80146026611328,120.9507753854183,119.30472042335516,120.44430093685868,75089100
2021-04-05,122.62605285644531,122.87929380413213,119.86964340519192,120.64884289146045,88651200
2021-04-06,122.927978515625,123.82405264578033,122.38254338092113,123.21043811923847,80171300
2021-04-07,124.57402801513672,124.59350465582355,121.88579830959569,122.55785759372996,83466700
2021-04-08,126.97004699707031,126.9992656715053,125.17789894243262,125.59670985066151,88844600
2021-04-09,129.5414276123047,129.58038090088027,126.10322399320837,126.4246443564377,106686700
2021-04-12,127.82721710205078,129.39535097083947,127.23307905581414,129.07393056595765,91420000
2021-04-13,130.93423461914062,131.15826433043802,128.49924537282473,128.99599269074992,91266500
2021-04-14,128.59661865234375,131.48938634080065,128.2362450900617,131.43094899145666,87222800
2021-04-15,131.00242614746094,131.48942401418012,130.16478922222413,130.34011618248067,89347100
2021-04-16,130.67124938964844,131.16798178060714,129.81412853121648,130.8076081751269,84922400
2021-04-19,131.3335723876953,131.9471944147541,129.8725788847892,130.03815636501255,94264200
2021-04-20,129.64854431152344,132.00561168739057,128.3823471626382,131.50887932231677,94812300
2021-04-21,130.0283660888672,130.27186490176769,127.8855795077404,128.91801209652044,68847100
2021-04-22,128.50897216796875,130.66149395921403,127.99275572778816,129.58035833012048,84566500
2021-04-23,130.82713317871094,131.60631798979747,128.72329851998296,128.72329851998296,78657500
2021-04-26,131.21665954589844,131.54781441014728,130.0868213316481,131.3237996328013,66905100
2021-04-27,130.8952178955078,131.8886971878993,130.62250042104546,131.49909018010476,66015800
2021-04-28,130.10630798339844,131.50886374451756,129.61931028089822,130.81732046769145,107760100
2021-04-29,130.00889587402344,133.50555049492985,129.00568184694694,132.9211473369093,151101000
2021-04-30,128.0414581298828,130.08683981317637,127.66160046998598,128.3531289693404,109839500
2021-05-03,129.09336853027344,130.58359545105438,128.401839986388,128.60637073689202,75135100
2021-05-04,124.52532196044922,128.07067238199318,123.40522566029897,127.77847076247717,137564700
2021-05-05,124.76883697509766,127.05771762012843,124.64221279666873,125.84022317213565,84000900
2021-05-06,126.3662109375,126.37594554444907,123.82407406523244,124.5643128982338,78128300
2021-05-07,127.03939819335938,128.06381882504127,126.3271629457147,127.66381362314827,78973300
2021-05-10,123.7612075805664,126.38570115821472,123.7221806852606,126.25887677480436,88071200
2021-05-11,122.84408569335938,123.19531281841267,119.78053807914273,120.4927657999539,126142800
2021-05-12,119.7805404663086,121.60500854306753,119.27320577012671,120.39520469554279,112172300
2021-05-13,121.92697143554688,123.07823863645709,121.23426088704589,121.54646856304096,105861300
2021-05-14,124.3465805053711,124.7758688561986,122.78554210729591,123.17580356771927,81918000
2021-05-17,123.19532012939453,123.83925269137897,122.12210663637244,123.7319305977149,74244600
2021-05-18,121.80990600585938,123.89779649597985,121.74161080080381,123.47826668103308,63342900
2021-05-19,121.65379333496094,121.87818865261369,119.86835215925528,120.16105011854478,92612000
2021-05-20,124.21001434326172,124.61003446523176,122.05382847219842,122.18066775166193,76857100
2021-05-21,122.37577056884766,124.88319058200729,122.16112639405591,124.70757329750661,79295400
2021-05-24,124.0051040649414,124.82465387319235,122.87335402183648,122.94164921888921,63092900
2021-05-25,123.80998992919922,125.19541862484827,123.24411112700588,124.70758616767343,72009500
2021-05-26,123.7612075805664,124.28805950176616,123.34167776055286,123.8685296817526,56575900
2021-05-27,122.22942352294922,124.5319579811851,122.03429651202822,123.3611810284224,94625600
2021-05-28,121.57574462890625,122.73677048730885,121.51720801205188,122.51236771666937,71311100
2021-06-01,121.25379180908203,122.29773710604329,120.92207435192587,122.03431485733806,67637100
2021-06-02,122.01477813720703,122.19039542274523,121.02937706510446,121.25377238108098,59278900
2021-06-03,120.53180694580078,121.80990611741935,120.13178685609535,121.64404739693522,76229200
2021-06-04,122.82459259033203,123.08802229025616,120.83426545911946,121.04890967576293,75169300
2021-06-07,122.83433532714844,123.24410653680496,121.7903901347652,123.09775754946514,71057600
2021-06-08,123.65387725830078,125.33200387040455,123.13678395621102,123.51728685562117,74403800
2021-06-09,124.03437805175781,124.63928371308171,123.43923097435068,124.1124318358548,56877900
2021-06-10,123.03922271728516,125.06857651400928,122.87336400291547,123.9270603510902,71186400
2021-06-11,124.2490234375,124.33683580636276,123.02946096276283,123.44899075181716,53522400
2021-06-14,127.30281829833984,127.36135492119467,123.97585539548058,124.70759295564363,96906500
2021-06-15,126.48326110839844,127.4198916269695,126.23934861668313,126.77595907590421,62746300
2021-06-16,126.98085021972656,127.70283662845416,125.33201411236685,127.19549442536886,91815000
2021-06-17,128.5808868408203,129.32239025268845,126.49299676283543,126.63935317228925,96721700
2021-06-18,127.2833023071289,128.30772287123602,127.06865812161917,127.52721480091387,108953300
2021-06-21,129.07850646972656,129.18582857227696,126.06375134431808,127.12720634134745,79663300
2021-06-22,130.7175750732422,130.8151460223462,128.4150406144124,128.91263161271146,74783600
2021-06-23,130.4444122314453,131.0493254021088,129.98585550457855,130.51271488266488,60214200
2021-06-24,130.16148376464844,131.36152922245495,129.69316099657445,131.1761533209972,68711000
2021-06-25,129.86875915527344,130.6297648884673,129.57606120699057,130.2102425761428,70783700
2021-06-28,131.4980926513672,131.95664929646315,130.10292043684166,130.1614570490265,62111300
2021-06-29,133.01034545898438,133.16645300747723,131.0785629298999,131.51760238370522,64556100
2021-06-30,133.62501525878906,134.06405473109936,132.5615455661884,132.85424351014055,63261400
2021-07-01,133.927490234375,133.98602685703514,132.45424909031448,133.27380646927242,52485800
2021-07-02,136.55201721191406,136.5910366720055,134.39582358263397,134.5421651670288,78852600
2021-07-06,138.56178283691406,139.66425694043204,136.65926878574828,136.65926878574828,108181800
2021-07-07,141.0497283935547,141.3619286538461,139.1862333107396,140.04479519196917,104911600
2021-07-08,139.75213623046875,140.55216163148216,137.24470813835896,138.1325533693018,105575500
2021-07-09,141.57656860351562,142.10341304013653,139.17646311232951,139.27403406481795,99890800
2021-07-12,140.9813995361328,142.7570893612842,140.49357462424308,142.64976728517905,76299700
2021-07-13,142.09364318847656,143.8693330567253,140.13259235448814,140.52284633857775,100827100
2021-07-14,145.51820373535156,145.92798987044893,144.08399692422722,144.49378305932458,127050800
2021-07-15,144.864501953125,146.34749406137325,143.50834910364574,145.6060054508676,106820300
2021-07-16,142.82542419433594,146.11336042052585,142.3278479795718,144.84502714125577,93251400
2021-07-19,138.98133850097656,140.56190161268026,138.2203326975493,140.24968646910114,121434600
2021-07-20,142.5912322998047,143.5181116494979,139.47892150687957,139.9667464752501,96350000
2021-07-21,141.85951232910156,142.57174758950413,141.10827250404336,141.98635160042446,74993500
2021-07-22,143.2253875732422,144.59129128070637,142.25948895259933,142.38632818516166,77338200
2021-07-23,144.9425506591797,145.09865822031367,143.34248537564744,143.95714959308972,71447400
2021-07-26,145.3621063232422,146.18164879238583,144.1035094217646,144.65963709619385,72434100
2021-07-27,143.1961669921875,145.57675557902394,142.00587269876928,145.48893575716545,104818600
2021-07-28,141.44970703125,143.39125553651849,139.0691190835095,141.283848347971,118931200
2021-07-29,142.09364318847656,142.98148812260095,141.0594567321274,141.16677881083731,56699500
2021-07-30,142.30833435058594,142.76689112133272,140.6009465535791,140.86437626783024,70440600
2021-08-02,141.97657775878906,143.37174997131473,141.71314811709883,142.7961201026742,62880000
2021-08-03,143.7717742919922,144.43520909857267,141.64484970305608,142.2595139229218,64786600
2021-08-04,143.3717803955078,144.19132291330385,142.71809660960577,143.68399557594776,56368300
2021-08-05,143.47909545898438,144.2401013148973,142.61076750096896,143.40104166770632,46397700
2021-08-06,142.7951202392578,143.74291989384258,142.29679858037488,143.000320280882,54126800
2021-08-09,142.74623107910156,143.3422697557146,142.18928521610837,142.8537139522462,48908700
2021-08-10,142.26748657226562,144.32919310328901,141.9743500451473,143.0882569205625,69023100
2021-08-11,142.52151489257812,143.36183156118472,142.19906623850963,142.70716850336376,48493500
2021-08-12,145.48214721679688,145.63848865290169,142.5019538202862,142.84394884807298,72282600
2021-08-13,145.68734741210938,146.01956178212575,144.87634298445295,145.56031813141018,59375000
2021-08-16,147.66111755371094,147.72952253031957,143.1175540441941,145.1401675406519,103296000
2021-08-17,146.7523956298828,148.2082823920191,145.67756689112312,146.79147353422863,92229700
2021-08-18,143.0100555419922,147.27026274921596,142.80485554411644,146.37132185900873,86326000
2021-08-19,143.34226989746094,144.61251796964282,141.19262734198236,141.71049530140775,86960300
2021-08-20,144.79815673828125,145.10105892019794,143.42042593388106,144.06532310737114,60549600
2021-08-23,146.28341674804688,146.7524262457425,144.50506608373868,144.91545125791524,60131800
2021-08-24,146.19541931152344,147.40704295099573,145.7361757091974,146.0293121440176,48606400
2021-08-25,144.9642791748047,146.87942449217206,144.4170990582826,146.38108802855803,58991300
2021-08-26,144.16299438476562,145.70683202515724,144.13368223858072,144.95446706036404,48597200
2021-08-27,145.1988525390625,145.34541337865105,143.46936008418646,144.1044769351318,55802400
2021-08-30,149.61534118652344,149.97688265994054,145.2085727146907,145.58964568755835,90956700
2021-08-31,148.3549041748047,149.30270392723426,147.8272553901817,149.16590885521063,86453100
2021-09-01,149.01927185058594,151.4327384864577,148.8531646821077,149.3319546921016,80313700
2021-09-02,150.1332244873047,151.17874128646721,148.91183471793337,150.34819027947748,71115500
2021-09-03,150.7683868408203,151.09083559479697,149.58607474290594,150.24073800356902,57808700
2021-09-07,153.10365295410156,153.660598936694,150.85629279363835,151.42301943650597,82278300
2021-09-08,151.55982971191406,153.44564855103232,150.45568847705636,153.38702422166725,74420200
2021-09-09,150.5436248779297,152.53692642541913,150.42636132134103,151.93112186962642,57305700
2021-09-10,145.56033325195312,151.9213251437336,145.2965089144569,151.45231569560596,140893200
2021-09-13,146.12704467773438,147.9542386226374,145.3453524055779,147.18232700871462,102404300
2021-09-14,144.72979736328125,147.61228914708835,143.54750041568678,146.90876744705565,109296300
2021-09-15,145.6189422607422,146.01956159972383,143.01982179601146,145.1596986106003,83281300
2021-09-16,145.3844451904297,145.56033305169905,143.8503875542624,145.04246503666727,68034100
2021-09-17,142.71693420410156,145.41377207009813,142.42379770872697,145.41377207009813,129868800
2021-09-20,139.66835021972656,141.52485650500037,138.0365754530921,140.50866688674913,123478900
2021-09-21,140.1471405029297,141.29037444715544,139.51202378684255,140.6356964105484,75834000
2021-09-22,142.51174926757812,143.0784609405733,140.4109501394529,141.14378392401113,76404300
2021-09-23,143.4693145751953,143.71359250338787,142.30654925147212,143.29342671393508,64838200
2021-09-24,143.55726623535156,144.09468071612673,142.22839356904527,142.32611071447462,53477900
2021-09-27,142.042724609375,142.61923184992318,140.52821338546616,142.14044174425882,74150700
2021-09-28,138.66192626953125,141.43691994614318,138.44696050068399,139.97125238193445,108972300
2021-09-29,139.5608673095703,141.14378350850296,138.77917495976774,139.2091064976362,74602000
2021-09-30,138.26132202148438,141.07540882378817,138.04635622911155,140.37188712321222,89056700
2021-10-01,139.38499450683594,139.64881887167329,135.9260252404235,138.65216064526572,94639600
2021-10-04,135.95535278320312,138.95509355251514,135.1052701786628,138.51538125819243,98322000
2021-10-05,137.88026428222656,138.98440552812323,136.17031841410787,136.2973477353653,80861100
2021-10-06,138.74989318847656,138.89645401323804,135.20297213380132,136.27780121386797,83221100
2021-10-07,140.0103302001953,140.9190518423827,139.45338427911526,139.7855986818326,61732700
2021-10-08,139.62928771972656,140.8799897873894,139.29707324446653,140.73342896287608,58773200
2021-10-11,139.54132080078125,141.49554421911762,138.56420909161307,139.01368703802868,64452200
2021-10-12,138.27108764648438,139.97126757292082,137.8118439004276,139.9517211619384,73035900
2021-10-13,137.68479919433594,138.16357433643927,136.01393179740973,138.00724781162134,78762700
2021-10-14,140.46957397460938,140.58683751822448,138.27107262847971,138.8573456179309,69907100
2021-10-15,141.52484130859375,141.58346561937512,140.22528108462743,140.47933964406647,67940300
2021-10-18,143.19573974609375,143.47909561279081,139.88333128324254,140.1666871499396,85589200
2021-10-19,145.3551025390625,145.75572183556673,143.19569445607436,143.64515740033994,76378900
2021-10-20,145.84368896484375,146.32247907181252,144.7297822080243,145.29650879090318,58418800
2021-10-21,146.0586700439453,146.21501151275598,144.48551942420278,145.40400691653662,61421000
2021-10-22,145.28672790527344,146.7426146643611,145.23786934278849,146.26383951681254,58883400
2021-10-25,145.23788452148438,145.95117189778182,144.24122639888336,145.27696242983234,50720600
2021-10-26,145.90234375,147.38754297777294,145.5994265625498,145.91210950073977,60893400
2021-10-27,145.44309997558594,146.30294823636,145.0913391249601,145.94142163499626,56094900
2021-10-28,149.07794189453125,149.66419997930225,146.29316753585874,146.3908846714247,100077900
2021-10-29,146.371337890625,146.50813293434493,143.05892977311782,143.85038787675046,124953200
2021-11-01,145.55056762695312,146.2736207539483,144.4171144592604,145.57987978563986,74588300
2021-11-02,146.5863037109375,148.10082985163274,145.2476505224247,145.25743118168475,69122000
2021-11-03,148.022705078125,148.49171467242118,146.3909297960655,146.94787589375233,54511500
2021-11-04,147.5047607421875,148.9411009512701,147.1920779010685,148.11056510993245,60394600
2021-11-05,148.03321838378906,148.93347149692437,146.83940090236302,148.63012712450208,65463900
2021-11-08,147.21124267578125,148.3169952703634,146.93725326087116,148.16042562432813,55020900
2021-11-09,147.5732879638672,148.17997664131613,146.83938459031998,146.97637928946335,56787900
2021-11-10,144.74530029296875,146.9078752619248,144.67681041564214,146.80023551358215,65187100
2021-11-11,144.6963653564453,146.22288178403127,144.5104408038777,145.76298280044355,41000000
2021-11-12,146.77090454101562,147.17209373098063,144.3147648635999,145.24437287945577,63804000
2021-11-15,146.7806854248047,148.620341460146,146.22291165316477,147.14273967083543,59222800
2021-11-16,147.75921630859375,148.23870523347338,146.1348398835429,146.72196856987298,59256200
2021-11-17,150.19580078125,151.67338776419928,147.74945581731131,147.75923582189736,88807000
2021-11-18,154.4817352294922,155.26456834184324,149.765191484069,150.4110299216061,137827700
2021-11-19,157.10427856445312,157.56419261801545,153.17055163174547,154.26650941148296,117305600
2021-11-22,157.56414794921875,162.14369731452808,157.54457301404287,158.20997149701574,117467900
2021-11-23,157.94580078125,158.32742995233392,155.64623082003743,157.6620164381372,96041900
2021-11-24,158.4644317626953,158.66013635871653,156.2137915801923,157.2999692591092,69463600
2021-11-26,153.4445037841797,157.00638063396804,153.00416477836077,156.14527755829806,76959800
2021-11-29,156.80091857910156,157.73052659848017,155.38202667808307,155.94958045222978,88748200
2021-11-30,161.7523193359375,161.9675988704111,156.4877806077615,156.5562854284138,174048100
2021-12-01,161.23367309570312,166.6449857878265,160.99881865483053,163.88550209995378,152052500
2021-12-02,160.24534606933594,160.6759050938818,154.4132690949476,155.33309702351337,136739200
2021-12-03,158.36656188964844,161.41961013164072,156.29206642790317,160.49978216462458,118023100
2021-12-06,161.7718505859375,164.27690456731682,160.75416307393996,160.76394307511896,107497000
2021-12-07,167.506103515625,167.89752761795768,164.72705957992557,165.4511829707639,120405400
2021-12-08,171.32241821289062,172.18353634737676,167.03641741062992,168.4357343791699,116998900
2021-12-09,170.8135528564453,172.95655298827864,170.18728927314578,171.15604705270513,108923700
2021-12-10,175.59861755371094,175.77476213435622,170.94078267392138,171.4496265464153,115402700
2021-12-13,171.96824645996094,178.22110269969062,171.76274694249355,177.2327699190323,153237000
2021-12-14,170.58851623535156,173.92533410356964,168.51402063695375,171.48876932392616,139380400
2021-12-15,175.45184326171875,175.6475478496639,168.6118581679586,171.35176719309973,131063300
2021-12-16,168.56289672851562,177.25231617436867,167.08531019517628,175.43223547777242,150185800
2021-12-17,167.46697998046875,169.74697513874438,166.0481029746897,166.28294252078598,195432700
2021-12-20,166.1067657470703,166.91895378666172,163.86592110293466,164.6683142100144,107499100
2021-12-21,169.2772674560547,169.48275204230814,165.49031583648394,167.8779505711604,91185900
2021-12-22,171.87039184570312,172.08567137280502,168.45528928513505,169.32618739702795,92135300
2021-12-23,172.49668884277344,173.05446270665328,171.50837077274264,172.07592464199888,68356600
2021-12-27,176.459716796875,176.54778161213417,173.26968906108772,173.2892490658333,74919600
2021-12-28,175.44200134277344,177.43822642660322,174.69831813522254,176.29333921586215,79144300
2021-12-29,175.5301055908203,176.7532777728696,174.316713410959,175.48117571727812,62348900
2021-12-30,174.3754119873047,176.6945564474762,174.26777224500728,175.6181590245021,59773000
2021-12-31,173.7589874267578,175.38334904304386,173.45562812611084,174.2678163999058,64062300
2022-01-03,178.1036834716797,178.9550216250589,173.89598231281707,174.01340208653673,104487900
2022-01-04,175.84320068359375,179.01366782786695,175.27564709368258,178.7103235661365,99310400
2022-01-05,171.1658477783203,176.30317175638402,170.8918583606612,175.75519292106577,94537600
2022-01-06,168.30848693847656,171.53766438344002,167.95621276391145,168.99346035254746,96904000
2022-01-07,168.47482299804688,170.40254333546721,167.35929069026096,169.1793712904695,86709100
2022-01-10,168.49441528320312,168.79775959259328,164.5606894006289,165.45116232460057,106765600
2022-01-11,171.32241821289062,171.42026304461638,167.1538521125257,168.62165897014336,76138300
2022-01-12,171.76275634765625,173.3773379097134,171.06800280036754,172.3400901249927,74805200
2022-01-13,168.49441528320312,172.82933029006384,168.10299122971512,172.0073621746904,84505800
2022-01-14,169.3555450439453,170.05029852382498,167.4180294399018,167.66266389110206,80440800
2022-01-18,166.15573120117188,168.83691537487223,165.77410203397278,167.82902257608225,90956700
2022-01-19,162.66232299804688,167.40823697043027,162.3785536255594,166.35141442818917,94815000
2022-01-20,160.9792938232422,166.0383338943285,160.65637446577207,163.39628407020749,91420500
2022-01-21,158.92434692382812,162.76021377251277,158.81670715554318,160.89120276470334,122848900
2022-01-24,158.1512451171875,158.81665846201457,151.37976658921312,156.58559388643394,162294600
2022-01-25,156.3507537841797,159.26679197315192,153.64999508546384,155.5679206315474,115798400
2022-01-26,156.2626953125,160.86181974023197,154.43283450239605,159.99092174206848,108275300
2022-01-27,155.80279541015625,160.32363543352318,154.88296745549835,158.96346843901696,121954600
2022-01-28,166.67430114746094,166.69387607904403,159.30591465835965,162.1534624861329,179935700
2022-01-31,171.02883911132812,171.24411862639118,165.87194061535732,166.5079991576081,115541600
2022-02-01,170.86248779296875,171.08754730875657,168.61184784118433,170.2753591337895,86213900
2022-02-02,172.0661163330078,172.10526621408275,169.60999135687587,170.99951350894017,84914300
2022-02-03,169.18917846679688,172.45750604377838,168.4259201826274,170.73526997176376,89418100
2022-02-04,168.90504455566406,170.5804825811808,167.22960653014735,168.20939100229583,82465400
2022-02-07,168.1898193359375,170.43351937589156,167.49416572772904,169.36555780513737,77251200
2022-02-08,171.29574584960938,171.80523803495097,167.96446919200875,168.25840756625686,74829200
2022-02-09,172.71644592285156,173.0789614781724,171.36433825115836,172.49109962767872,71285000
2022-02-10,168.6405029296875,171.93257943938036,168.08203354026793,170.6196718007765,90865900
2022-02-11,165.23085021972656,169.58109560057568,164.64297356543503,168.84625725787345,98670700
2022-02-14,165.46600341796875,166.1518495458794,163.19289630795137,163.98651932384257,86185500
2022-02-15,169.29696655273438,169.45373566949445,166.80832036305304,167.5137664381475,62527400
2022-02-16,169.06179809570312,169.83582117930217,166.61233714082573,168.3759520184021,61177400
2022-02-17,165.46600341796875,168.43474911832254,165.06428820364812,167.57253401447812,69589300
2022-02-18,163.91795349121094,167.0924457737123,162.83039207397334,166.3870146722984,82772700
2022-02-22,160.9982147216797,163.3202994694817,158.87206895600934,161.6448612037598,91162800
2022-02-23,156.83412170410156,162.7911986729469,156.52058346872764,162.19352949330056,90009200
2022-02-24,159.4501495361328,159.5579264390306,148.9272576589058,149.49553451506446,141147500
2022-02-25,161.51748657226562,161.78201763247694,157.61793335879435,160.52789462372328,91974200
2022-02-28,161.78199768066406,162.07593599497437,159.14637521454355,159.76364417956287,95056600
2022-03-01,159.90081787109375,163.23209394256236,158.69568719407653,161.37049453342058,83474400
2022-03-02,163.19288635253906,163.97671685818776,159.6558640904533,161.06675601055625,79724800
2022-03-03,162.8695831298828,165.49541352335572,162.203336805619,165.06430592514928,76678400
2022-03-04,159.87142944335938,162.2033212553789,158.82306783943153,161.16475211398938,83737200
2022-03-07,156.07968139648438,161.6840502038395,155.82492784594277,160.05760426701897,96418800
2022-03-08,154.25726318359375,159.58729287941838,152.65041731502816,155.60937048225745,131148300
2022-03-09,159.6558837890625,160.10659124427465,156.1874531828048,158.21559935544633,91454900
2022-03-10,155.3154754638672,157.1476680762386,152.82681394352832,156.96150659042647,105342000
2022-03-11,151.60205078125,156.06007322521145,151.37670453340775,155.71714267170483,96970100
2022-03-14,147.57513427734375,151.0043799732345,147.06565710961667,148.38835719355112,108732100
2022-03-15,151.9547576904297,152.42506496258488,147.33998157862231,147.8494586979721,92964300
2022-03-16,156.3638153076172,156.76553056777536,151.3375306500096,153.8751690879972,102300200
2022-03-17,157.3729705810547,157.74529344907543,154.44342469949348,155.40360925613626,75615400
2022-03-18,160.66505432128906,161.1549465596943,156.53036263312293,157.2652009907308,123511700
2022-03-21,162.03680419921875,162.9871965878479,159.7147042118935,160.20459657921455,95811400
2022-03-22,165.40721130371094,165.9950729796282,161.57625067180703,162.16411234772428,81532000
2022-03-23,166.7691192626953,169.14998832074127,164.26085849061369,164.59399656875675,98062700
2022-03-24,170.55108642578125,170.61966356312797,166.76911784992285,167.60192566241446,90131400
2022-03-25,171.1879425048828,171.73661941189775,169.2577659174967,170.3649271443604,80546200
2022-03-28,172.05018615722656,172.17754799227433,168.5229555265403,168.6895171187773,90371900
2022-03-29,175.34225463867188,175.39123190730578,172.77520887835874,173.11813946075333,100589400
2022-03-30,174.17630004882812,175.979099995584,173.12792342578476,174.94053078604693,92633200
2022-03-31,171.08021545410156,174.43107749837506,170.8744540788675,174.24491600419395,103049300
2022-04-01,170.78622436523438,171.34470867552832,168.46414001265768,170.51188591642043,78751300
2022-04-04,174.83274841308594,174.8817406281064,170.9136104166494,171.0409871856376,76468400
2022-04-05,171.52110290527344,174.69561063609092,170.89404131095085,173.91177990560575,73401800
2022-04-06,168.35638427734375,170.11999949152553,166.69075350018778,168.87566890286308,89058800
2022-04-07,168.66009521484375,169.85543344405016,166.41639539463952,167.69991063657648,77594700
2022-04-08,166.65155029296875,168.30738857225097,165.77954264267717,168.30738857225097,76575500
2022-04-11,162.39926147460938,165.61295305467232,162.1543153788709,165.29942982629515,72246700
2022-04-12,164.27066040039062,166.435975608999,163.27127610008927,164.6233833916544,79265200
2022-04-13,166.95526123046875,167.5823226689275,163.39865390857594,164.00611547230426,70618900
2022-04-14,161.94857788085938,167.80770011623432,161.70363174912274,167.17083120352376,75329400
2022-04-18,161.73306274414062,163.23213209405864,160.26338573831293,160.6063014028095,69023900
2022-04-19,164.0159454345703,164.42746814637917,160.59650655333354,161.68406811950865,67723800
2022-04-20,163.84938049316406,165.46603411276996,162.7422340206999,165.34844979022682,67929800
2022-04-21,163.0557403564453,168.06243992326603,162.55605562621574,165.49540922825548,87227800
2022-04-22,158.51934814453125,164.4764404677371,158.2352171809879,163.09495550660975,84882400
2022-04-25,159.5873260498047,159.87145701566283,155.25667975939896,157.8628955248933,96046400
2022-04-26,153.6302032470703,159.05820246882445,153.55181869779824,158.9700254572649,95623200
2022-04-27,153.4048614501953,156.55975368530983,152.2389155403168,152.7582001127346,88063200
2022-04-28,160.33197021484375,161.19418554841906,155.71717762760275,156.03071591265862,130216800
2022-04-29,154.46299743652344,162.84015665375182,154.07108967503086,158.56829627206238,131747600
2022-05-02,154.76678466796875,155.0313157503038,150.17159242252777,153.5420538968097,123055300
2022-05-03,156.25604248046875,157.46118829235783,153.15993453329665,154.95292717961667,88966500
2022-05-04,162.66380310058594,163.11449553252916,156.04045128046997,156.4421664548319,108256500
2022-05-05,153.600830078125,160.76305283929582,151.8176149978829,160.53770657596968,130525300
2022-05-06,154.3269500732422,156.44639806349898,151.28514888506098,153.08079107355962,116124600
2022-05-09,149.20492553710938,152.90414437032265,148.6456356183626,152.02103374851995,131577900
2022-05-10,151.60894775390625,153.79708852885074,150.05861170075954,152.59999379126018,115366700
2022-05-11,143.74929809570312,152.53124880743349,143.07225122446442,150.61786524020772,142689800
2022-05-12,139.88328552246094,143.45494014257622,136.1938888181264,140.08934914213407,182602000
2022-05-13,144.34786987304688,145.3192870677171,140.42297369266063,141.87518108716213,113990900
2022-05-16,142.80735778808594,144.75019240669823,141.47289233038416,142.81717961196202,86643800
2022-05-17,146.43788146972656,146.95792901438662,143.9259353445969,146.0650115425021,78336300
2022-05-18,138.17599487304688,144.59319436014727,137.27325546059197,144.09277542323014,109742900
2022-05-19,134.77114868164062,139.00022255113117,134.03523053806913,137.25364468817165,136095600
2022-05-20,135.00660705566406,138.05821430560903,130.12011571020568,136.47844306099526,137426100
2022-05-23,140.4230194091797,140.57019707494348,135.0655277909443,135.202898603089,117726300
2022-05-24,137.72462463378906,139.30439614103204,134.7515166065387,138.16617251433556,104132700
2022-05-25,137.88160705566406,139.12775081330722,135.7425308510417,135.83083742178036,92482700
2022-05-26,141.0803985595703,141.62988165478208,134.56507119637524,134.81037721904417,90601500
2022-05-27,146.8303985595703,146.86964094239937,142.5326314835253,142.66019542923442,90978500
2022-05-31,146.04542541503906,147.8312608790537,144.08297675865114,146.2711177905761,103718400
2022-06-01,145.91783142089844,148.89093902040028,144.90715690011942,147.08547543452738,74286600
2022-06-02,148.37091064453125,148.42978169809749,144.10257959347064,145.05436821890447,72348100
2022-06-03,142.6503448486328,145.19171132509297,141.74762059734428,144.14179449565412,88570300
2022-06-06,143.3961181640625,145.78050099135527,142.17939464576176,144.2694071894969,71598400
2022-06-07,145.91783142089844,146.20237980048756,141.39438806442126,141.63969407079793,67808200
2022-06-08,145.18191528320312,147.05604181726716,144.6913032640919,145.79026939576806,53950200
2022-06-09,139.9617919921875,145.17208908244996,139.85385675234653,144.3184289860741,69473000
2022-06-10,134.55526733398438,138.11710068108783,134.48657445941151,137.6461172993445,91437900
2022-06-13,129.40383911132812,132.6614953380435,128.97209811172078,130.37524138815306,122207100
2022-06-14,130.2672882080078,131.37607607962988,129.0113227305463,130.63035125622758,84784300
2022-06-15,132.8871612548828,134.76130271815364,129.67856950370555,131.76856647591572,91533000
2022-06-16,127.61798858642578,129.90424225906582,126.61713593346167,129.60006522049088,108123900
2022-06-17,129.08985900878906,130.58132405033675,127.3727165836019,127.62784446904057,134520300
2022-06-21,133.3189239501953,134.48658311474856,130.8168142802015,130.91492771438774,81000500
2022-06-22,132.80868530273438,135.17342395812105,131.39572023105475,132.25918724085466,73409200
2022-06-23,135.6738739013672,135.98785785879153,133.08344262037107,134.25110181028134,72433800
2022-06-24,139.0001983642578,139.24550436943025,137.14568556404583,137.27323450557805,89116800
2022-06-27,139.0001983642578,140.79584011879487,138.32315139441545,140.02066475796738,70207900
2022-06-28,134.85943603515625,140.72715167094702,134.74169394010806,139.46137923230657,67083400
2022-06-29,136.61582946777344,138.02879459026983,134.1038981265762,134.87907356263912,66242400
2022-06-30,134.15296936035156,135.77198324759192,131.25836106107414,134.67301697127326,98964500
2022-07-01,136.32147216796875,136.42940742984914,133.11287978462988,133.48573480288584,71051600
2022-07-05,138.90208435058594,138.951148551157,134.35901187342057,135.18325151505502,73353800
2022-07-06,140.23655700683594,141.41402301996357,138.4311081218874,138.69604284083624,74064300
2022-07-07,143.60218811035156,143.79842998384117,140.58982220063788,140.59962905400906,66253700
2022-07-08,144.2791748046875,144.77960864232728,142.27748437099987,142.53259722881296,64547800
2022-07-11,142.14991760253906,143.88668829327412,141.08038702449986,142.93489980535588,63141600
2022-07-12,143.12135314941406,145.66272006961017,142.32656399441228,143.02322474684678,77588800
2022-07-13,142.75830078125,143.7002675399076,139.45156535802397,140.3052405126538,71185600
2022-07-14,145.6823272705078,146.15331059436355,140.56033683517074,141.37475454509644,78140700
2022-07-15,147.3504180908203,148.02746510063992,145.4174054581408,146.96774129904725,76259900
2022-07-18,144.3086395263672,148.7241480973096,143.9455764182645,147.9097302753274,81420900
2022-07-19,148.1648406982422,148.3905180514349,144.15163767930207,145.14266864096726,82982400
2022-07-20,150.16653442382812,150.83377461851506,147.5466677906739,148.28258588894056,64823400
2022-07-21,152.43316650390625,152.64903699884627,149.08718880462706,151.5991200487024,65086600
2022-07-22,151.19677734375,153.3456599408362,150.52955232175682,152.47237132541127,66675400
2022-07-25,150.0782470703125,152.1290021734992,149.4208286149878,151.11834238686484,53623900
2022-07-26,148.7535858154297,150.21560020375307,147.96860350790257,149.40118236976926,55138700
2022-07-27,153.84613037109375,154.37599980512033,149.30307266450654,149.7151850174758,78620700
2022-07-28,154.39559936523438,154.68014773185416,151.5107984661639,154.03253631118739,81378700
2022-07-29,159.45870971679688,160.5576907977121,156.5052308137223,158.21256599444197,101786900
2022-08-01,158.4774932861328,160.51844113720935,157.8691391572039,157.98688125382472,67829400
2022-08-02,157.00567626953125,159.36062329417274,156.6328212608233,157.0939978250213,59907000
2022-08-03,163.01075744628906,163.4621121282082,157.73176722636683,157.82007379818262,82507500
2022-08-04,162.69676208496094,164.05085610462757,161.3426680652943,162.89300390623217,55474100
2022-08-05,162.47076416015625,162.96205765324038,160.16167874542583,160.3680286094797,56697000
2022-08-08,161.9991455078125,164.88795425048374,161.34081388850365,163.47302629545368,60276900
2022-08-09,162.04824829101562,162.93258559805665,160.40732977942574,161.16392597706255,63135500
2022-08-10,166.29306030273438,166.3913100252121,163.99379489901474,164.76021170255777,70170500
2022-08-11,165.5560760498047,168.01254335724568,165.26129697429445,167.0987297224726,57149200
2022-08-12,169.10324096679688,169.1720142653812,166.45024387983412,166.86294364369544,68039400
2022-08-15,170.1742401123047,170.370754508125,168.36628368181792,168.53332166791955,54091700
2022-08-16,170.01707458496094,170.685241726762,168.67093481923743,169.77142776680165,56377100
2022-08-17,171.5105743408203,173.08270464114312,169.5650561598673,169.76157057327157,79542000
2022-08-18,171.1175079345703,171.85444813238172,170.10544459568962,170.72447915963892,62290100
2022-08-19,168.5333251953125,170.71466951867444,168.3269753298755,170.0170261568602,70346300
2022-08-22,164.6521453857422,166.9022634916105,164.22962509055057,166.73522546568063,69026800
2022-08-23,164.3180389404297,165.77227866474297,163.74813661491604,164.17065687050786,54147100
2022-08-24,164.61280822753906,165.1827105189657,163.35509799580043,164.40647334198977,53841500
2022-08-25,167.06927490234375,167.17736007756102,165.41853585512217,165.84104108991514,51218200
2022-08-26,160.77090454101562,168.07153485537452,160.71195171096292,167.59989722186273,78961000
2022-08-29,158.5698699951172,160.06339120592008,157.037036914349,158.34386422553015,73314000
2022-08-30,156.14292907714844,159.72936621122975,154.9736479587286,159.30686092942906,77906200
2022-08-31,154.48231506347656,157.78380767810359,154.4037063115704,157.51850501455607,87991100
2022-09-01,155.20944213867188,155.66142374222144,151.97672265788725,153.91242016030444,74229900
2022-09-02,153.09689331054688,157.56766760419046,152.2715237467297,156.9682888748041,76957800
2022-09-06,151.8391876220703,154.3546082697241,151.01381803326322,153.74540904842692,73714800
2022-09-07,153.24427795410156,153.9419063408882,150.93519246411637,152.1241293530868,87449600
2022-09-08,151.7704315185547,153.63734127524165,150.0214124396559,151.9472900248741,84923800
2022-09-09,154.62974548339844,155.07192172535514,152.0553717736149,152.76283576903634,68028800
2022-09-12,160.58419799804688,161.39974706706778,156.52612358553827,156.81106723949068,104956000
2022-09-13,151.1612091064453,157.74454025448654,150.69939192954584,157.11568505512628,122656600
2022-09-14,152.6055908203125,154.3644300184662,150.9351958505273,152.0946413613245,87965400
2022-09-15,149.71678161621094,152.5368165999088,148.74403004784534,151.9570788549336,90481100
2022-09-16,148.07586669921875,148.71455728301882,145.78643705402317,148.57699569456918,162278800
2022-09-19,151.79005432128906,151.86866309017464,146.50374580326707,146.71008070263835,81474200
2022-09-20,154.1678924560547,155.32735289857166,150.41441795742156,150.72883799724963,107689800
2022-09-21,151.04330444335938,155.97589634819317,150.9253987780384,154.60026528272206,101696800
2022-09-22,150.08035278320312,151.7802241971407,148.28221666613402,149.72662084225365,86652500
2022-09-23,147.81056213378906,148.8324610577634,145.97312915554878,148.55733788432917,96029900
2022-09-26,148.14463806152344,151.09239889982268,147.0343100146429,147.05396595162924,93339400
2022-09-27,149.11740112304688,152.02586530633175,147.33892101138343,150.08034720002962,84442700
2022-09-28,147.2308349609375,148.01690757279204,142.31789987820665,145.06914652315353,146691400
2022-09-29,139.9989776611328,144.16515152497595,138.2303182381293,143.55595244325275,128138200
2022-09-30,135.79351806640625,140.60820327947016,135.59700366840286,138.8198877735382,124925300
2022-10-03,139.96949768066406,140.57871173992285,135.29238954196313,135.80333891625202,114311700
2022-10-04,143.55599975585938,143.67390542522304,141.748027864766,142.50462422706246,87830100
2022-10-05,143.85073852539062,144.81368463210958,140.51976901629106,141.56132388640066,79471000
2022-10-06,142.8976287841797,144.97088807825529,142.69129389793306,143.27101666436323,68402200
2022-10-07,137.6505889892578,140.60818501990053,137.0217340014585,140.05792378662625,85925600
2022-10-10,137.97486877441406,139.4192729060871,136.15709176712548,137.97486877441406,74899000
2022-10-11,136.55992126464844,138.88866238055874,135.81316062854552,137.4638994009055,77033700
2022-10-12,135.93106079101562,137.91589041966,135.75420235526866,136.70731279613284,70433700
2022-10-13,140.50013732910156,141.08968060374895,132.03022618093473,132.6394403890868,113224000
2022-10-14,135.97039794921875,142.00348171103434,135.78370401470698,141.79713183786654,88598000
2022-10-17,139.93023681640625,140.41169491464842,137.82750095740744,138.61357366022068,85250900
2022-10-18,141.24688720703125,144.1455159806622,138.1615644966325,142.95659405664904,99136600
2022-10-19,141.35498046875,142.42599680685538,139.03607431855443,139.22276826600364,61758300
2022-10-20,140.89317321777344,143.3496411342512,140.16605331698352,140.52962076392365,64522000
2022-10-21,144.70558166503906,145.27548388473534,140.16601984417193,140.3821901686459,86548600
2022-10-24,146.84762573242188,147.6140424012265,143.45770354454174,144.62698448602487,75981900
2022-10-25,149.6873016357422,149.83469868322362,146.75919654145045,147.47648086131204,74732300
2022-10-26,146.74937438964844,149.34340346890698,145.4621728259598,148.33134005875115,88194300
2022-10-27,142.2786102294922,146.45460526216635,141.6202786941001,145.49167413504986,109180200
2022-10-28,153.0281219482422,154.75746986477446,145.24603383421282,145.619406740808,164762400
2022-10-31,150.66990661621094,151.55424402730603,149.27463469355658,150.49304812984573,97943200
2022-11-01,148.02674865722656,152.7431699919974,146.5332269791364,152.37961754304112,80379300
2022-11-02,142.5045928955078,149.5202635488904,142.47511648464766,146.35633217647393,93604600
2022-11-03,136.46168518066406,140.3134243600425,136.33394407491397,139.58630459413143,97918500
2022-11-04,136.19595336914062,140.41823769444377,132.25908536615194,139.84739003185524,140814800
2022-11-07,136.72740173339844,136.95376740177366,133.52869700052665,134.94597165427223,83374600
2022-11-08,137.2982940673828,139.1978259809836,135.3200229786847,138.19393528890745,89908500
2022-11-09,132.74134826660156,136.36327480735815,132.46576869499577,136.31406095143706,74917800
2022-11-10,144.55194091796875,144.55194091796875,137.298266687944,139.0108096143879,118854000
2022-11-11,147.3372802734375,147.64238513720315,142.0914019190675,143.5185285677149,93979700
2022-11-14,145.939697265625,147.90813128864986,145.10310679865555,146.61880940644215,73374100
2022-11-15,147.67189025878906,151.16586309626985,146.2152535189844,149.8174908111913,89868300
2022-11-16,146.44163513183594,147.50459125268796,144.96530968920132,146.77628031248196,64218300
2022-11-17,148.3411865234375,149.0891860323431,143.8433076526517,144.11888720950952,80389400
2022-11-18,148.9022216796875,150.2899716114857,147.60306271435985,149.90612748332487,74829600
2022-11-21,145.6739501953125,147.99670287508093,145.3885338782466,147.790025718782,58724100
2022-11-22,147.80970764160156,148.04592513732047,144.6110022662971,145.7920747269315,51804100
2022-11-23,148.6856689453125,149.43366845656658,146.98296272757275,147.09122719796105,58301400
2022-11-25,145.77235412597656,146.53020528404244,144.79797406560616,145.96919448681064,35195900
2022-11-28,141.94378662109375,144.32559012136235,141.11704788902577,142.8492645206864,69246000
2022-11-29,138.94190979003906,142.5244590100729,138.13485967272496,142.01266197350824,83763800
2022-11-30,145.69363403320312,146.3727461321645,138.33169544585772,139.16827084330671,111380900
2022-12-01,145.96923828125,146.77630352615344,144.29607218523327,145.87082558028513,71250400
2022-12-02,145.4771270751953,145.66413072697534,143.35121453595042,143.6563344518848,65447400
2022-12-05,144.3157501220703,148.53803463745106,143.46932286260514,145.4377569527139,68826400
2022-12-06,140.6544647216797,144.97517704731527,139.68008441838234,144.74881132681773,64727200
2022-12-07,138.71556091308594,141.10720126498546,137.79039443330282,139.9458322919547,69721100
2022-12-08,140.39854431152344,141.25482328488022,138.8730200272998,140.1131279990439,62128300
2022-12-09,139.91629028320312,143.27247380855323,138.67616726979998,140.09344213199822,76097000
2022-12-12,142.20950317382812,142.21933993621704,138.83363144766497,140.44774653895632,70462700
2022-12-13,143.1740264892578,147.603002317918,141.96344396778542,147.1404191965991,93886200
2022-12-14,140.94972229003906,144.3452679150581,138.9320744491566,143.05594605605327,82291200
2022-12-15,134.34559631347656,139.56194847795751,133.8830132053196,138.88283646734595,98931900
2022-12-16,132.3870391845703,135.47748033551235,131.6193510336839,134.53264031194206,160156900
2022-12-19,130.28079223632812,133.0661279935264,129.24737645818792,132.97755207276447,79592600
2022-12-20,130.21192932128906,131.146932591331,127.8399624333377,129.31628812854967,77432800
2022-12-21,133.3121795654297,134.65071518492888,130.6547968699711,130.8811625578248,85928000
2022-12-22,130.1430206298828,132.43624823454394,128.24348886904642,132.22957105725172,77852100
2022-12-23,129.77886962890625,130.3300288114699,127.5939064280565,128.85370313619094,63814900
2022-12-27,127.97772979736328,129.33595400462013,126.68840798575984,129.30642869732836,69007800
2022-12-28,124.05071258544922,128.96195335269854,123.88339749624971,127.62341762114275,85438400
2022-12-29,127.56436920166016,128.42063320760047,125.71404389802797,125.9699349180437,75703700
2022-12-30,127.87934112548828,127.89902967567839,125.41880548942828,126.38334170623662,77034200
2023-01-03,123.09602355957031,128.8340031338152,122.21022673136561,128.22379338136977,112117500
2023-01-04,124.36566162109375,126.62936374107429,123.10586505340991,124.88729543343348,89113600
2023-01-05,123.04681396484375,125.75341088924934,122.79092293482029,125.12351256937882,80962700
2023-01-06,127.57421112060547,128.2336347517989,122.91886860960567,124.02119442530204,87754700
2023-01-09,128.0958709716797,131.30442886555136,127.83997988936822,128.41082770495254,70790800
2023-01-10,128.66673278808594,129.18836679361232,126.0979248474145,128.2041494219829,63896200
2023-01-11,131.3831329345703,131.4028064616691,128.40095662151043,129.1784814447806,69458900
2023-01-12,131.30442810058594,132.14100375978632,129.3655188993163,131.7670114136582,71379600
2023-01-13,132.63308715820312,132.79056549396478,129.58202324711493,129.94617875784812,57809700
2023-01-17,133.79446411132812,135.12314807764807,132.01303370787318,132.7019826183309,63646600
2023-01-18,133.0760040283203,136.42233624485746,132.898837136548,134.6605941996835,69672800
2023-01-19,133.135009765625,134.09953801753062,131.65868457644117,131.9637893793328,58280400
2023-01-20,135.69400024414062,135.84164181281548,132.10161400912494,133.14488168206822,80223600
2023-01-23,138.88290405273438,141.0580308975386,135.72355990616546,135.94008891399082,81760300
2023-01-24,140.2804412841797,140.90050277108796,138.08564168128757,138.0954784443646,66435100
2023-01-25,139.62100219726562,140.1819979894366,136.61913781717996,138.6663106564194,65799300
2023-01-26,141.68789672851562,141.9733130723702,139.66039693887691,140.91035682918778,54105100
2023-01-27,143.6267852783203,144.9062704324847,140.82177572822627,140.90051489349364,70555800
2023-01-30,140.7430419921875,143.2527985417942,140.59541543784155,142.6721140707524,64015300
2023-01-31,142.0126495361328,142.0618633846007,140.03437897857034,140.4477482733763,65874500
2023-02-01,143.13467407226562,144.29605796571016,139.08955653554688,141.69772563249788,77663600
2023-02-02,148.4396209716797,148.79392468833726,145.83143680858885,146.54991104174482,118339000
2023-02-03,152.0615234375,154.8960731461596,145.4967979818679,145.69363837431163,154357300
2023-02-06,149.3352508544922,150.6836384438328,148.40024764766747,150.1620046015634,69858300
2023-02-07,152.2091522216797,152.77999988075524,148.2624474794368,148.2624474794368,83322600
2023-02-08,149.52224731445312,152.14026818212696,148.78408455222657,151.45131927430748,64120100
2023-02-09,148.4888458251953,151.89424398332804,148.04595108381588,151.3529215136586,56007100
2023-02-10,148.85353088378906,149.17882019931434,147.08909918660703,147.32567733632254,57450700
2023-02-13,151.65304565429688,152.05717947022038,148.76487789712516,148.79444829729286,62199000
2023-02-14,151.0122833251953,151.57415087909246,148.70570240485208,149.94770404483108,61707600
2023-02-15,153.1118621826172,153.279432747917,150.696851620169,150.923562968411,65573800
2023-02-16,151.51498413085938,154.09756497312395,151.16012443154224,151.3178281549916,68167900
2023-02-17,150.3715362548828,150.8151070910907,148.69581585093724,150.17439533222245,59144100
2023-02-21,146.35968017578125,149.1394173925265,146.29068760704538,148.05511953332274,58867200
2023-02-22,146.7835235595703,147.80866542554767,145.0585140913541,146.74408634882758,51011300
2023-02-23,147.2665252685547,148.1931042440918,145.1373820304515,147.94667430552937,48394200
2023-02-24,144.61497497558594,145.08811632211885,143.63910684752537,145.00925692421464,55469600
2023-02-27,145.80764770507812,147.03979725813033,145.34435826985944,145.60065500306268,44998500
2023-02-28,145.304931640625,146.9510815880518,144.7332124606566,144.95007197860627,50547000
2023-03-01,143.23492431640625,145.12750429739225,142.9392054041828,144.73322244168676,55479000
2023-03-02,143.8263702392578,144.61494903595985,141.84506394442167,142.31822024697658,52238100
2023-03-03,148.87327575683594,148.9521351539883,145.22611512366896,145.92596783194648,70732300
2023-03-06,151.63328552246094,154.0680147422593,151.26857399298945,151.59384830577196,87558000
2023-03-07,149.4351348876953,151.83042689733767,148.97184535612897,151.50513754277677,56182000
2023-03-08,150.6869659423828,151.27840377958802,149.6618240709013,150.6278251668401,47204800
2023-03-09,148.4395294189453,152.33311931510104,148.08466971716794,151.36711819838627,53833600
2023-03-10,146.37939453125,148.78455331931613,145.50210448552664,148.0649820559655,68572400
2023-03-13,148.32127380371094,150.95314411845015,145.59082548311505,145.69925527320058,84457100
2023-03-14,150.4109649658203,151.2093955139033,147.95653254628945,149.11967456920323,73695900
2023-03-15,150.80526733398438,151.06154904978908,147.7791005346977,149.03096880678774,77167900
2023-03-16,153.62442016601562,154.22570978036399,149.47453364061312,149.98711209240733,76161100
2023-03-17,152.78656005859375,154.50171782493953,152.07684064085686,153.8511391851991,98944600
2023-03-20,155.15228271484375,155.5662982460434,151.94869352566715,152.85556893212473,73641400
2023-03-21,157.00546264648438,157.1237442200261,154.3045847371103,155.0734600878072,73938300
2023-03-22,155.57618713378906,159.82463786522675,155.55646852262672,157.02519671590775,75701800
2023-03-23,156.66043090820312,159.24302685232914,155.4282812343858,156.56186795883147,67622100
2023-03-24,157.9615936279297,158.0503047976887,155.59587218901564,156.5914437450547,59196500
2023-03-27,156.01971435546875,158.47416184588545,155.61556566491817,157.6560126824132,52390300
2023-03-28,155.39869689941406,156.22671283698608,153.75254688783264,155.71413440722972,45992200
2023-03-29,158.4741668701172,158.75016719414856,157.074446643704,157.09415020907082,51305700
2023-03-30,160.0414581298828,160.1498879032855,158.96702721945866,159.22330893800608,49501700
2023-03-31,162.5452117919922,162.64378980216873,159.59791880296052,160.12034916693244,68749800
2023-04-03,163.79702758789062,163.91530912930577,161.87487733545584,161.92416632467473,56976200
2023-04-04,163.2647705078125,164.45748300799937,162.75219201536794,164.22091988909426,46278300
2023-04-05,161.42144775390625,162.69303455117807,159.489445623491,162.38746386000238,51511700
2023-04-06,162.30862426757812,162.60434321282244,159.686606015777,160.1104583059446,45390100
2023-04-10,159.7161865234375,159.7161865234375,157.79403581892626,159.11489681167845,47716900
2023-04-11,158.50376892089844,160.04148961649395,158.21790171619082,160.0316378318426,47644200
2023-04-12,157.81373596191406,159.7457382241708,157.49829842634344,158.9177372546322,50133100
2023-04-13,163.1957550048828,163.4323331532267,159.11487595150933,159.32188371142138,68445600
2023-04-14,162.8507537841797,163.9449032227771,161.48060404043056,162.23959735915352,49386500
2023-04-17,162.87046813964844,163.02818690758198,161.68760746192598,162.73246797792896,41516200
2023-04-18,164.09278869628906,165.01936778477705,163.28449117964493,163.72807715584273,49923000
2023-04-19,165.23622131347656,165.75865162452376,163.1760554202755,163.43235220441335,47720200
2023-04-20,164.27017211914062,165.47275128415967,163.19574132050678,163.71817152684758,52456400
2023-04-21,162.66348266601562,164.07305473489896,162.14105238473394,162.69305305620966,58337300
2023-04-24,162.96905517578125,163.23520373133107,161.54961626736943,162.643765839196,41949600
2023-04-25,161.43133544921875,163.93505711689548,161.3918982344198,162.83105575677226,48714100
2023-04-26,161.42144775390625,162.91974586384254,160.47516529354857,160.73144699304368,45498800
2023-04-27,166.00502014160156,166.15287204627205,162.83100223366733,162.83100223366733,64902300
2023-04-28,167.25694274902344,167.42452836533985,165.48265898999023,166.08394872105114,55275900
2023-05-01,167.16822814941406,168.01594783420873,166.23179728666088,166.8626573980738,52472900
2023-05-02,166.13320922851562,167.91737470896658,165.1474894240389,167.66107793363267,48425700
2023-05-03,165.0587921142578,168.47924132633688,164.7729399649435,167.07952089132834,65136000
2023-05-04,163.4224853515625,164.6546351492701,161.9636242025262,162.53534351356944,81235400
2023-05-05,171.0913848876953,171.8109560965244,168.32149974515366,168.5383592942621,113453200
2023-05-08,171.0223846435547,171.36739258858663,169.65223472844943,170.0169462399646,55962800
2023-05-09,169.3170928955078,171.06180609803263,169.14952233576255,170.57881302608763,45326900
2023-05-10,171.08151245117188,171.54480192353225,169.44521410372417,170.5492304195713,53724500
2023-05-11,171.268798828125,172.09679977091955,169.71135988855104,171.3673768150292,49514700
2023-05-12,170.34097290039062,171.81171738299747,168.79124488441096,171.3773983196224,45533100
2023-05-15,169.84738159179688,170.97265562623798,169.25512575822094,170.92329846315806,37266700
2023-05-16,169.84738159179688,170.9035525855878,169.58086496051854,169.7684131432073,42110300
2023-05-17,170.4593963623047,170.69628668546216,168.21871333171157,169.492059065459,57951600
2023-05-18,172.78892517089844,172.97647339745131,170.35082834910114,170.76540150488879,65496700
2023-05-19,172.89749145507812,174.11159953538055,172.68033195301507,174.11159953538055,55809500
2023-05-22,171.9498748779297,172.4532969038887,171.20956254487746,171.73271538863227,43570900
2023-05-23,169.34400939941406,171.1405082441651,169.06762727894406,170.89373741791002,50747300
2023-05-24,169.62039184570312,170.19290197111815,168.31744971265542,168.88007936551583,45143500
2023-05-25,170.75552368164062,171.65375792303627,169.47231254318322,170.18301363335365,56058300
2023-05-26,173.16400146484375,173.49962120538788,170.87397623432938,171.08127033696854,54835000
2023-05-30,175.00987243652344,176.6780456265802,174.28930584342234,174.6742677286896,55964400
2023-05-31,174.9604949951172,177.03337571367211,174.4768188110026,175.03946345752533,99625300
2023-06-01,177.76380920410156,177.79342049505456,174.64462268903534,175.40468096744894,68901800
2023-06-02,178.61270141601562,179.43198227661338,176.94452840385708,178.69166987914852,61996900
2023-06-05,177.2604217529297,182.5610542820425,175.7403050283916,180.27102884609,121946500
2023-06-06,176.89520263671875,177.79343698174293,175.13818052764557,177.64538051324874,64848400
2023-06-07,175.5231475830078,178.86935913776645,175.02960596689772,176.135134367242,61944600
2023-06-08,178.2376251220703,178.50412674833163,175.1677956906412,175.60209965770608,50214900
2023-06-09,178.62257385253906,179.8761586114367,178.29683460490384,179.15559212759166,48900000
2023-06-12,181.416015625,181.51472997018058,178.63244881890137,178.92857679274874,54274900
2023-06-13,180.94219970703125,181.77134589189876,180.08344223425368,180.4387927508673,54929100
2023-06-14,181.57395935058594,182.00827838693002,179.66889592317074,181.00144926283193,57462900
2023-06-15,183.60733032226562,184.11075236554325,181.40613912687283,181.58382192499832,65433200
2023-06-16,182.5314483642578,184.57471809579366,181.8898502216663,184.31806678939995,101256200
2023-06-20,182.6202392578125,183.69617128575536,182.0279984336963,182.0279984336963,49799100
2023-06-21,181.58383178710938,183.015099412311,180.23151756348105,182.51167734169172,49515700
2023-06-22,184.58453369140625,184.63389085713814,181.29754526800113,181.36664831236425,51245300
2023-06-23,184.26869201660156,185.13733008755815,182.62026481317798,183.15329819733586,53117000
2023-06-26,182.87692260742188,185.62101290744985,182.83743084186574,184.41677010681076,48088700
2023-06-27,185.63087463378906,185.95661391553264,183.27174625542975,183.48890577659213,50730800
2023-06-28,186.80548095703125,187.4470789620611,185.17679982937508,185.5025240055518,51216800
2023-06-29,187.14108276367188,187.61489349976054,186.49948476837957,186.6376758009822,46347300
2023-06-30,191.46453857421875,191.96794560784363,188.78953634841974,189.1547673916645,85213200
2023-07-03,189.97402954101562,191.37568580561538,189.28305928715224,191.27697146600818,31458200
2023-07-05,188.85865783691406,190.48733932830032,188.15782203618815,189.0955632614615,46920300
2023-07-06,189.33242797851562,189.53972207962792,186.756140199604,187.3878728511301,45094300
2023-07-07,188.21701049804688,190.1813114167851,187.7827065576724,188.9375920522482,46815000
2023-07-10,186.1737518310547,187.53593138541007,184.62402407003376,186.8153498480431,59922200
2023-07-11,185.6505889892578,186.85483156149365,184.18971023636405,186.71664053164818,46638100
2023-07-12,187.3187713623047,189.22383458950753,186.0355602702456,187.22992243297554,60750200
2023-07-13,188.0788116455078,188.72042471252908,187.32863389417258,188.0393349477294,41342300
2023-07-14,188.22689819335938,188.71055932283986,187.18059240914323,187.77283329330808,41616200
2023-07-17,191.48426818847656,191.81000743962883,189.33241906132668,189.421252931179,50520200
2023-07-18,191.2276153564453,191.81987127398517,189.93453883356673,190.85253399958415,48288200
2023-07-19,192.57994079589844,195.66950100927124,190.16157487576123,190.6057743707706,80507300
2023-07-20,190.6353759765625,193.93223012421538,190.01350876450033,192.57005054034346,59581200
2023-07-21,189.4607696533203,192.4516308259383,188.75993388819955,191.5928731808388,71951700
2023-07-24,190.2602996826172,192.3924031537896,189.76675804919924,190.91177825353577,45377800
2023-07-25,191.11907958984375,191.92849519264223,190.42812423483107,190.83283203623031,37283200
2023-07-26,191.98770141601562,193.11297577300414,190.82295035426253,191.1684204714641,47471900
2023-07-27,190.72422790527344,194.6528150463848,190.06288393124004,193.48806403406496,47460200
2023-07-28,193.30052185058594,194.09019149232068,191.63234868611636,192.15550162315532,48291400
2023-07-31,193.91249084472656,193.95198260711592,192.7378594315981,193.52752900074864,38824100
2023-08-01,193.08334350585938,194.1888718595327,192.75760424557473,193.7052107356477,35175100
2023-08-02,190.09249877929688,192.6589062555568,189.37193220630533,192.52071519961737,50389300
2023-08-03,188.70071411132812,189.8852110681393,188.22691834094286,189.09555647139584,61235200
2023-08-04,179.63926696777344,184.9596445164711,179.57016391801557,183.12366926443607,115956800
2023-08-07,176.5398406982422,180.7645556934903,175.0592158617292,179.77747246914834,97576100
2023-08-08,177.47755432128906,177.94148460917899,175.2862285117603,177.36897457174686,67823000
2023-08-09,175.8883514404297,178.59294967088076,174.72358547458126,178.53372709089916,60378500
2023-08-10,175.6712188720703,178.41530928434332,175.30600286506225,177.1617092563292,54686900
2023-08-11,175.7305145263672,176.55090180538758,174.50488805624465,175.26597277471524,52036700
2023-08-14,177.38113403320312,177.60846548002914,175.25603067938326,175.90838882978548,43675600
2023-08-15,175.39443969726562,177.40092323969566,174.99907927707545,176.8078826094104,43622600
2023-08-16,174.524658203125,176.47182426987777,174.4554618287455,175.0781688700227,46964900
2023-08-17,171.98443603515625,175.45377181529804,171.47045533667884,175.08806261090004,66062900
2023-08-18,172.46876525878906,173.07169980381985,169.968073231539,170.30413115315332,61172200
2023-08-21,173.80307006835938,174.08971916130307,171.7274054668453,173.04200058882003,46311900
2023-08-22,175.17698669433594,175.62177093693052,174.2083431088137,175.00895776189057,42038900
2023-08-23,179.0218963623047,179.44692307372773,176.26422243128218,176.4520238794437,52722800
2023-08-24,174.3368377685547,179.0021629998802,173.97111355320405,178.57713623123834,54945800
2023-08-25,176.541015625,177.07475372946672,173.78334110152613,175.3252679389123,51449600
2023-08-28,178.1027069091797,178.49806733287568,176.48170504077262,178.003859262239,43820700
2023-08-29,181.9871826171875,182.7581460326424,177.4207046822572,177.61838490226515,53003900
2023-08-30,185.47628784179688,185.67398314097,182.6000082560471,182.7976884731864,60813900
2023-08-31,185.69374084472656,186.92926105598286,185.30825914209595,185.66408956621913,60794500
2023-09-01,187.2653350830078,187.7199980774023,186.09899615427736,187.29498636168424,45766500
2023-09-05,187.50253295898438,187.77928826308653,185.4367469097816,186.09898389331408,45280000
2023-09-06,180.79119873046875,186.66239298088038,179.3678770840619,186.21759365485326,81755800
2023-09-07,175.50315856933594,176.14563807720947,171.5297216636145,173.1507234483217,112488800
2023-09-08,176.115966796875,178.15211655476327,175.7304851357375,176.2840107997074,65551300
2023-09-11,177.28233337402344,178.21144703159865,175.2857283917044,177.9841155245434,58953100
2023-09-12,174.2577667236328,178.043402311121,172.79491507430095,177.4108165912451,90370200
2023-09-13,172.19200134277344,175.24620393193433,171.96465474647994,174.46534664942806,84267900
2023-09-14,173.7042694091797,174.06009984649242,171.5692867853032,171.98441978182902,60895800
2023-09-15,172.9827117919922,174.45545734300367,171.80650919609533,174.43568479625586,109259500
2023-09-18,175.908447265625,177.30211784571853,174.12929493806257,174.43570157296918,67257600
2023-09-19,176.99566650390625,177.54917706999674,175.07813698421282,175.46361863431386,51826900
2023-09-20,173.45713806152344,177.61836118650515,173.36816915467014,177.18345571133617,58436200
2023-09-21,171.9152069091797,174.25776334751873,171.846025624082,172.5280351536478,63149100
2023-09-22,172.76524353027344,175.0287248458324,172.03382526857388,172.6466384244914,56725400
2023-09-25,174.04031372070312,174.92000347180993,172.13266274999066,172.1820865728236,46172700
2023-09-26,169.96804809570312,173.1705067749598,169.67152023376326,172.7949188930673,64588900
2023-09-27,168.45574951171875,171.0355161486817,167.09174554279588,170.6203831944849,66921800
2023-09-28,168.71275329589844,170.03722730338785,165.67830850769053,167.37838547451082,56294400
2023-09-29,169.22674560546875,171.06520035560507,168.36681324873706,170.02736032081233,51861100
2023-10-02,171.7373046875,172.28093658205415,168.9499639274405,169.23661305458424,52164500
2023-10-03,170.4029083251953,171.61867083541966,168.84122435442626,170.2645306917589,49594600
2023-10-04,171.6483612060547,172.19199313339385,168.98951921036945,169.10812432832188,53020300
2023-10-05,172.88388061523438,173.41761872545223,170.67970163713667,171.77684421895017,48527900
2023-10-06,175.43399047851562,175.92819856079907,171.17390414032383,171.78673241813826,57266700
2023-10-09,176.91661071777344,176.9759132731787,173.76356081110382,174.76185568517045,42390800
2023-10-10,176.32354736328125,177.6381425852869,175.88864186643335,176.03691333055846,43698000
2023-10-11,177.7172088623047,177.76663268122664,175.5426965680271,176.13573714899445,47551100
2023-10-12,178.61668395996094,180.227791982292,176.96601576479657,177.98409824545533,56743100
2023-10-13,176.7782440185547,179.82255265296823,176.0764618780152,179.31846581874476,51427100
2023-10-16,176.6497039794922,177.0055343332113,174.46529804209953,174.70252330525588,52517000
2023-10-17,175.097900390625,176.35319301979084,172.7751316803463,174.60369235668924,57549400
2023-10-18,173.80307006835938,175.52291937992672,173.08153059369246,173.54608733160953,54764400
2023-10-19,173.427490234375,175.7799102245973,173.16061367257353,174.00075828264139,59302900
2023-10-20,170.8773956298828,173.3879661145723,170.64017031492207,173.27923973046956,64244000
2023-10-23,170.99600219726562,171.99429712738208,167.96155723103598,168.93021596381925,55980100
2023-10-24,171.43087768554688,171.65820914819068,169.46392436745393,171.04539603931104,43816600
2023-10-25,169.11801147460938,171.0552987076063,168.67321213575732,169.88897487497013,57157000
2023-10-26,164.95677185058594,169.39476582537458,163.75090293239452,168.3964558542296,70625300
2023-10-27,166.27134704589844,167.00278034322866,164.8974493569631,164.9765244498122,58499100
2023-10-30,168.31736755371094,169.18717852998205,166.91381853056686,167.06208999172168,51131000
2023-10-31,168.7918243408203,168.92030818010912,165.9550598323106,167.38827526603964,44846000
2023-11-01,171.95477294921875,172.21175573979943,168.1493644262673,169.01917553597846,56934900
2023-11-02,175.51307678222656,175.72063574409248,173.4275179386151,173.4868204991482,77334800
2023-11-03,174.60369873046875,174.77174274032964,171.34193765305042,172.22162738228718,79829200
2023-11-06,177.15383911132812,177.3515193436343,174.1688329148246,174.33686186638658,63841300
2023-11-07,179.71385192871094,180.32666518466948,176.896859550255,177.10441851925728,70530000
2023-11-08,180.77142333984375,181.32493395317235,179.4864793691692,180.23768527185777,49340300
2023-11-09,180.2969970703125,181.98718027395728,179.70394133589065,180.8406289798602,53763500
2023-11-10,184.48348999023438,184.65175539538808,181.6430032262288,182.07848170612579,66133400
2023-11-13,182.8999481201172,184.11729742228064,182.31601793716675,183.9094650326421,43627500
2023-11-14,185.51280212402344,186.17591157835597,184.38452385663774,185.77012344749633,60108400
2023-11-15,186.07691955566406,187.55160515956638,185.84928859059917,185.91857611582427,53790500
2023-11-16,187.75946044921875,188.99660829200764,186.7103463929358,187.62090049490251,54412900
2023-11-17,187.7396697998047,188.42257785422723,186.63119011836693,188.29390964052354,50922700
2023-11-20,189.4815673828125,189.93684445013852,187.92771748948175,187.93760923589429,46505100
2023-11-21,188.67990112304688,189.55085808280586,187.78916067013205,189.44198846283598,38134500
2023-11-22,189.343017578125,190.94635649331246,188.8679569924961,189.52117473642568,39617700
2023-11-24,188.0167999267578,188.93723076179566,187.30420149232032,188.90754041885276,24048300
2023-11-27,187.838623046875,188.7095799535061,186.95777439426936,187.9672912540552,40552600
2023-11-28,188.44236755371094,189.11538388382388,187.45264920500045,187.82874701011957,38415400
2023-11-29,187.42295837402344,190.11499348364924,187.02707707633283,188.93722623545,43014200
2023-11-30,187.99697875976562,188.36318478193425,186.2550800746654,187.888109148078,48794400
2023-12-01,189.2737274169922,189.59042941044567,187.2843840288066,188.37308016671426,45704800
2023-12-04,187.48231506347656,188.09595062883508,185.52267721747734,188.0266631045601,43389500
2023-12-05,191.43130493164062,192.40122460244103,188.22461231756913,188.25431775925796,66628400
2023-12-06,190.3426513671875,192.75755159573393,190.1348038567878,192.4507413057332,41089700
2023-12-07,192.27259826660156,192.9950884718347,191.59958189996593,191.63917909312914,47477700
2023-12-08,193.69778442382812,193.9749043529612,191.67875053796885,192.20330005396386,53406400
2023-12-11,191.19378662109375,191.50061200003438,189.45188773429211,191.12451418849048,60943700
2023-12-12,192.70806884765625,192.71796059458774,189.7488055095461,191.09482308550778,52696900
2023-12-13,195.92465209960938,195.96423418895137,192.8466274130704,193.08415015292962,70404200
2023-12-14,196.07310485839844,197.567574144968,194.14315707722483,195.98403383047588,66831600
2023-12-15,195.5386505126953,196.36010340669733,194.97450383643803,195.4990533238864,128538400
2023-12-18,193.87591552734375,194.60831249977454,192.39133809002112,194.0738561652729,55751900
2023-12-19,194.91513061523438,194.92502236186388,193.87592334681435,194.1431515248431,40714100
2023-12-20,192.82681274414062,195.64750075817219,192.82681274414062,194.87552171417178,52242800
2023-12-21,192.6783447265625,195.0536776254948,191.51048442189503,194.08375795359612,46482500
2023-12-22,191.6094512939453,193.40083883584492,190.98592398969686,193.1731927744169,37149600
2023-12-26,191.06512451171875,191.89648427525853,190.84738527337694,191.6193643540786,28919300
2023-12-27,191.16407775878906,191.51048519395766,189.12526053943682,190.51087517820892,48087700
2023-12-28,191.5896759033203,192.65857351066379,191.18388776405135,192.14391575114956,34049900
2023-12-29,190.55047607421875,192.40124458871406,189.75869835988954,191.90638540499626,42672100
2024-01-02,183.7313232421875,186.50253778362813,181.99931604152513,185.22579259007347,82488700
2024-01-03,182.35560607910156,183.96885182302105,181.5440297827802,182.32591573673892,58414500
2024-01-04,180.03965759277344,181.2075179249861,179.0202489631632,180.27718031693732,71983600
2024-01-05,179.31715393066406,180.88091065327836,178.31754388665928,180.1188384374096,62379700
2024-01-08,183.6521453857422,183.69174257913158,179.63389106527006,180.21782130157615,59144500
2024-01-09,183.23646545410156,183.24635720149604,180.85124046635073,182.02900778818224,42841800
2024-01-10,184.275634765625,184.48346713133998,182.02897021466416,182.45455689524942,46792900
2024-01-11,183.68182373046875,185.12681915669637,181.73207738578324,184.62205313633504,49128400
2024-01-12,184.0084228515625,184.8199990991005,183.28593272766105,184.14698280822722,40477800
2024-01-16,181.74195861816406,182.36547081733983,179.06970738606304,180.28707165025173,65603000
2024-01-17,180.80174255371094,181.04917214343425,178.44622312883942,179.40625114511818,47317400
2024-01-18,186.69058227539062,187.1953332109462,183.9193677995691,184.17668914088887,78005800
2024-01-19,189.59043884277344,189.97642838325277,186.8786203129096,187.38337121910467,68903000
2024-01-22,191.896484375,193.32168117146784,190.2832386815117,190.32283587135973,60133900
2024-01-23,193.17320251464844,193.7373491711095,191.83709192633378,193.01485907067706,42355600
2024-01-24,192.50021362304688,194.36088890095834,192.34185506707502,193.41075266703035,53631300
2024-01-25,192.17359924316406,194.2520137003454,191.124500268323,193.21280647175473,54822100
2024-01-26,190.44161987304688,192.7575573916286,189.9665592517261,192.27260502262163,44594000
2024-01-29,189.75868225097656,190.22385105233468,187.63079398239137,190.03580216218106,47145600
2024-01-30,186.1066436767578,189.82799457367844,185.54251203451676,188.97683613469175,55859400
2024-01-31,182.50404357910156,185.17629499887522,182.45456974695213,185.11689921687164,55467800
2024-02-01,184.93878173828125,185.0278527702626,181.93004443231115,182.09829474891072,64885400
2024-02-02,183.93914794921875,185.40392677166545,177.4070012757119,178.01073002917815,102551700
2024-02-05,185.75035095214844,187.30421616342255,183.92927263345797,186.2155198305614,69668800
2024-02-06,187.35366821289062,187.36355995873058,184.8496822422945,184.93875326056028,43490800
2024-02-07,187.46253967285156,189.08567701882757,186.6707620426896,188.67988890685803,53439000
2024-02-08,186.38375854492188,187.59120098390878,185.42373058041275,187.44274927884152,40962000
2024-02-09,187.14682006835938,188.27653811843788,186.30447993507684,186.9486117161699,45155200
2024-02-12,185.4621124267578,186.96840797825126,185.10535861511914,186.72066269575697,41781900
2024-02-13,183.37115478515625,184.53061609699293,181.85495475727518,184.0945819491523,56529500
2024-02-14,182.48916625976562,183.8567250370981,180.7945970211484,183.648627470826,54630500
2024-02-15,182.20181274414062,182.82613576875198,179.71445525689393,181.8946109768474,65434500
2024-02-16,180.66578674316406,183.18288755084293,180.03155935687485,181.76577652013776,49752500
2024-02-20,179.9225616455078,180.78471053407532,178.3766332434525,180.15048310961222,53665600
2024-02-21,180.67568969726562,181.24054108716462,179.03065736673128,180.29911202321813,41371400
2024-02-22,182.70721435546875,183.29190480468338,180.81445159653885,181.82524161821627,52292200
2024-02-23,180.87388610839844,183.37114775196545,180.58649310326592,183.34141952676862,45119700
2024-02-26,179.5261688232422,181.11172976770854,179.02075870271764,180.59643039937333,40867400
2024-02-27,180.98289489746094,182.2612539462515,177.94057546451762,179.4666949255866,54318900
2024-02-28,179.7838134765625,181.46847854843006,178.50545433930714,180.8639793914523,48953900
2024-02-29,179.119873046875,180.92346630197014,177.9108746304469,179.63518756564144,136682600
2024-03-01,178.03970336914062,178.90185225837237,175.78026722267666,177.93069482167198,73563100
2024-03-04,173.5207977294922,175.3045516235648,172.22259977869518,174.56131579397731,81510100
2024-03-05,168.58570861816406,170.48839061409436,168.09021804252058,169.21993595014084,95132400
2024-03-06,167.59474182128906,169.69563232435493,167.15870765798908,169.5172478388351,68587700
2024-03-07,167.47581481933594,169.1902079797121,166.97041987504164,167.62445594378354,71765100
2024-03-08,169.19020080566406,172.13341591430694,167.41635127072408,167.47580771798204,76267000
2024-03-11,171.19198608398438,172.80729012575145,170.4983023339276,171.38027491353657,60139500
2024-03-12,171.66766357421875,172.46045153320196,169.4676841705973,171.58838326620315,59825400
2024-03-13,169.58660888671875,171.6280276345068,169.21993557914925,171.21181736641944,52488700
2024-03-14,171.43975830078125,172.73794133442243,170.49832912625453,171.35057361629615,72913500
2024-03-15,171.0631866455078,171.0631866455078,168.75419840900892,169.6262667891251,121752700
2024-03-18,172.1532440185547,176.10726419166866,171.9550508157469,173.98656516716395,75604200
2024-03-19,174.49197387695312,175.01719271038215,171.46947815172825,172.76766112194616,55215200
2024-03-20,177.05862426757812,177.05862426757812,173.51090945491785,174.1352325028599,53423100
2024-03-21,169.82443237304688,175.88924720546055,169.2992135808601,175.4532130863986,106181300
2024-03-22,170.72625732421875,171.48931715990707,168.5262776263353,170.210942813777,71160100
2024-03-25,169.30914306640625,170.3893089389317,167.92176032191367,169.03166954174233,54288300
2024-03-26,168.17942810058594,169.87399750483326,168.0505957042821,168.4668059986792,57388400
2024-03-27,171.7469482421875,172.0343412561863,168.575811446925,168.87310882923745,60273300
2024-03-28,169.93344116210938,170.67667701496117,168.97218824939392,170.2010103030642,65672700
2024-04-01,168.4965362548828,169.70553455748254,167.9514935576168,169.6460781034487,46240500
2024-04-02,167.3172607421875,167.81275133793278,166.71276161053132,167.55510167176752,49329500
2024-04-03,168.1199493408203,169.14065873561202,167.05960735256843,167.26770493028647,47691700
2024-04-04,167.29747009277344,170.3695030458197,167.29747009277344,168.75419869027797,53704400
2024-04-05,168.0505828857422,168.85327518664994,167.4262599311819,168.0604872534819,42104800
2024-04-08,166.93077087402344,167.67400673287588,166.72267330140122,167.50554175274334,37425500
2024-04-09,168.13978576660156,168.5460917055098,166.83169838821917,167.17853275073267,42373800
2024-04-10,166.26683044433594,167.5650134431552,165.60287483124418,167.27763553824258,49709300
2024-04-11,173.4613494873047,173.87757491447604,166.64340884278624,166.8217782077108,91070300
2024-04-12,174.9577178955078,176.75139128420307,172.63882572850417,172.6883626870387,101670900
2024-04-15,171.132568359375,175.03703722038412,170.94427948721847,173.77848669689703,73531800
2024-04-16,167.85238647460938,172.19287348566485,166.75239682964104,170.20100688366134,73711200
2024-04-17,166.48486328125,169.11095775477588,166.48486328125,168.08034382587564,50901200
2024-04-18,165.53350830078125,167.11908441586118,165.04793714543356,166.5145852231191,43122900
2024-04-19,163.51190185546875,164.89926951971245,162.6002009445124,164.7109957890585,68149400
2024-04-22,164.3443145751953,165.75150603037284,163.28397258003716,164.0272084619306,48116400
2024-04-23,165.3947296142578,165.54338584303815,163.43259138795673,163.8587210983889,49537800
2024-04-24,167.49563598632812,167.7731094949557,164.7109814111337,165.03799187966663,48251800
2024-04-25,168.3577880859375,169.07129572836638,166.63347542987228,168.00103426472305,50558300
2024-04-26,167.77308654785156,169.79468113723124,167.65415854529743,168.34785734315807,44838400
2024-04-29,171.9352569580078,174.44243845784558,171.5388704832316,171.8064245491769,68169400
2024-04-30,168.79383850097656,173.41181476528868,168.46681287321124,171.76678225756265,65934800
2024-05-01,167.77308654785156,171.15233539143642,167.5847977382134,168.0505600185278,50383100
2024-05-02,171.46946716308594,171.85594920671264,169.34876810707777,170.95415273119292,94214900
2024-05-03,181.72613525390625,185.31348231884328,181.01262758822543,184.9666328542693,163224100
2024-05-06,180.0712127685547,182.53874644704828,178.79283846563771,180.70544017490002,78569700
2024-05-07,180.7549591064453,183.2324120279765,179.68471275097576,181.79549235772294,77305800
2024-05-08,181.0919189453125,181.4189445721307,179.81354466582562,181.20092748758523,45057100
2024-05-09,182.90541076660156,182.99459544718977,180.4675903156434,180.91352883975787,48983000
2024-05-10,181.64515686035156,183.66949389545601,180.7322193628195,183.48094965782863,50759500
2024-05-13,184.85037231445312,185.6640864017181,183.20310853414878,184.01682262141375,72044800
2024-05-14,185.9915313720703,186.8548647149755,184.8602810891409,186.07091921634225,52393600
2024-05-15,188.2639617919922,189.1868170758504,185.93199122253947,186.46785537715886,70400000
2024-05-16,188.38304138183594,189.6333810173086,188.2044300863017,189.00821119957226,52845200
2024-05-17,188.41281127929688,189.34559954047234,187.72810435814964,188.0555735439889,41282900
2024-05-20,189.57382202148438,190.44707314635468,187.5594028379898,187.87695420764547,44361300
2024-05-21,190.873779296875,191.25085261805762,189.4547462309282,189.62343971650407,42309400
2024-05-22,189.43490600585938,191.3401840301744,188.8097513226368,190.79440205142186,34648500
2024-05-23,185.4457550048828,189.5341303535584,185.1976736824305,189.5142796080912,51005900
2024-05-24,188.52197265625,189.11737394472448,186.59685898409072,187.37088671578107,36327000
2024-05-28,188.5319061279297,191.51880009814326,187.64873713728954,190.04022981736387,52280100
2024-05-29,188.82958984375,190.7745542503335,188.05557725890648,188.15481585355153,53068000
2024-05-30,189.82188415527344,190.70505299300459,189.16696101953212,189.2959530014381,49889100
2024-05-31,190.77455139160156,191.09210277636024,188.45251367186646,189.9707702687458,75158300
2024-06-03,192.5408935546875,193.49353258818425,191.04248767189634,191.41956102246726,50080500
2024-06-04,192.85841369628906,193.82097037667646,191.54853713018946,193.14618134943933,47471400
2024-06-05,194.36676025390625,195.38885414673365,193.3744349100596,193.90036613096368,54156800
2024-06-06,192.98744201660156,194.99194358986873,192.679823561343,194.1881624282746,41181800
2024-06-07,195.3789520263672,195.4285713258788,192.65005711175448,193.15613762673084,53103900
2024-06-10,191.6378631591797,195.7857909182053,190.6753063763642,195.3888517006261,97010200
2024-06-11,205.5601806640625,205.57011360777915,192.14395345618084,192.16378906024917,172373300
2024-06-12,211.4347686767578,218.51003809526938,205.3121079690946,205.77850209290926,198134300
2024-06-13,212.5957794189453,215.08651049080893,209.97604121171418,213.09194207290335,97862700
2024-06-14,210.85922241210938,213.5186471242216,209.67835280423736,212.20878551515116,70122700
2024-06-17,215.0071563720703,217.26965721764734,211.0874738193539,211.7324793139925,93728300
2024-06-18,212.64541625976562,216.95212026584522,211.36532307811277,215.92009330762266,79943300
2024-06-20,208.0707550048828,212.59577094768608,207.2471383568116,212.28813739547695,86172500
2024-06-21,205.89759826660156,210.26382387597764,205.5205097773767,208.77533580800622,241805100
2024-06-24,206.54258728027344,211.0675882243761,205.00448003735443,206.12581247138846,80727000
2024-06-25,207.4654998779297,209.75776936385003,207.00902348487315,207.54487259337077,55549700
2024-06-26,211.61338806152344,213.2110325348534,209.0234182045521,209.87681864015101,66213200
2024-06-27,212.4568634033203,214.0842763709762,210.7202940415425,213.04233172557286,49772700
2024-06-28,209.00355529785156,214.41174043740799,208.68601906723538,214.1140398112984,82542700
2024-07-01,215.08653259277344,215.84069445328046,210.29359904602236,210.46229254870087,60402900
2024-07-02,218.57949829101562,218.68865467979296,213.4491783018458,214.49110775455017,58046200
2024-07-03,219.84967041015625,219.84967041015625,217.34900644671097,218.3115631866412,37369800
2024-07-05,224.60293579101562,224.71209219476,219.9489270685169,219.9489270685169,60412400
2024-07-08,226.07156372070312,226.1013322692385,221.53662969916704,225.34715532852172,59085900
2024-07-09,226.92495727539062,227.63943274976205,224.63268810415036,226.180713251394,48076100
2024-07-10,231.1919403076172,231.29117889263895,227.49057123987387,227.54019053238477,62627700
2024-07-11,225.823486328125,230.60648662367137,224.03729767642758,229.61416127735984,64710600
2024-07-12,228.77069091796875,230.8545803134063,226.92496506939614,227.1631286162611,53046500
2024-07-15,232.60107421875,235.40935699641528,231.3011303310065,234.66511292556817,62631300
2024-07-16,233.01785278320312,234.4567215545301,230.54695713829173,233.19646408342908,43234300
2024-07-17,227.12342834472656,229.6836295353235,224.9006141352506,227.68904591405493,57345900
2024-07-18,222.45948791503906,228.67145424701283,220.56415801938329,228.51267855827928,66034600
2024-07-19,222.58847045898438,225.05936573868797,221.56637668093765,223.09456601818903,49151500
2024-07-22,222.24118041992188,226.03185518490554,221.37784711424985,225.2677604657143,48201800
2024-07-23,223.28311157226562,225.19830728583617,220.97099179310993,222.64802398231987,39960300
2024-07-24,216.86279296875,223.0747598557794,215.46362561910502,222.28089648286087,61777600
2024-07-25,215.8208465576172,219.15506035064124,212.97286249707204,217.24978234747041,51391200
2024-07-26,216.2872314453125,217.80548795978973,214.35218497553956,217.02154248476683,41601300
2024-07-29,216.5650634765625,217.61692579686954,214.09416820479274,215.29488839449198,36311800
2024-07-30,217.12078857421875,218.63904514115285,214.46134877521007,217.50779485320817,41643800
2024-07-31,220.3756103515625,222.10226187087767,218.93674165630796,219.7405227481965,50036300
2024-08-01,216.68417358398438,222.7572001483694,215.35446119036925,222.64804374939,62501000
2024-08-02,218.17263793945312,223.86859053089324,216.03914463167754,217.46808032420208,105568600
2024-08-05,207.66392517089844,211.8614570593827,194.49576385779395,197.56204548052773,119548600
2024-08-06,205.6395721435547,208.3783997216886,199.52685967053256,203.72439154098564,69660500
2024-08-07,208.20970153808594,212.00037630720823,204.80601788828693,205.31209833985366,63516400
2024-08-08,211.6729278564453,212.55609685346144,207.22731432081122,211.4744658055274,47161100
2024-08-09,214.5804443359375,215.11629337558463,210.3432107490655,210.47221789303094,42201600
2024-08-12,216.11038208007812,218.07745621052726,214.19298467780987,214.65991863613397,38028100
2024-08-13,219.82598876953125,220.44193777769505,217.58072790378117,217.58072790378117,44155300
2024-08-14,220.27304077148438,221.5744891931242,218.2662191901357,219.13055181670978,41960600
2024-08-15,223.25344848632812,223.87934187315213,221.30623303799138,223.1342364732981,46414000
2024-08-16,224.5747833251953,225.34969177239586,222.19043681447837,222.45867901826594,44340200
2024-08-19,224.41583251953125,224.51518597934856,221.58442566604344,224.2469437652095,40687800
2024-08-20,225.0317840576172,225.68748051768907,223.97870407222223,224.29662301984854,30299000
2024-08-21,224.9224853515625,226.4921759358446,223.58130467937312,225.04171252806572,34765500
2024-08-22,223.06471252441406,226.84984597984075,222.43881906323927,226.30343225653021,43695300
2024-08-23,225.35963439941406,226.73063334528243,222.866020162344,224.187342377279,38677300
2024-08-26,225.69740295410156,225.79675641202357,222.4288803537143,225.28014571740593,30602200
2024-08-27,226.5418701171875,227.35652605602343,223.4223624308928,224.52511915345738,35934600
2024-08-28,225.0119171142578,228.35991942602843,224.20719049274723,226.43257756563742,38052200
2024-08-29,228.2903594970703,231.39993763712056,227.38630977427198,228.59834913803303,51906300
2024-08-30,227.5055389404297,228.89639643358683,225.99545426270925,228.68777538921813,52990800
2024-09-03,221.31619262695312,227.50553099413642,219.7266282681139,227.05847075546578,50190600
2024-09-04,219.40872192382812,220.33264539565292,216.06070449558098,220.2134333758585,43840200
2024-09-05,220.9287567138672,224.0085170705176,220.07436845302396,220.1836512012438,36615400
2024-09-06,219.37892150878906,223.7700744804958,218.33577084564575,222.4884846157397,48423000
2024-09-09,219.46835327148438,219.82600453136772,215.29576534565257,219.37894424631622,67180000
2024-09-10,218.67355346679688,220.03460793809228,215.31560663834654,217.49131703149231,51591000
2024-09-11,221.20692443847656,221.63411098197892,216.4680492147489,220.01475867053273,44587100
2024-09-12,221.31619262695312,222.09110108310472,218.38544755210194,221.04795042006705,37455600
2024-09-13,221.04794311523438,222.57788625371046,220.461797151476,222.12089674811224,36766600
2024-09-16,214.90830993652344,215.80243050187988,212.52396316355507,215.12686027714844,59357400
2024-09-17,215.3751983642578,215.48448109873988,213.10014982176025,214.3419921866889,45519300
2024-09-18,219.249755859375,221.2565773677011,216.12030400107497,216.1302484418979,59894900
2024-09-19,227.37637329101562,228.32018565098164,223.16405353373213,223.52170475455895,66781300
2024-09-20,226.7107391357422,231.56882586153637,226.13452245924367,228.46919216926284,318679900
2024-09-23,224.99205017089844,227.95259834339626,224.33635371548323,225.8563676699032,54146000
2024-09-24,225.88616943359375,227.85325878901892,224.25687274556688,227.15781488965328,43556100
2024-09-25,224.8927001953125,225.80669443859438,222.55804543582803,223.462095237407,42308700
2024-09-26,226.0352020263672,227.00880227293717,223.9389713421174,225.81663654010723,36636700
2024-09-27,226.30343627929688,228.02215721764472,225.81664372013879,226.9690772008412,34026000
2024-09-30,231.4794464111328,231.4794464111328,228.15130238402674,228.53875664504176,54541900
2024-10-01,224.7337646484375,228.15130254219565,222.27988260723768,228.02216122790813,63285000
2024-10-02,225.30003356933594,225.8861795938886,221.56457676904253,224.41584231153624,32880600
2024-10-03,224.19725036621094,225.3298099915582,221.86259582618194,223.6707104185886,34044200
2024-10-04,225.3199005126953,226.5120662505933,222.66732681912907,226.41271278943105,37245100
2024-10-07,220.24325561523438,224.2171516536621,219.8856043654075,223.0349151567562,39505400
2024-10-08,224.29661560058594,224.5052366387564,221.79305702807565,222.83620769655573,31855700
2024-10-09,228.0419921875,228.25062837641602,223.3627386107029,223.76012210676075,33591100
2024-10-10,227.54527282714844,228.00227752622936,225.68748134269669,226.29350107451606,28183500
2024-10-11,226.0650177001953,227.91287999534921,225.8563814846346,227.80359724609562,31759200
2024-10-14,229.79052734375,230.21771386522883,227.1081507143634,227.20748901369805,39882100
2024-10-15,232.32391357421875,235.94015852414,230.85356105977672,232.0854743439606,64751400
2024-10-16,230.26739501953125,230.60517253033711,228.34005309673006,230.0885769817669,34082200
2024-10-17,230.6349639892578,232.3238817771462,229.01561181125544,231.90660939150177,32993800
2024-10-18,233.46636962890625,234.6386615701971,232.4828249974097,234.6386615701971,46431500
2024-10-21,234.93670654296875,235.3043021987925,232.91995571367772,232.91995571367772,36254500
2024-10-22,234.3207550048828,234.67840621577702,231.08203554343615,232.3636102062686,38846600
2024-10-23,229.25405883789062,233.60547988580885,226.27363678517082,232.55239985265487,52287000
2024-10-24,229.0653076171875,229.3136761173618,226.91940013747097,228.47914643577636,31109500
2024-10-25,229.89979553222656,231.6979808399029,228.07180722071536,228.24069596218243,38802300
2024-10-28,231.87681579589844,233.19813797949908,231.032372026897,231.7973512193415,36087100
2024-10-29,232.14508056640625,232.80077708078602,230.8038996879506,231.57880823795904,35417200
2024-10-30,228.5983428955078,231.94634497686565,228.05192923673224,231.09195684474602,47070900
2024-10-31,224.43569946289062,228.330115454563,223.89921505082026,227.84330777090054,64370100
2024-11-01,221.4552764892578,223.87935529424118,218.83250593091054,219.5279346472888,65276700
2024-11-04,220.56114196777344,221.33605042122997,218.2761640538016,219.54780947276666,44944500
2024-11-05,221.9917449951172,222.4884819564664,219.6968226591573,220.35251908634842,28111300
2024-11-06,221.26651000976562,224.59465366535846,219.7464961432124,221.15722727351368,54561100
2024-11-07,225.99545288085938,226.39285156162418,223.10445516924474,223.16406118155706,42137700
2024-11-08,225.72691345214844,227.41767417057122,225.17989861433574,225.93576400556717,38328800
2024-11-11,223.01174926757812,224.47376393957063,220.29658566640109,223.77757009002366,42005600
2024-11-12,223.01174926757812,224.36436096493557,222.14648085284745,223.33001798502116,40398300
2024-11-13,223.89691162109375,225.4185978724207,221.54973296285615,222.79294167641658,48566200
2024-11-14,226.98008728027344,227.62654977508777,223.77758025105393,223.79747584076947,44923900
2024-11-15,223.77757263183594,225.68713943052106,223.0515429787679,225.16996034674554,47923700
2024-11-18,226.7811737060547,228.49183017609323,223.94665165924164,224.0262188410909,44633700
2024-11-19,227.03973388671875,228.90952454109907,225.42854034251505,225.7467938634959,36211800
2024-11-20,227.75584411621094,228.68078414631773,224.6627401240164,226.82094870348703,35169600
2024-11-21,227.27845764160156,228.90954693288327,224.48372676835862,227.63650237265796,42108300
2024-11-22,228.62110900878906,229.46649702017746,226.82094518602503,226.82094518602503,38168300
2024-11-25,231.6048126220703,231.98275293866183,228.49182822914253,230.20248468460477,90152800
2024-11-26,233.78292846679688,234.2901673751303,232.0623317186483,232.0623317186483,45986200
2024-11-27,233.6536102294922,234.40949083683986,232.53970008294309,233.19611792325418,33498400
2024-11-29,236.0405731201172,236.51796100091357,232.69882760276832,233.53426018813377,28481400
2024-12-02,238.28829956054688,239.4817769036961,235.8715090788613,235.9809120539101,48137100
2024-12-03,241.33169555664062,241.4410985423243,237.6020690118179,238.50712869557495,38861000
2024-12-04,241.68972778320312,242.78375758332757,239.9392952788925,241.55048900644988,44383900
2024-12-05,241.7195587158203,243.21140922639395,240.81451427308068,242.6644095132275,40033900
2024-12-06,241.52064514160156,243.3009285590703,240.76477968960373,241.5902721155965,36870600
2024-12-09,245.40939331054688,245.89673657618508,240.43655859300793,240.51612576959502,44649200
2024-12-10,246.42385864257812,246.86147053083658,244.00705305092782,245.54863486606115,36914800
2024-12-11,245.15081787109375,249.43739908317045,244.92205654138039,246.61283253090062,45205800
2024-12-12,246.61282348632812,247.38858448031883,244.3451969163318,245.54862958315107,32777500
2024-12-13,246.7819061279297,247.9355922748061,244.90217516923994,246.47359279661413,33155300
2024-12-16,249.6760711669922,250.0142354510927,246.304489938892,246.6426542229925,51694800
2024-12-17,252.1028289794922,252.45093348613432,248.42293425963442,248.72130738305802,51356400
2024-12-18,246.7023468017578,252.89849494785605,246.39403346062903,250.7900177691265,56774100
2024-12-19,248.43287658691406,250.6308762664829,245.7475488049507,246.15532490458142,60882300
2024-12-20,253.1073455810547,253.61456925624782,244.35515348919105,246.6923766885693,147495300
2024-12-23,253.88311767578125,254.26104280923545,252.07299848460428,253.38583418491564,40858800
2024-12-24,256.7972106933594,256.80713572411884,253.90300191480816,254.10192745486222,23234700
2024-12-26,257.61273193359375,258.6868812844183,256.23029959445824,256.78725468311694,27237100
2024-12-27,254.2013397216797,257.29445843453453,251.68508678374678,256.42915977215165,42355300
2024-12-30,250.82977294921875,252.1227129740064,249.3876539575231,250.85960874260036,35557500
