Date,Predictions,Actuals,Residuals,Confidence_Pct,Strategy_Return,LongBiased_Return,Benchmark_Return
2017-04-28,-0.0020293595276003086,0.02039702753526962,0.022426387062869927,0.039153439153439155,0.0,0.02039702753526962,-0.000973460636502832
2017-05-01,-0.003614881746677453,0.006344341114197682,0.009959222860875135,0.06455026455026455,0.0,0.006344341114197682,0.02039702753526962
2017-05-02,-0.011684640851254318,-0.0030505829161765474,0.008634057935077771,0.25132275132275134,-0.0,-0.0030505829161765474,0.006344341114197682
2017-05-03,0.036522110965478236,-0.0036041320830902945,-0.04012624304856853,0.6317460317460317,-0.002552066041545147,-0.0036041320830902945,-0.0030505829161765474
2017-05-04,-0.005481896955395249,0.016583953089486236,0.022065850044881485,0.10211640211640212,-0.00075,0.016583953089486236,-0.0036041320830902945
2017-05-05,0.015935118549091697,0.027188762001995492,0.011253643452903795,0.32751322751322753,0.0,0.027188762001995492,0.016583953089486236
2017-05-08,0.03404579353669337,0.0064046908226382815,-0.027641102714055087,0.6047619047619047,0.002452345411319141,0.0064046908226382815,0.027188762001995492
2017-05-09,0.02687674583018413,-0.0047409213926097316,-0.03161766722279386,0.5164021164021164,-0.00075,-0.0047409213926097316,0.0064046908226382815
2017-05-10,0.026982152401945764,0.008648570227470787,-0.018333582174474977,0.5185185185185185,0.0,0.008648570227470787,-0.0047409213926097316
2017-05-11,0.03909853550061363,0.013965780024319585,-0.025132755476294046,0.6571428571428571,0.006232890012159793,0.020198670036479377,0.008648570227470787
2017-05-12,0.019106588560671774,-0.0025624239625682277,-0.02166901252324,0.38571428571428573,-0.00075,-0.0033124239625682275,0.013965780024319585
2017-05-15,0.020962785204978778,-0.0014774690714256522,-0.02244025427640443,0.4185185185185185,-0.0,-0.0014774690714256522,-0.0025624239625682277
2017-05-16,0.02595517693806547,-0.033575621063722694,-0.05953079800178816,0.5042328042328043,-0.0,-0.033575621063722694,-0.0014774690714256522
2017-05-17,0.02849265860663132,0.015241190847522956,-0.013251467759108362,0.5365079365079365,0.0,0.015241190847522956,-0.033575621063722694
2017-05-18,0.07800071045641276,0.0034090027999138517,-0.0745917076564989,0.8846560846560847,0.0009545013999569258,0.004363504199870778,0.015241190847522956
2017-05-19,0.0793631014822095,0.006076098967379817,-0.07328700251482968,0.8888888888888888,0.0030380494836899086,0.009114148451069726,0.0034090027999138517
2017-05-22,0.051322663155738475,-0.0012336959321956886,-0.052556359087934164,0.7576719576719577,-0.0006168479660978443,-0.001850543898293533,0.006076098967379817
2017-05-23,0.0914799678282686,-0.0029910156315919867,-0.09447098345986059,0.9243386243386243,-0.0014955078157959933,-0.00448652344738798,-0.0012336959321956886
2017-05-24,0.10697590269119912,0.00345624316662696,-0.10351965952457216,0.953968253968254,0.00172812158331348,0.00518436474994044,-0.0029910156315919867
2017-05-25,0.10119988613937403,-0.001689554727705267,-0.1028894408670793,0.9412698412698413,-0.0008447773638526335,-0.0025343320915579004,0.00345624316662696
2017-05-26,0.08457952189328748,0.000390433721496386,-0.08418908817179109,0.9074074074074074,0.000195216860748193,0.000585650582244579,-0.001689554727705267
2017-05-30,0.09643184306691752,-0.005921886007061672,-0.10235372907397919,0.9333333333333333,-0.002960943003530836,-0.008882829010592508,0.000390433721496386
2017-05-31,0.08704442662032852,0.0027498571949648998,-0.08429456942536362,0.9137566137566138,0.0013749285974824499,0.00412478579244735,-0.005921886007061672
2017-06-01,0.0981156387247212,0.014818931204452879,-0.08329670752026833,0.9375661375661376,0.007409465602226439,0.022228396806679318,0.0027498571949648998
2017-06-02,0.09747938752241742,-0.009778245087523674,-0.10725763260994109,0.9365079365079365,-0.004889122543761837,-0.01466736763128551,0.014818931204452879
2017-06-05,0.09577122920759586,0.003378005952009433,-0.09239322325558642,0.9328042328042329,0.0016890029760047165,0.0050670089280141495,-0.009778245087523674
2017-06-06,0.11571526987232372,0.0059569650779052186,-0.1097583047944185,0.964021164021164,0.0029784825389526093,0.008935447616857828,0.003378005952009433
2017-06-07,0.07113240977199313,-0.002445687799473073,-0.0735780975714662,0.8592592592592593,-0.0012228438997365365,-0.0036685316992096095,0.0059569650779052186
2017-06-08,0.07743204204258386,-0.03877692220620177,-0.11620896424878563,0.8798941798941798,-0.019388461103100885,-0.058165383309302654,-0.002445687799473073
2017-06-09,0.04834639319889644,-0.0238958276961726,-0.07224222089506904,0.737037037037037,-0.0119479138480863,-0.0358437415442589,-0.03877692220620177
2017-06-12,0.04440017802942714,0.008045578659470864,-0.036354599369956275,0.7095238095238096,0.004022789329735432,0.012068367989206297,-0.0238958276961726
2017-06-13,0.09485566053966168,-0.009754489909442055,-0.10461015044910374,0.9301587301587302,-0.004877244954721027,-0.014631734864163082,0.008045578659470864
2017-06-14,0.08224562023292668,-0.005993612350978728,-0.08823923258390541,0.8989417989417989,-0.002996806175489364,-0.008990418526468091,-0.009754489909442055
2017-06-15,0.08932592410711881,-0.013999786196757902,-0.10332571030387672,0.9211640211640212,-0.006999893098378951,-0.020999679295136853,-0.005993612350978728
2017-06-16,0.01630435194262876,0.02860761457998251,0.012303262637353748,0.3328042328042328,-0.00075,0.02785761457998251,-0.013999786196757902
2017-06-19,0.07748628081896752,-0.009088438538571442,-0.08657471935753897,0.8804232804232804,-0.005294219269285721,-0.014382657807857163,0.02860761457998251
2017-06-20,0.06509566608228551,0.005930713264728826,-0.05916495281755668,0.8338624338624339,0.002965356632364413,0.00889606989709324,-0.009088438538571442
2017-06-21,0.0830305093269993,-0.001645390294550908,-0.08467589962155021,0.9015873015873016,-0.000822695147275454,-0.002468085441826362,0.005930713264728826
2017-06-22,0.050931461680766885,0.004463219665689522,-0.04646824201507736,0.753968253968254,0.002231609832844761,0.006694829498534283,-0.001645390294550908
2017-06-23,0.16522552949117927,-0.003144442559094074,-0.16836997205027335,0.9936507936507937,-0.001572221279547037,-0.004716663838641111,0.004463219665689522
2017-06-26,0.17209529468755036,-0.014333018359078742,-0.1864283130466291,0.9952380952380953,-0.007166509179539371,-0.021499527538618113,-0.003144442559094074
2017-06-27,0.1317256790836763,0.014610586463532416,-0.11711509262014388,0.9777777777777777,0.007305293231766208,0.021915879695298623,-0.014333018359078742
2017-06-28,0.1551492066079999,-0.014743192384450543,-0.16989239899245046,0.9894179894179894,-0.0073715961922252715,-0.022114788576675815,0.014610586463532416
2017-06-29,0.14383681025621908,0.0023666236101231863,-0.1414701866460959,0.9851851851851852,0.0011833118050615932,0.0035499354151847795,-0.014743192384450543
2017-06-30,0.18506892197072297,-0.0036104459529220367,-0.188679367923645,0.9994708994708995,-0.0018052229764610184,-0.005415668929383055,0.0023666236101231863
2017-07-03,0.15252937585796372,0.004111412454937735,-0.148417963403026,0.9888888888888889,0.0020557062274688676,0.006167118682406603,-0.0036104459529220367
2017-07-05,0.1758444212635342,-0.009438528888686237,-0.18528295015222043,0.9962962962962963,-0.004719264444343119,-0.014157793333029356,0.004111412454937735
2017-07-06,0.15846549988582767,0.010159044812701135,-0.14830645507312654,0.991005291005291,0.005079522406350567,0.015238567219051702,-0.009438528888686237
2017-07-07,0.16153653966809495,0.006103397269182631,-0.15543314239891232,0.9915343915343915,0.0030516986345913155,0.009155095903773947,0.010159044812701135
2017-07-10,0.17152536501508173,0.00323996571486429,-0.16828539930021744,0.9947089947089947,0.001619982857432145,0.004859948572296435,0.006103397269182631
2017-07-11,0.18101572653501347,0.0014431227890365772,-0.1795726037459769,0.9984126984126984,0.0007215613945182886,0.002164684183554866,0.00323996571486429
2017-07-12,0.18134175544977033,0.013928919431765774,-0.16741283601800455,0.9989417989417989,0.006964459715882887,0.02089337914764866,0.0014431227890365772
2017-07-13,0.1799176200893479,0.008594401966378618,-0.17132321812296927,0.9973544973544973,0.004297200983189309,0.012891602949567926,0.013928919431765774
2017-07-14,0.18009003168165097,0.003489278827633946,-0.17660075285401702,0.9978835978835979,0.001744639413816973,0.005233918241450919,0.008594401966378618
2017-07-17,0.17506996387202775,0.003476377252668028,-0.17159358661935972,0.9957671957671957,0.001738188626334014,0.005214565879002042,0.003489278827633946
2017-07-18,0.118350074206841,0.0062631864910789314,-0.11208688771576207,0.9666666666666667,0.0031315932455394657,0.009394779736618397,0.003476377252668028
2017-07-19,0.10885570780403843,-0.004502328066476768,-0.1133580358705152,0.9571428571428572,-0.002251164033238384,-0.006753492099715153,0.0062631864910789314
2017-07-20,0.09300248105115427,-0.0004656867940534548,-0.09346816784520773,0.928042328042328,-0.0002328433970267274,-0.0006985301910801822,-0.004502328066476768
2017-07-21,0.10717475134896369,0.012111530057679287,-0.0950632212912844,0.955026455026455,0.006055765028839644,0.01816729508651893,-0.0004656867940534548
2017-07-24,0.09176334480504011,0.0042738615294786175,-0.0874894832755615,0.9259259259259259,0.0021369307647393088,0.006410792294217926,0.012111530057679287
2017-07-25,0.07751444202188625,0.004714150388205107,-0.07280029163368114,0.8809523809523809,0.0023570751941025536,0.007071225582307661,0.0042738615294786175
2017-07-26,0.0298812530391672,-0.01889732711668335,-0.04877858015585055,0.5544973544973545,-0.009448663558341674,-0.01964732711668335,0.004714150388205107
2017-07-27,0.07810207308827617,-0.00704066458130348,-0.08514273766957965,0.8851851851851852,-0.005971900104403509,-0.01131099687195522,-0.01889732711668335
2017-07-28,0.01431442026889182,-0.005150787188003325,-0.019465207456895145,0.29947089947089944,-0.0011805697391134887,-0.005900787188003325,-0.00704066458130348
2017-07-31,0.03339452258724094,0.00887579519557069,-0.02451872739167025,0.5973544973544973,0.005913249727671559,0.00887579519557069,-0.005150787188003325
2017-08-01,-0.008012955229150315,0.04725026996776149,0.055263225196911805,0.16878306878306878,-0.0012025651955241208,0.04725026996776149,0.00887579519557069
2017-08-02,-0.012537575812978742,-0.00999118965572754,0.002546386157251203,0.27037037037037037,-0.0,-0.00999118965572754,0.04725026996776149
2017-08-03,0.012043646592452833,0.0052712373179231164,-0.006772409274529717,0.2608465608465608,0.0,0.0052712373179231164,-0.00999118965572754
2017-08-04,-0.02427190158238376,0.01547418362704911,0.039746085209432874,0.4835978835978836,0.0,0.01547418362704911,0.0052712373179231164
2017-08-07,-0.052986370208741536,0.007996633736714776,0.06098300394545631,0.773015873015873,-0.007005564184231422,0.0013489901210144326,0.01547418362704911
2017-08-08,-0.005777430141211396,0.006122215264809494,0.011899645406020891,0.11005291005291006,-0.001106533806365617,0.005072215264809494,0.007996633736714776
2017-08-09,-0.02796598759429289,-0.03185188516933224,-0.0038858975750393487,0.5285714285714286,-0.0,-0.03185188516933224,0.006122215264809494
2017-08-10,0.03158361939454185,0.0139069648178336,-0.01767665457670825,0.5740740740740741,0.008739400670892815,0.0139069648178336,-0.03185188516933224
2017-08-11,-0.013312737347641546,0.015049287351200702,0.028362024698842248,0.2830687830687831,-0.0010565920995839677,0.015049287351200702,0.0139069648178336
2017-08-14,-0.0056914146989229175,0.010947859070778998,0.016639273769701916,0.10740740740740741,0.0,0.010947859070778998,0.015049287351200702
2017-08-15,0.07628431066358189,-0.004022511565214382,-0.08030682222879627,0.8761904761904762,-0.004050115048182102,-0.006783767347821572,0.010947859070778998
2017-08-16,-0.007920373185443523,-0.019198102240434278,-0.011277729054990755,0.16296296296296298,-0.0011000742145186107,-0.01994810224043428,-0.004022511565214382
2017-08-17,0.03088689493365198,-0.002280774493138238,-0.03316766942679022,0.5656084656084656,-0.002745739489713697,-0.002280774493138238,-0.019198102240434278
2017-08-18,0.01179441137733708,-0.0018413405258230764,-0.013635751903160156,0.25502645502645505,-0.0010893559618658684,-0.0018413405258230764,-0.002280774493138238
2017-08-21,0.017331394579252334,0.01634774068597089,-0.0009836538932814429,0.3502645502645503,0.0,0.01634774068597089,-0.0018413405258230764
2017-08-22,-0.004255536140232718,0.001251415907462361,0.005506952047695079,0.07777777777777778,0.0,0.001251415907462361,0.01634774068597089
2017-08-23,0.014903571697032273,-0.0044379967636815065,-0.01934156846071378,0.3100529100529101,-0.0,-0.0044379967636815065,0.001251415907462361
2017-08-24,0.01856250329777435,0.0037047318160861042,-0.014857771481688247,0.373015873015873,0.0,0.0037047318160861042,-0.0044379967636815065
2017-08-25,-0.00016616980432163173,0.010071210048814505,0.010237379853136136,0.0031746031746031746,0.0,0.010071210048814505,0.0037047318160861042
2017-08-28,-0.010869797285883397,0.008918018978695486,0.019787816264578883,0.23015873015873015,0.0,0.008918018978695486,0.010071210048814505
2017-08-29,-0.018047439852991322,0.0027008220382256365,0.02074826189121696,0.36455026455026457,0.0,0.0027008220382256365,0.008918018978695486
2017-08-30,-0.01125924862427415,0.003979217715347039,0.015238466339621188,0.24126984126984127,0.0,0.003979217715347039,0.0027008220382256365
2017-08-31,-0.027977243314761632,0.0003049035089146557,0.028282146823676288,0.5291005291005291,0.0,0.0003049035089146557,0.003979217715347039
2017-09-01,-0.013502476076868247,-0.01200859892963213,0.0014938771472361168,0.28835978835978837,-0.0,-0.01200859892963213,0.0003049035089146557
2017-09-05,0.01651852945135378,-0.001049012962694884,-0.017567542414048665,0.337037037037037,-0.0,-0.001049012962694884,-0.01200859892963213
2017-09-06,0.026083852874616887,-0.004014204590529591,-0.030098057465146478,0.5074074074074074,-0.0,-0.004014204590529591,-0.001049012962694884
2017-09-07,0.031207774856873573,-0.016309045101208564,-0.047516819958082136,0.5698412698412698,-0.013668110417536431,-0.016309045101208564,-0.004014204590529591
2017-09-08,0.019938209405021546,0.018092231824990535,-0.0018459775800310115,0.40105820105820106,-0.0011512220621482576,0.018092231824990535,-0.016309045101208564
2017-09-11,-0.026065839570009616,-0.003962692815521973,0.022103146754487643,0.5068783068783069,-0.0,-0.003962692815521973,0.018092231824990535
2017-09-12,-0.002530308202766062,-0.007522268461706227,-0.0049919602589401655,0.04656084656084656,-0.0,-0.007522268461706227,-0.003962692815521973
2017-09-13,0.00581790357051939,-0.008581127402674138,-0.014399030973193528,0.1111111111111111,-0.0,-0.008581127402674138,-0.007522268461706227
2017-09-14,0.03311673437828519,0.010108373934059722,-0.023008360444225467,0.5920634920634921,0.006810934158671914,0.010108373934059722,-0.008581127402674138
2017-09-15,-0.01607276518777847,-0.00756807253428704,0.008504692653491429,0.3296296296296296,-0.0011867980313431624,-0.00756807253428704,0.010108373934059722
2017-09-18,0.017542653997976877,0.0003784636643944239,-0.017164190333582453,0.353968253968254,0.0,0.0003784636643944239,-0.00756807253428704
2017-09-19,0.016279822693841636,-0.016758154249611135,-0.03303797694345277,0.3322751322751323,-0.0,-0.016758154249611135,0.0003784636643944239
2017-09-20,0.04012539429463534,-0.017171788019189727,-0.057297182313825065,0.6661375661375661,-0.01486989203641054,-0.02650768202878459,-0.016758154249611135
2017-09-21,0.037289954952276695,-0.009779170220221789,-0.047069125172498484,0.6412698412698413,-0.0077506213578559455,-0.01052917022022179,-0.017171788019189727
2017-09-22,0.04454449668341791,-0.008822070980974317,-0.053366567664392225,0.7116402116402116,-0.006961249890407978,-0.013983106471461476,-0.009779170220221789
2017-09-25,0.03314242494947897,0.017203631665255292,-0.01593879328422368,0.5931216931216932,0.013536620068775587,0.01645363166525529,-0.008822070980974317
2017-09-26,-0.0058644618579747525,0.007117537345327607,0.012981999203302359,0.1126984126984127,-0.0011804686850425269,0.007117537345327607,0.017203631665255292
2017-09-27,0.02286146454004011,-0.006159615945680708,-0.02902108048572082,0.4433862433862434,-0.0,-0.006159615945680708,0.007117537345327607
2017-09-28,0.03169811184403535,0.005480432691471249,-0.0262176791525641,0.5761904761904761,0.003191563370291344,0.005480432691471249,-0.006159615945680708
2017-09-29,0.018498791255693744,-0.002011565946811955,-0.0205103572025057,0.3708994708994709,-0.0012027197610186234,-0.002011565946811955,0.005480432691471249
2017-10-02,0.03400216826622555,0.004356025367010075,-0.029646142899215473,0.6037037037037037,0.0022915190072571256,0.004356025367010075,-0.002011565946811955
2017-10-03,0.036647252841593925,-0.006473552144204642,-0.043120804985798566,0.6328042328042328,-0.005214451225792818,-0.006473552144204642,0.004356025367010075
2017-10-04,0.050404304691835274,0.012444784935638609,-0.037959519756196665,0.7502645502645503,0.009986988418597527,0.017917177403457912,-0.006473552144204642
2017-10-05,0.058965865725118194,-0.000579257261828503,-0.0595451229869467,0.8063492063492064,-0.00046695157319333867,-0.0008688858927427545,0.012444784935638609
2017-10-06,0.061646072231511646,0.00347703116473963,-0.058169041066772016,0.8211640211640212,0.002794246344307205,0.005215546747109445,-0.000579257261828503
2017-10-09,0.06912676766438952,0.00038512647435817726,-0.06874164119003134,0.8507936507936508,0.0003094520033546284,0.0005776897115372659,0.00347703116473963
2017-10-10,0.07765202644806929,0.004169267823504574,-0.07348275862456471,0.882010582010582,0.003370137110355447,0.0062539017352568615,0.00038512647435817726
2017-10-11,0.07378978002152717,-0.003513339275650451,-0.07730311929717762,0.8687830687830688,-0.002858563126359881,-0.005270008913475677,0.004169267823504574
2017-10-12,0.07582588075672689,0.006346496226841358,-0.06947938452988553,0.8751322751322751,0.005149888133380166,0.009519744340262037,-0.003513339275650451
2017-10-13,0.05637662620003845,0.018408495179859097,-0.03796813102017935,0.7947089947089947,0.014664766019007387,0.027612742769788645,0.006346496226841358
2017-10-16,0.0211325030420507,0.0036905969554135165,-0.017441906086637184,0.4216931216931217,-0.0011966506929276361,0.0029405969554135167,0.018408495179859097
2017-10-17,0.02826644216947471,-0.004424647467464626,-0.03269108963693934,0.5338624338624338,-0.0,-0.004424647467464626,0.0036905969554135165
2017-10-18,0.02992527106138897,-0.02366066362438235,-0.053585934685771316,0.5555555555555556,-0.019433599413240146,-0.02366066362438235,-0.004424647467464626
2017-10-19,0.013285348908249051,0.0017313038278767845,-0.011554045080372267,0.282010582010582,-0.0011585703602671098,0.0017313038278767845,-0.02366066362438235
2017-10-20,-0.0023289429714933507,-0.0005120845674676522,0.0018168584040256985,0.044444444444444446,-0.0,-0.0005120845674676522,0.0017313038278767845
2017-10-23,-0.023401350637671292,0.0059550639260192995,0.02935641456369059,0.45291005291005293,0.0,0.0059550639260192995,-0.0005120845674676522
2017-10-24,-0.05510216841914497,-0.004391973420686757,0.05071019499845821,0.7867724867724868,0.0022947480331892032,-0.002367592026206027,0.0059550639260192995
2017-10-25,-0.013799943994213294,0.006393357954502132,0.020193301948715426,0.29259259259259257,-0.0011902329479108438,0.005343357954502133,-0.004391973420686757
2017-10-26,-0.001177267733962776,0.03583020004891835,0.03700746778288112,0.021164021164021163,0.0,0.03583020004891835,0.006393357954502132
2017-10-27,0.0004944836569488326,0.022508559390180594,0.02201407573323176,0.011111111111111112,0.0,0.022508559390180594,0.03583020004891835
2017-10-30,0.0051969292721566135,0.013915093413733093,0.00871816414157648,0.09470899470899471,0.0,0.013915093413733093,0.022508559390180594
2017-10-31,-0.01727799506295844,-0.012718880573566849,0.004559114489391593,0.34973544973544973,-0.0,-0.012718880573566849,0.013915093413733093
2017-11-01,-0.011036975536066158,0.007310677569852819,0.018347653105918977,0.23597883597883598,0.0,0.007310677569852819,-0.012718880573566849
2017-11-02,-0.08884261846888418,0.02611331678027007,0.11495593524915425,0.9195767195767196,-0.021824097615774952,0.006783995034081021,0.007310677569852819
2017-11-03,-0.09317047752947903,0.010145111336509638,0.10331558886598867,0.9285714285714286,-0.008005589239042557,0.0030435334009528913,0.02611331678027007
2017-11-06,-0.04990180086621809,0.0032138347109549326,0.053115635577173026,0.7465608465608465,-0.0025392827393078505,0.0009641504132864797,0.010145111336509638
2017-11-07,-0.08635085930768338,0.008180093091241458,0.09453095239892484,0.9111111111111111,-0.006976458071791358,0.002454027927372437,0.0032138347109549326
2017-11-08,-0.11325458312565084,-0.002042356949366053,0.11121222617628479,0.9619047619047619,0.0017256417978319097,-0.000612707084809816,0.008180093091241458
2017-11-09,-0.11253948550906362,-0.003309829823374355,0.10922965568568926,0.9608465608465608,0.0028292351745832912,-0.0009929489470123065,-0.002042356949366053
2017-11-10,-0.0630814999104296,-0.00400753679020327,0.059073963120226336,0.825925925925926,0.003450318497025811,-0.0012022610370609808,-0.003309829823374355
2017-11-13,-0.05107850287230907,-0.015117549703009603,0.03596095316929947,0.7560846560846561,0.012811097605398216,-0.004535264910902881,-0.00400753679020327
2017-11-14,-0.008371500696574054,-0.013190320361364027,-0.004818819664789973,0.17883597883597885,-0.0012731596060545642,-0.014240320361364028,-0.015117549703009603
2017-11-15,-0.00423837816909528,0.011947309529035,0.01618568769813028,0.07724867724867725,0.0,0.011947309529035,-0.013190320361364027
2017-11-16,-0.013014278276659214,-0.0055525110604743855,0.007461767216184828,0.2761904761904762,-0.0,-0.0055525110604743855,0.011947309529035
2017-11-17,-0.00593969981522692,-0.000998650738720741,0.004941049076506179,0.11534391534391535,-0.0,-0.000998650738720741,-0.0055525110604743855
2017-11-20,-0.019233451202163524,0.018589999922307143,0.037823451124470664,0.3904761904761905,0.0,0.018589999922307143,-0.000998650738720741
2017-11-21,-0.018729597059957147,0.010511633723409242,0.02924123078336639,0.37671957671957673,0.0,0.010511633723409242,0.018589999922307143
2017-11-22,-0.011238893832146456,5.7310061410298374e-05,0.011296203893556754,0.24074074074074073,0.0,5.7310061410298374e-05,0.010511633723409242
2017-11-24,-0.023785267000412825,-0.005029578217461084,0.01875568878295174,0.4597883597883598,-0.0,-0.005029578217461084,5.7310061410298374e-05
2017-11-27,-0.01622443332479349,-0.005858824606969737,0.010365608717823754,0.33121693121693124,-0.0,-0.005858824606969737,-0.005029578217461084
2017-11-28,-0.013733502616461491,-0.020743501287778465,-0.007009998671316974,0.29153439153439153,-0.0,-0.020743501287778465,-0.005858824606969737
2017-11-29,0.0038408629208615914,0.013984437109282766,0.010143574188421173,0.06878306878306878,0.0,0.013984437109282766,-0.020743501287778465
2017-11-30,-0.035449614676440006,-0.004655252500106233,0.030794362176333773,0.6201058201058202,0.0025689131356387072,-0.004655252500106233,0.013984437109282766
2017-12-01,-0.019660765136827484,-0.007307875756675686,0.012352889380151798,0.3962962962962963,-0.0012212555741032845,-0.007307875756675686,-0.004655252500106233
2017-12-04,-0.010811214164341783,-0.0009424256201501224,0.00986878854419166,0.2291005291005291,-0.0,-0.0009424256201501224,-0.007307875756675686
2017-12-05,-0.02736522521708879,-0.0037135745040751678,0.023651650713013624,0.5238095238095238,-0.0,-0.0037135745040751678,-0.0009424256201501224
2017-12-06,-0.019072671670448658,0.001834430316102642,0.0209071019865513,0.38465608465608464,0.0,0.001834430316102642,-0.0037135745040751678
2017-12-07,-0.03329228130771233,0.0002950358958737631,0.03358731720358609,0.5957671957671957,-0.0015260842976155065,0.0002950358958737631,0.001834430316102642
2017-12-08,-0.024701377037975408,0.01948404932076553,0.04418542635874094,0.4888888888888889,-0.0012752538551932355,0.01948404932076553,0.0002950358958737631
2017-12-11,-0.01922396388223258,-0.0056176931983186185,0.01360627068391396,0.38994708994708993,-0.0,-0.0056176931983186185,0.01948404932076553
2017-12-12,-0.023327451237197,0.003319865036594871,0.026647316273791872,0.45132275132275135,0.0,0.003319865036594871,-0.0056176931983186185
2017-12-13,-0.028125308715152085,-0.00029045685958495326,0.027834851855567132,0.5317460317460317,-0.0,-0.00029045685958495326,0.003319865036594871
2017-12-14,-0.021563815707987568,0.010161464820178656,0.03172528052816623,0.4264550264550265,0.0,0.010161464820178656,-0.00029045685958495326
2017-12-15,-0.022855621853654452,0.014083003604370203,0.036938625458024656,0.44285714285714284,0.0,0.014083003604370203,0.010161464820178656
2017-12-18,-0.0635642341891277,-0.010656475289703038,0.05290775889942466,0.8291005291005291,0.007747796395994794,-0.0042469425869109114,0.014083003604370203
2017-12-19,-0.031258253911897224,-0.0010885220751024605,0.030169731836794764,0.5703703703703704,0.0009126882073489856,-0.00213852207510246,-0.010656475289703038
2017-12-20,-0.051965560171706136,0.0037854106085757344,0.05575097078028187,0.7634920634920634,-0.00332497429307301,8.562318257272035e-05,-0.0010885220751024605
2017-12-21,-0.0526684204961227,0.0,0.0526684204961227,0.7708994708994709,-1.110394060261316e-05,0.0,0.0037854106085757344
2017-12-22,-0.011892763986138904,-0.025370014704446553,-0.013477250718307649,0.25767195767195766,-0.0013235995689089002,-0.026420014704446552,0.0
2017-12-26,-0.007933314395988654,0.00017606842083828234,0.008109382816826936,0.164021164021164,0.0,0.00017606842083828234,-0.025370014704446553
2017-12-27,-0.03664805667763927,0.002813349485706995,0.039461406163346265,0.6333333333333333,-0.003692517219576008,0.002813349485706995,0.00017606842083828234
2017-12-28,-0.03022116808593627,-0.010813368985893801,0.01940779910004247,0.5571428571428572,0.009158340733219427,-0.010813368985893801,0.002813349485706995
2017-12-29,-0.026455909582319116,0.017904735956567386,0.0443606455388865,0.5116402116402117,-0.0012720858461662582,0.017904735956567386,-0.010813368985893801
2018-01-02,-0.0214468426173245,-0.0001749088850589997,0.0212719337322655,0.4248677248677249,-0.0,-0.0001749088850589997,0.017904735956567386
2018-01-03,0.006022179162939367,0.00464545740001121,-0.0013767217629281564,0.1164021164021164,0.0,0.00464545740001121,-0.0001749088850589997
2018-01-04,0.0009470426243678599,0.011385293467484292,0.010438250843116432,0.016931216931216932,0.0,0.011385293467484292,0.00464545740001121
2018-01-05,-0.003882339359573569,-0.0037142400630546524,0.00016809929651891674,0.06984126984126984,-0.0,-0.0037142400630546524,0.011385293467484292
2018-01-08,-0.006331301540653901,-0.00011464707030917065,0.0062166544703447305,0.12169312169312169,-0.0,-0.00011464707030917065,-0.0037142400630546524
2018-01-09,-0.011768980672475931,-0.0002295074791942575,0.011539473193281673,0.25396825396825395,-0.0,-0.0002295074791942575,-0.00011464707030917065
2018-01-10,-0.017397500574861058,0.00568025767614011,0.023077758251001168,0.3513227513227513,0.0,0.00568025767614011,-0.0002295074791942575
2018-01-11,-0.009205125666983371,0.010326368534973929,0.0195314942019573,0.19153439153439153,0.0,0.010326368534973929,0.00568025767614011
2018-01-12,-0.019589579941519955,-0.005082516199513387,0.014507063742006568,0.39576719576719577,-0.0,-0.005082516199513387,0.010326368534973929
2018-01-16,-0.016045009333446394,0.016516478306980886,0.03256148764042728,0.32857142857142857,0.0,0.016516478306980886,-0.005082516199513387
2018-01-17,-0.04300263969505326,0.0008932158291463654,0.043895855524199626,0.6936507936507936,-0.002002608361581796,-0.0007820352512560903,0.016516478306980886
2018-01-18,-0.03401369994640691,-0.004463003050795056,0.029550696895611857,0.6042328042328042,0.003734423302580007,-0.0055130030507950555,0.0008932158291463654
2018-01-19,-0.01631620978872989,-0.008180877926438956,0.008135331862290932,0.3333333333333333,-0.0012551397876309804,-0.008180877926438956,-0.004463003050795056
2018-01-22,-0.034955664194173924,0.00022613758026146513,0.03518180177443539,0.6137566137566137,-0.0014975306000059513,0.00022613758026146513,-0.008180877926438956
2018-01-23,-0.02126440782524376,-0.01592864251062609,0.0053357653146176715,0.42275132275132277,-0.0013013423296587235,-0.01592864251062609,0.00022613758026146513
2018-01-24,0.007671253730395412,-0.017851123471955166,-0.02552237720235058,0.15978835978835979,-0.0,-0.017851123471955166,-0.01592864251062609
2018-01-25,0.012072946935276049,0.002337597792159807,-0.009735349143116242,0.2613756613756614,0.0,0.002337597792159807,-0.017851123471955166
2018-01-26,-0.030364903793578285,-0.02069804681688614,0.009666856976692145,0.5597883597883598,0.015530367975419708,-0.02069804681688614,0.002337597792159807
2018-01-29,0.04249045630459557,-0.005894719757649214,-0.04838517606224478,0.6873015873015873,-0.007662261664226904,-0.009592079636473821,-0.02069804681688614
2018-01-30,0.015745862846282245,0.002755092355890554,-0.012990770490391691,0.32645502645502644,-0.0013081283206786483,0.002005092355890554,-0.005894719757649214
2018-01-31,0.01981064116092767,0.00209051273554417,-0.0177201284253835,0.3978835978835979,0.0,0.00209051273554417,0.002755092355890554
2018-02-01,0.01894799951147454,-0.04339016544908092,-0.062338164960555456,0.3814814814814815,-0.0,-0.04339016544908092,0.00209051273554417
2018-02-02,-0.009822929864592926,-0.024984348656767796,-0.01516141879217487,0.20476190476190476,-0.0,-0.024984348656767796,-0.04339016544908092
2018-02-05,0.007939919705114339,0.041791567881318326,0.03385164817620399,0.16455026455026456,0.0,0.041791567881318326,-0.024984348656767796
2018-02-06,-0.003468594777417393,-0.021407031517360342,-0.01793843673994295,0.06190476190476191,-0.0,-0.021407031517360342,0.041791567881318326
2018-02-07,0.0067062881761242804,-0.0275164197474973,-0.03422270792362158,0.1312169312169312,-0.0,-0.0275164197474973,-0.021407031517360342
2018-02-08,0.012364948720277893,0.012231422571348904,-0.00013352614892898906,0.2677248677248677,0.0,0.012231422571348904,-0.0275164197474973
2018-02-09,0.009910287031859494,0.04027839620184204,0.030368109169982543,0.20846560846560847,0.0,0.04027839620184204,0.012231422571348904
2018-02-12,0.008596038370804436,0.010018123956445413,0.0014220855856409767,0.18306878306878308,0.0,0.010018123956445413,0.04027839620184204
2018-02-13,0.020681468071060832,0.01843713333646213,-0.002244334734598702,0.4142857142857143,0.0,0.01843713333646213,0.010018123956445413
2018-02-14,0.00932239044316634,0.033578612852251055,0.024256222409084715,0.19365079365079366,0.0,0.033578612852251055,0.01843713333646213
2018-02-15,0.012651958387555635,-0.0032371420823495978,-0.015889100469905233,0.27195767195767195,-0.0,-0.0032371420823495978,0.033578612852251055
2018-02-16,0.013733035035214511,-0.0033637673290048964,-0.017096802364219406,0.291005291005291,-0.0,-0.0033637673290048964,-0.0032371420823495978
2018-02-20,0.013906119448847674,-0.004538932278945196,-0.01844505172779287,0.29365079365079366,-0.0,-0.004538932278945196,-0.0033637673290048964
2018-02-21,0.013262393387120963,0.008359144205726032,-0.0049032491813949305,0.2814814814814815,0.0,0.008359144205726032,-0.004538932278945196
2018-02-22,0.014221137708837471,0.017391398480047116,0.003170260771209644,0.2968253968253968,0.0,0.017391398480047116,0.008359144205726032
2018-02-23,0.014388708518516128,0.01977200454103456,0.0053832960225184325,0.30052910052910053,0.0,0.01977200454103456,0.017391398480047116
2018-02-26,0.013196656111915329,-0.003240666141162918,-0.016437322253078247,0.2804232804232804,-0.0,-0.003240666141162918,0.01977200454103456
2018-02-27,0.015698810396284575,-0.0015137323652001378,-0.017212542761484713,0.32486772486772486,-0.0,-0.0015137323652001378,-0.003240666141162918
2018-02-28,0.015933489801745478,-0.017516267892858872,-0.03344975769460435,0.326984126984127,-0.0,-0.017516267892858872,-0.0015137323652001378
2018-03-01,0.01061415809502927,0.006914615846839833,-0.003699542248189436,0.22433862433862434,0.0,0.006914615846839833,-0.017516267892858872
2018-03-02,0.011702716026989916,0.0034615337476964214,-0.008241182279293494,0.2529100529100529,0.0,0.0034615337476964214,0.006914615846839833
2018-03-05,0.005230330884755104,-0.0008482560243672221,-0.0060785869091223264,0.09576719576719576,-0.0,-0.0008482560243672221,0.0034615337476964214
2018-03-06,-0.004704009764522,-0.009283132129258354,-0.004579122364736354,0.0835978835978836,-0.0,-0.009283132129258354,-0.0008482560243672221
2018-03-07,-0.007405946412509662,0.010912722157807808,0.01831866857031747,0.15343915343915343,0.0,0.010912722157807808,-0.009283132129258354
2018-03-08,-0.0018760041570992196,0.017181019881814974,0.019057024038914194,0.035449735449735446,0.0,0.017181019881814974,0.010912722157807808
2018-03-09,-0.0010548375305663975,0.009667800732767073,0.010722638263333471,0.018518518518518517,0.0,0.009667800732767073,0.017181019881814974
2018-03-12,0.0027069715270940774,-0.00963027272935224,-0.012337244256446318,0.04867724867724868,-0.0,-0.00963027272935224,0.009667800732767073
2018-03-13,-0.002866960770388588,-0.008501637675246587,-0.005634676904857999,0.05343915343915344,-0.0,-0.008501637675246587,-0.00963027272935224
2018-03-14,0.006053610091646179,0.0011765222969131184,-0.004877087794733061,0.11746031746031746,0.0,0.0011765222969131184,-0.008501637675246587
2018-03-15,0.006146722075255575,-0.0035258736153547243,-0.009672595690610299,0.11851851851851852,-0.0,-0.0035258736153547243,0.0011765222969131184
2018-03-16,-0.014000119371391402,-0.015279426712969002,-0.0012793073415776,0.29523809523809524,-0.0,-0.015279426712969002,-0.0035258736153547243
2018-03-19,0.015630574063009026,-0.0003422630171332486,-0.015972837080142275,0.3238095238095238,-0.0,-0.0003422630171332486,-0.015279426712969002
2018-03-20,0.00012924415415050024,-0.02265463539242052,-0.022783879546571018,0.0021164021164021165,-0.0,-0.02265463539242052,-0.0003422630171332486
2018-03-21,0.011674448505941997,-0.014129747938038784,-0.02580419644398078,0.25026455026455025,-0.0,-0.014129747938038784,-0.02265463539242052
2018-03-22,0.0050309838219707095,-0.023156453243090347,-0.028187437065061056,0.09153439153439154,-0.0,-0.023156453243090347,-0.014129747938038784
2018-03-23,0.02176268815798405,0.04747171034289388,0.02570902218490983,0.43174603174603177,0.0,0.04747171034289388,-0.023156453243090347
2018-03-26,-0.019466281791920243,-0.02564101841140143,-0.006174736619481185,0.3941798941798942,-0.0,-0.02564101841140143,0.04747171034289388
2018-03-27,0.0034978717691433025,-0.011049020836269241,-0.014546892605412544,0.06243386243386243,-0.0,-0.011049020836269241,-0.02564101841140143
2018-03-28,0.013473480583539399,0.007808543692653602,-0.005664936890885796,0.2873015873015873,0.0,0.007808543692653602,-0.011049020836269241
2018-03-29,0.0014132085293160172,-0.006556095740560486,-0.007969304269876503,0.025925925925925925,-0.0,-0.006556095740560486,0.007808543692653602
2018-04-02,0.019423076927868654,0.010259200937716928,-0.009163875990151726,0.3925925925925926,0.0,0.010259200937716928,-0.006556095740560486
2018-04-03,0.01877908511488398,0.019122022417606077,0.0003429373027220954,0.3783068783068783,0.0,0.019122022417606077,0.010259200937716928
2018-04-04,-0.00021713542041440666,0.006934826014789897,0.007151961435204303,0.005291005291005291,0.0,0.006934826014789897,0.019122022417606077
2018-04-05,0.03294543334284085,-0.025579052029852334,-0.05852448537269318,0.591005291005291,-0.013539526014926168,-0.025579052029852334,0.006934826014789897
2018-04-06,0.03172626800937449,0.009918487891317218,-0.02180778011805727,0.5767195767195767,0.004959243945658609,0.009918487891317218,-0.025579052029852334
2018-04-09,0.014714721909454965,0.018817612950366325,0.00410289104091136,0.3058201058201058,-0.00075,0.018817612950366325,0.009918487891317218
2018-04-10,0.016828870649297258,-0.004675176809353476,-0.021504047458650734,0.34285714285714286,-0.0,-0.004675176809353476,0.018817612950366325
2018-04-11,0.041407589894386185,0.009858224287950357,-0.03154936560643583,0.6772486772486772,0.004179112143975179,0.014037336431925534,-0.004675176809353476
2018-04-12,0.017159101420885177,0.0033880834944617355,-0.013771017926423441,0.34814814814814815,-0.00075,0.0026380834944617357,0.009858224287950357
2018-04-13,0.015042017309869848,0.006238263411992406,-0.008803753897877442,0.31216931216931215,0.0,0.006238263411992406,0.0033880834944617355
2018-04-16,0.007186003268304222,0.013764365202028284,0.006578361933724061,0.14232804232804233,0.0,0.013764365202028284,0.006238263411992406
2018-04-17,0.0022395740533568548,-0.0022447235104633423,-0.004484297563820197,0.0417989417989418,-0.0,-0.0022447235104633423,0.013764365202028284
2018-04-18,-0.0073581173894708835,-0.02833947805799608,-0.020981360668525198,0.15132275132275133,-0.0,-0.02833947805799608,-0.0022447235104633423
2018-04-19,0.0035161731125525116,-0.04097235880322492,-0.04448853191577743,0.06296296296296296,-0.0,-0.04097235880322492,-0.02833947805799608
2018-04-20,0.01487736055104625,-0.0028962908585813407,-0.01777365140962759,0.308994708994709,-0.0,-0.0028962908585813407,-0.04097235880322492
2018-04-23,0.0455061741691732,-0.01391966178513837,-0.05942583595431157,0.7185185185185186,-0.007709830892569185,-0.021629492677707557,-0.0028962908585813407
2018-04-24,0.01109323263948033,0.004357521667772923,-0.006735710971707406,0.23809523809523808,-0.00075,0.0036075216677729236,-0.01391966178513837
2018-04-25,0.012209231110027396,0.003482918646533495,-0.008726312463493901,0.2634920634920635,0.0,0.003482918646533495,0.004357521667772923
2018-04-26,0.05219849312847796,-0.011569466385838778,-0.06376795951431674,0.7661375661375661,-0.006534733192919389,-0.018104199578758168,0.003482918646533495
2018-04-27,0.03671938412003846,0.018112276950237316,-0.018607107169801143,0.6343915343915344,0.009056138475118658,0.017362276950237315,-0.011569466385838778
2018-04-30,-0.007269379143779519,0.023236395800061427,0.030505774943840946,0.14761904761904762,-0.00075,0.023236395800061427,0.018112276950237316
2018-05-01,-0.0237888542169185,0.044174795971181124,0.06796365018809962,0.4603174603174603,0.0,0.044174795971181124,0.023236395800061427
2018-05-02,-0.0269528639558644,0.0018121198215377277,0.028764983777402126,0.517989417989418,0.0,0.0018121198215377277,0.044174795971181124
2018-05-03,0.011635361104239286,0.039233741305762626,0.02759838020152334,0.2492063492063492,0.0,0.039233741305762626,0.0018121198215377277
2018-05-04,0.049650682083272946,0.00723471397815989,-0.042415968105113055,0.744973544973545,0.0028673569890799453,0.010102070967239835,0.039233741305762626
2018-05-07,0.04074415011185305,0.0048066230898913265,-0.03593752702196172,0.6708994708994709,0.0024033115449456632,0.00720993463483699,0.00723471397815989
2018-05-08,0.04763988040455447,0.007041213577514638,-0.04059866682703983,0.7317460317460317,0.003520606788757319,0.010561820366271957,0.0048066230898913265
2018-05-09,0.06854192620637953,0.014303761935148707,-0.05423816427123082,0.8481481481481481,0.007151880967574353,0.02145564290272306,0.007041213577514638
2018-05-10,0.03469166527220764,-0.003802949652784715,-0.03849461492499236,0.6105820105820106,-0.0019014748263923575,-0.004552949652784715,0.014303761935148707
2018-05-11,0.04392463165363082,-0.0023332111677472067,-0.04625784282137803,0.7026455026455026,-0.0011666055838736034,-0.00424981675162081,-0.003802949652784715
2018-05-14,0.048819555320741316,-0.009088419059553488,-0.057907974380294804,0.7417989417989418,-0.004544209529776744,-0.013632628589330231,-0.0023332111677472067
2018-05-15,0.045598358104474344,0.009332628036787138,-0.036265730067687206,0.7201058201058201,0.004666314018393569,0.013998942055180708,-0.009088419059553488
2018-05-16,0.021608192315862855,-0.0063237029695650815,-0.027931895285427936,0.42804232804232806,-0.00075,-0.007073702969565081,0.009332628036787138
2018-05-17,0.013837237781981577,-0.0036366398209292106,-0.01747387760291079,0.2931216931216931,-0.0,-0.0036366398209292106,-0.0063237029695650815
2018-05-18,-0.00028898432161654844,0.007084946955578264,0.0073739312771948125,0.0068783068783068784,0.0,0.007084946955578264,-0.0036366398209292106
2018-05-21,0.02549249545254719,-0.0025048089659660544,-0.027997304418513246,0.49894179894179896,-0.0,-0.0025048089659660544,0.007084946955578264
2018-05-22,-0.01396276722680646,0.006411577172275473,0.020374344399081933,0.2947089947089947,0.0,0.006411577172275473,-0.0025048089659660544
2018-05-23,-0.0011988895060943451,-0.0011148306482763326,8.40588578180125e-05,0.021693121693121695,-0.0,-0.0011148306482763326,0.006411577172275473
2018-05-24,0.02328910562957664,0.002285537725944531,-0.021003567903632107,0.4497354497354497,0.0,0.002285537725944531,-0.0011148306482763326
2018-05-25,0.012578629953894393,-0.0036059771730665435,-0.01618460712696094,0.2708994708994709,-0.0,-0.0036059771730665435,0.002285537725944531
2018-05-29,0.028556092097073094,-0.0021287180577151954,-0.03068481015478829,0.5370370370370371,-0.0,-0.0021287180577151954,-0.0036059771730665435
2018-05-30,0.024332584504075765,-0.0033602627683902986,-0.027692847272466063,0.4846560846560847,-0.0,-0.0033602627683902986,-0.0021287180577151954
2018-05-31,0.014951007943711172,0.01803413608348947,0.0030831281397782993,0.31058201058201057,0.0,0.01803413608348947,-0.0033602627683902986
2018-06-01,-0.02485637977810182,0.008357930779110179,0.033214310557211996,0.491005291005291,0.0,0.008357930779110179,0.01803413608348947
2018-06-04,-0.038933651301490374,0.0077150985514120585,0.04664874985290243,0.6544973544973545,-0.004607549275706029,0.0012645295654236173,0.008357930779110179
2018-06-05,-0.03605923874318287,0.0034657817748193764,0.039525020518002246,0.6275132275132275,-0.0017328908874096882,0.0024157817748193767,0.0077150985514120585
2018-06-06,-0.03663773133991367,-0.002680479355931187,0.03395725198398249,0.6322751322751323,0.0013402396779655934,-0.002680479355931187,0.0034657817748193764
2018-06-07,-0.029356455498991133,-0.00909757290754698,0.020258882591444153,0.5497354497354497,-0.00075,-0.00909757290754698,-0.002680479355931187
2018-06-08,-0.009479424195838509,-0.0024517131235758383,0.0070277110722626705,0.1984126984126984,-0.0,-0.0024517131235758383,-0.00909757290754698
2018-06-11,-0.03142241759286099,0.005490579668893769,0.03691299726175476,0.571957671957672,-0.004231380772712992,0.005490579668893769,-0.0024517131235758383
2018-06-12,-0.0451958538448162,-0.008216933228794798,0.0369789206160214,0.7153439153439154,0.004974424709847094,-0.0035150799686384394,0.005490579668893769
2018-06-13,-0.0187789957143206,0.0005241111485456695,0.01930310686286627,0.37777777777777777,-0.000908110496429637,-0.0005258888514543304,-0.008216933228794798
2018-06-14,-0.03596338934247201,-0.010272250063434352,0.025691139279037656,0.6264550264550265,0.0052916522994812315,-0.010272250063434352,0.0005241111485456695
2018-06-15,-0.02780745972614358,-0.000529701713007702,0.027277758013135877,0.5259259259259259,-0.0009048395100258132,-0.000529701713007702,-0.010272250063434352
2018-06-18,-0.0290355229259906,-0.016159579565542925,0.012875943360447676,0.5455026455026455,-0.0,-0.016159579565542925,-0.000529701713007702
2018-06-19,-0.01735954557792504,0.004361765180374899,0.02172131075829994,0.35079365079365077,0.0,0.004361765180374899,-0.016159579565542925
2018-06-20,-0.05258677784036414,-0.005576319091663784,0.04701045874870036,0.7698412698412699,0.002520238198525729,-0.002722895727499135,0.004361765180374899
2018-06-21,-0.031737170394305986,-0.0029114213084188156,0.02882574908588717,0.5772486772486772,0.001818738310984267,-0.003961421308418815,-0.005576319091663784
2018-06-22,-0.03918547586449195,-0.014871739382774196,0.02431373648171775,0.6576719576719576,0.010016519400648174,-0.005511521814832258,-0.0029114213084188156
2018-06-25,-0.046229578184711254,0.012406171226650775,0.05863574941136203,0.7264550264550265,-0.008659690129740006,0.0037218513679952324,-0.014871739382774196
2018-06-26,-0.0394527290220619,-0.0014638843479619634,0.037988844674099936,0.6597883597883598,0.001018521308033084,-0.00043916530438858903,0.012406171226650775
2018-06-27,-0.03674316735842417,0.007276310244400452,0.044019477602824625,0.6354497354497355,-0.005099157459167527,0.006226310244400453,-0.0014638843479619634
2018-06-28,-0.037110876221641456,-0.0021023703506310998,0.035008505871010356,0.6396825396825396,0.0014742574085476459,-0.0021023703506310998,0.007276310244400452
2018-06-29,-0.0190664163970319,0.011182291208817086,0.030248707605848985,0.3835978835978836,-0.0010536706224471013,0.011182291208817086,-0.0021023703506310998
2018-07-02,-0.011620645999778762,-0.017416117900421746,-0.005795471900642984,0.24867724867724866,-0.0,-0.017416117900421746,0.011182291208817086
2018-07-03,-0.024240026634067127,0.008046468308307686,0.032286494942374816,0.482010582010582,0.0,0.008046468308307686,-0.017416117900421746
2018-07-05,-0.04055853889537818,0.013862456934199185,0.054420995829577365,0.6693121693121693,-0.011043395777029869,0.0031087370802597557,0.008046468308307686
2018-07-06,-0.01989182777802886,0.013885124058684806,0.03377695183671367,0.3994708994708995,-0.0010782841401278961,0.012835124058684805,0.013862456934199185
2018-07-09,0.017903363670203242,-0.0012069191606055574,-0.0191102828308088,0.36243386243386244,-0.0,-0.0012069191606055574,0.013885124058684806
2018-07-10,0.004212550427009212,-0.012976037668748996,-0.017188588095758208,0.07566137566137567,-0.0,-0.012976037668748996,-0.0012069191606055574
2018-07-11,0.011693765778418417,0.016765782949760943,0.005072017171342527,0.2523809523809524,0.0,0.016765782949760943,-0.012976037668748996
2018-07-12,-0.01627758642380721,0.0015706338132759345,0.017848220237083146,0.33174603174603173,0.0,0.0015706338132759345,0.016765782949760943
2018-07-13,-0.005544528225887305,-0.002195050214183092,0.0033494780117042135,0.10317460317460317,-0.0,-0.002195050214183092,0.0015706338132759345
2018-07-16,0.0109400900001353,0.0028284764532702233,-0.008111613546865076,0.23386243386243386,0.0,0.0028284764532702233,-0.002195050214183092
2018-07-17,0.0102977817861034,-0.005484523713970679,-0.01578230550007408,0.21746031746031746,-0.0,-0.005484523713970679,0.0028284764532702233
2018-07-18,0.007466002509190307,0.007773128661985762,0.0003071261527954547,0.15608465608465608,0.0,0.007773128661985762,-0.005484523713970679
2018-07-19,0.004314610198638366,-0.002293037187227953,-0.006607647385866319,0.07883597883597884,-0.0,-0.002293037187227953,0.007773128661985762
2018-07-20,0.009460974764952088,0.0008878575426320978,-0.00857311722231999,0.19735449735449737,0.0,0.0008878575426320978,-0.002293037187227953
2018-07-23,0.017966230314834485,0.007254169009280886,-0.010712061305553598,0.3634920634920635,0.0,0.007254169009280886,0.0008878575426320978
2018-07-24,0.010217174937003812,0.009430447755389926,-0.0007867271816138863,0.21481481481481482,0.0,0.009430447755389926,0.007254169009280886
2018-07-25,-0.0028435913196498755,-0.003131301792598462,-0.0002877104729485866,0.05238095238095238,-0.0,-0.003131301792598462,0.009430447755389926
2018-07-26,0.00946895632557583,-0.016631438461803705,-0.026100394787379536,0.19788359788359788,-0.0,-0.016631438461803705,-0.003131301792598462
2018-07-27,0.005229863997529716,-0.005602876242515653,-0.01083274024004537,0.09523809523809523,-0.0,-0.005602876242515653,-0.016631438461803705
2018-07-30,-0.003404684267762713,0.002000912897345275,0.005405597165107988,0.06031746031746032,0.0,0.002000912897345275,-0.005602876242515653
2018-07-31,-0.006815952713396918,0.058910333638696466,0.06572628635209338,0.1343915343915344,0.0,0.058910333638696466,0.002000912897345275
2018-08-01,0.004705258684760592,0.029230815172829994,0.0245255564880694,0.08412698412698413,0.0,0.029230815172829994,0.058910333638696466
2018-08-02,0.026801473736833618,0.0028931554885835986,-0.02390831824825002,0.5148148148148148,0.0,0.0028931554885835986,0.029230815172829994
2018-08-03,-0.007503752394726046,0.00519248562164365,0.012696238016369696,0.15661375661375662,0.0,0.00519248562164365,0.0028931554885835986
2018-08-06,0.039977069918226346,-0.009374819151118818,-0.049351889069345165,0.662962962962963,-0.008885491967606098,-0.014812228726678228,0.00519248562164365
2018-08-07,0.019756750413703474,0.0006759614291955707,-0.019080788984507904,0.39735449735449735,-0.0012256054805323284,-7.403857080442934e-05,-0.009374819151118818
2018-08-08,-0.011207639597742972,0.007864889671449493,0.019072529269192465,0.23915343915343915,0.0,0.007864889671449493,0.0006759614291955707
2018-08-09,-0.02611997835607626,-0.0029785316194560485,0.023141446736620212,0.5079365079365079,-0.0,-0.0029785316194560485,0.007864889671449493
2018-08-10,-0.0013132589556725596,0.0064568032784910745,0.007770062234163634,0.02433862433862434,0.0,0.0064568032784910745,-0.0029785316194560485
2018-08-13,-0.004834086602426457,0.0042130476448745124,0.00904713424730097,0.08941798941798942,0.0,0.0042130476448745124,0.0064568032784910745
2018-08-14,0.0054582925418488835,0.002336415021942928,-0.0031218775199059554,0.09947089947089947,0.0,0.002336415021942928,0.0042130476448745124
2018-08-15,0.017572860891560946,0.01464969070941402,-0.0029231701821469253,0.3544973544973545,0.0,0.01464969070941402,0.002336415021942928
2018-08-16,0.013063113272272841,0.019970075904377937,0.0069069626321050966,0.27724867724867724,0.0,0.019970075904377937,0.01464969070941402
2018-08-17,0.01934013608900505,-0.009743571811790419,-0.02908370790079547,0.3915343915343915,-0.0,-0.009743571811790419,0.019970075904377937
2018-08-20,0.008653233053434142,-0.0019494400914497056,-0.010602673144883848,0.18465608465608466,-0.0,-0.0019494400914497056,-0.009743571811790419
2018-08-21,0.010272603555681041,4.6548733713347445e-05,-0.010226054821967694,0.2164021164021164,0.0,4.6548733713347445e-05,-0.0019494400914497056
2018-08-22,0.015176377164054514,0.0020461750939437806,-0.013130202070110734,0.31534391534391537,0.0,0.0020461750939437806,4.6548733713347445e-05
2018-08-23,0.013674865679302432,0.0031090353291105544,-0.010565830350191877,0.28994708994708995,0.0,0.0031090353291105544,0.0020461750939437806
2018-08-24,0.01167681495694769,0.008234764500022695,-0.0034420504569249947,0.2507936507936508,0.0,0.008234764500022695,0.0031090353291105544
2018-08-27,0.006648560720586862,0.008075426462335056,0.0014268657417481935,0.1306878306878307,0.0,0.008075426462335056,0.008234764500022695
2018-08-28,0.0012773519796726203,0.014929539768207656,0.013652187788535036,0.02328042328042328,0.0,0.014929539768207656,0.008075426462335056
2018-08-29,0.003692632929345036,0.009193587108115464,0.005500954178770428,0.06666666666666667,0.0,0.009193587108115464,0.014929539768207656
2018-08-30,0.025628286082398973,0.011554209675124882,-0.01407407640727409,0.5005291005291005,0.0,0.011554209675124882,0.009193587108115464
2018-08-31,-0.003021653034645043,0.003206856286640747,0.00622850932128579,0.05555555555555555,0.0,0.003206856286640747,0.011554209675124882
2018-09-04,-0.00853776619216053,-0.0065249935820139715,0.0020127726101465578,0.1814814814814815,-0.0,-0.0065249935820139715,0.003206856286640747
2018-09-05,0.00997350816022807,-0.016617387019161045,-0.026590895179389114,0.21164021164021163,-0.0,-0.016617387019161045,-0.0065249935820139715
2018-09-06,0.013001279775053666,-0.008067833788145129,-0.021069113563198794,0.27566137566137566,-0.0,-0.008067833788145129,-0.016617387019161045
2018-09-07,0.03211217329947691,-0.013420787657044575,-0.045532960956521484,0.5835978835978836,-0.011697563646743072,-0.013420787657044575,-0.008067833788145129
2018-09-10,0.03156192995516826,0.02528267510729254,-0.006279254847875719,0.5735449735449736,0.019245866774890357,0.02528267510729254,-0.013420787657044575
2018-09-11,0.0033665344004429262,-0.012419009434437744,-0.01578554383488067,0.05925925925925926,-0.001143752432954778,-0.012419009434437744,0.02528267510729254
2018-09-12,0.0011005957178337883,0.024155243124438286,0.023054647406604498,0.020105820105820106,0.0,0.024155243124438286,-0.012419009434437744
2018-09-13,0.0014057827571970737,-0.011351080431489136,-0.01275686318868621,0.025396825396825397,-0.0,-0.011351080431489136,0.024155243124438286
2018-09-14,0.029062179966239443,-0.026626292594406187,-0.05568847256064563,0.5465608465608466,-0.0,-0.026626292594406187,-0.011351080431489136
2018-09-17,-0.007765856394852593,0.0016525800089752796,0.009418436403827873,0.1619047619047619,0.0,0.0016525800089752796,-0.026626292594406187
2018-09-18,0.05121156112619714,0.0005955957819054891,-0.05061596534429165,0.7571428571428571,-0.000653165398157057,0.00014339367285823366,0.0016525800089752796
2018-09-19,0.03843258868080994,0.007601800722911056,-0.030830787957898884,0.6492063492063492,0.005499600552694839,0.0068518007229110564,0.0005955957819054891
2018-09-20,0.017644237434575993,-0.010771233410691083,-0.028415470845267077,0.3576719576719577,-0.001085653155046933,-0.010771233410691083,0.007601800722911056
2018-09-21,0.027880025636137874,0.014380155043903331,-0.013499870592234543,0.526984126984127,0.0,0.014380155043903331,-0.010771233410691083
2018-09-24,0.028749060576931613,0.006340827162049534,-0.02240823341488208,0.5417989417989418,0.0,0.006340827162049534,0.014380155043903331
2018-09-25,0.04225025855199781,-0.007966158354248187,-0.050216416906245995,0.6851851851851852,-0.006854831987724885,-0.012699237531372282,0.006340827162049534
2018-09-26,0.012322707352144937,0.020551712306302816,0.00822900495415788,0.26666666666666666,-0.0010862112798876748,0.019801712306302816,-0.007966158354248187
2018-09-27,0.050917015348123755,0.003511907423394467,-0.04740510792472929,0.7534391534391535,0.0014393870636405552,0.004517861135091701,0.020551712306302816
2018-09-28,0.02692193477129662,0.0067333943843752575,-0.02018854038692136,0.5174603174603175,-0.001073151065677792,0.005983394384375258,0.003511907423394467
2018-10-01,0.01252838012097,0.00888866097632346,-0.003639719144646541,0.2698412698412698,0.0,0.00888866097632346,0.0067333943843752575
2018-10-02,0.018527331346796135,0.012168476539610618,-0.006358854807185517,0.37195767195767193,0.0,0.012168476539610618,0.00888866097632346
2018-10-03,0.020261123506139893,-0.01758083396128307,-0.037841957467422964,0.4074074074074074,-0.0,-0.01758083396128307,0.012168476539610618
2018-10-04,0.013444871247335323,-0.016228768338262922,-0.029673639585598245,0.28624338624338624,-0.0,-0.016228768338262922,-0.01758083396128307
2018-10-05,0.00997737109026228,-0.0023188391632142924,-0.012296210253476573,0.21216931216931217,-0.0,-0.0023188391632142924,-0.016228768338262922
2018-10-08,0.02896561047466464,0.013853529509009643,-0.015112080965654997,0.5439153439153439,0.0,0.013853529509009643,-0.0023188391632142924
2018-10-09,0.014969738206946342,-0.046325923766033617,-0.06129566197297996,0.3111111111111111,-0.0,-0.046325923766033617,0.013853529509009643
2018-10-10,0.0032197294097625374,-0.008827848900400337,-0.012047578310162874,0.056613756613756616,-0.0,-0.008827848900400337,-0.046325923766033617
2018-10-11,0.02063903525923165,0.03571947470940695,0.0150804394501753,0.4132275132275132,0.0,0.03571947470940695,-0.008827848900400337
2018-10-12,0.02361188314639472,-0.021385791448092828,-0.044997674594487544,0.4560846560846561,-0.0,-0.021385791448092828,0.03571947470940695
2018-10-15,-0.007391353477460623,0.02203704899838632,0.029428402475846945,0.1529100529100529,0.0,0.02203704899838632,-0.021385791448092828
2018-10-16,0.015295185805235832,-0.004321302433413665,-0.019616488238649497,0.317989417989418,-0.0,-0.004321302433413665,0.02203704899838632
2018-10-17,0.001318900796743988,-0.023373608115198508,-0.024692508911942496,0.02486772486772487,-0.0,-0.023373608115198508,-0.004321302433413665
2018-10-18,0.005907373546820178,0.015229906627970857,0.009322533081150679,0.11428571428571428,0.0,0.015229906627970857,-0.023373608115198508
2018-10-19,0.00807820245934965,0.006110130970961913,-0.0019680714883877366,0.17142857142857143,0.0,0.006110130970961913,0.015229906627970857
2018-10-22,-0.00651172309362532,0.009426690842951002,0.015938413936576322,0.12698412698412698,0.0,0.009426690842951002,0.006110130970961913
2018-10-23,0.01074308733375719,-0.03430157234748055,-0.045044659681237734,0.22645502645502646,-0.0,-0.03430157234748055,0.009426690842951002
2018-10-24,0.015939231978578203,0.021897695894045333,0.00595846391546713,0.328042328042328,0.0,0.021897695894045333,-0.03430157234748055
2018-10-25,0.00818464343574966,-0.015923394286207926,-0.024108037721957586,0.17566137566137566,-0.0,-0.015923394286207926,0.021897695894045333
2018-10-26,0.024219679862914394,-0.01877035961394824,-0.04299003947686263,0.48148148148148145,-0.0,-0.01877035961394824,-0.015923394286207926
2018-10-29,-0.011569079495127923,0.00499424742592347,0.01656332692105139,0.24708994708994708,0.0,0.00499424742592347,-0.01877035961394824
2018-10-30,0.0112760777662335,0.02606675523877633,0.01479067747254283,0.2417989417989418,0.0,0.02606675523877633,0.00499424742592347
2018-10-31,-0.02035779460445116,0.015351990978246244,0.035709785582697405,0.4084656084656085,0.0,0.015351990978246244,0.02606675523877633
2018-11-01,-0.023186455969877014,-0.0663305115696422,-0.04314405559976519,0.44814814814814813,-0.0,-0.0663305115696422,0.015351990978246244
2018-11-02,0.008438400753165303,-0.02838832014964754,-0.036826720902812846,0.17989417989417988,-0.0,-0.02838832014964754,-0.0663305115696422
2018-11-05,0.009859510154002682,0.010814034665199923,0.0009545245111972408,0.20634920634920634,0.0,0.010814034665199923,-0.02838832014964754
2018-11-06,0.011496592011144977,0.03032833141296587,0.018831739401820893,0.2455026455026455,0.0,0.03032833141296587,0.010814034665199923
2018-11-07,0.0008540617522527875,-0.0034890383390381308,-0.004343100091290918,0.014814814814814815,-0.0,-0.0034890383390381308,0.03032833141296587
2018-11-08,0.007164427311028355,-0.019281514409420164,-0.02644594172044852,0.14179894179894179,-0.0,-0.019281514409420164,-0.0034890383390381308
2018-11-09,0.012730254295459934,-0.05037430376545826,-0.06310455806091819,0.2724867724867725,-0.0,-0.05037430376545826,-0.019281514409420164
2018-11-12,0.008635319786747012,-0.009991037491808075,-0.018626357278555085,0.18412698412698414,-0.0,-0.009991037491808075,-0.05037430376545826
2018-11-13,0.01065670605391605,-0.028247246824090966,-0.03890395287800702,0.2253968253968254,-0.0,-0.028247246824090966,-0.009991037491808075
2018-11-14,0.007709870214802916,0.024678493558864423,0.016968623344061507,0.16137566137566137,0.0,0.024678493558864423,-0.028247246824090966
2018-11-15,0.007437843614398367,0.011075911922398873,0.0036380683080005066,0.15396825396825398,0.0,0.011075911922398873,0.024678493558864423
2018-11-16,0.011508779025821501,-0.039632167010532626,-0.05114094603635413,0.24603174603174602,-0.0,-0.039632167010532626,0.011075911922398873
2018-11-19,0.008155744849155966,-0.04777805222355547,-0.055933797072711434,0.17354497354497356,-0.0,-0.04777805222355547,-0.039632167010532626
2018-11-20,0.007440689610508905,-0.001129972833456394,-0.008570662443965298,0.1544973544973545,-0.0,-0.001129972833456394,-0.04777805222355547
2018-11-21,0.007593447059276508,-0.025398813721921543,-0.03299226078119805,0.1582010582010582,-0.0,-0.025398813721921543,-0.001129972833456394
2018-11-23,0.007356657861301027,0.013523697166517135,0.006167039305216108,0.15079365079365079,0.0,0.013523697166517135,-0.025398813721921543
2018-11-26,0.007605361668858787,-0.002176148339781969,-0.009781510008640755,0.15873015873015872,-0.0,-0.002176148339781969,0.013523697166517135
2018-11-27,0.010804040231140104,0.03845286214142862,0.02764882191028852,0.22857142857142856,0.0,0.03845286214142862,-0.002176148339781969
2018-11-28,0.007969639220274523,-0.0076823663158358535,-0.015652005536110375,0.16560846560846562,-0.0,-0.0076823663158358535,0.03845286214142862
2018-11-29,0.010373620327540054,-0.0054020590519200384,-0.015775679379460093,0.21957671957671956,-0.0,-0.0054020590519200384,-0.0076823663158358535
2018-11-30,0.011581843202325987,0.03494232915520423,0.023360485952878245,0.24761904761904763,0.0,0.03494232915520423,-0.0054020590519200384
2018-12-03,0.009449980269361306,-0.043988771124756076,-0.053438751394117384,0.19682539682539682,-0.0,-0.043988771124756076,0.03494232915520423
2018-12-04,0.009023826241095082,-0.011149724547821371,-0.02017355078891645,0.18835978835978837,-0.0,-0.011149724547821371,-0.043988771124756076
2018-12-06,0.009616164787116962,-0.035656934779664806,-0.04527309956678177,0.19947089947089947,-0.0,-0.035656934779664806,-0.011149724547821371
2018-12-07,0.010764488452984073,0.006587973383077372,-0.004176515069906701,0.22804232804232805,0.0,0.006587973383077372,-0.035656934779664806
2018-12-10,0.007235383551763815,-0.00571917222118512,-0.012954555772948935,0.14497354497354498,-0.0,-0.00571917222118512,0.006587973383077372
2018-12-11,0.01202697125673749,0.0027869712096482147,-0.009240000047089275,0.2597883597883598,0.0,0.0027869712096482147,-0.00571917222118512
2018-12-12,0.01650970100038711,0.01094060039365874,-0.005569100606728369,0.33650793650793653,0.0,0.01094060039365874,0.0027869712096482147
2018-12-13,0.01942900461375001,-0.03199819517261293,-0.05142719978636294,0.39365079365079364,-0.0,-0.03199819517261293,0.01094060039365874
2018-12-14,0.011930797243706182,-0.009306324794754017,-0.021237122038460197,0.2582010582010582,-0.0,-0.009306324794754017,-0.03199819517261293
2018-12-17,0.021598131497852002,0.01299275182262627,-0.008605379675225733,0.4275132275132275,0.0,0.01299275182262627,-0.009306324794754017
2018-12-18,0.02180666928903289,-0.031191657643983906,-0.052998326933016794,0.43333333333333335,-0.0,-0.031191657643983906,0.01299275182262627
2018-12-19,0.013193610302476049,-0.025234630638635624,-0.03842824094111168,0.27936507936507937,-0.0,-0.025234630638635624,-0.031191657643983906
2018-12-20,0.02168575176102052,-0.038895611192604984,-0.060581362953625505,0.42857142857142855,-0.0,-0.038895611192604984,-0.025234630638635624
2018-12-21,0.013370414441803723,-0.025874063275275527,-0.03924447771707925,0.28465608465608466,-0.0,-0.025874063275275527,-0.038895611192604984
2018-12-24,0.012473951141224415,0.07042167543817035,0.05794772429694593,0.26825396825396824,0.0,0.07042167543817035,-0.025874063275275527
2018-12-26,0.00723739946522429,-0.006489630837412719,-0.013727030302637009,0.1455026455026455,-0.0,-0.006489630837412719,0.07042167543817035
2018-12-27,0.009219478604691106,0.0005121802512391138,-0.008707298353451992,0.19206349206349208,0.0,0.0005121802512391138,-0.006489630837412719
2018-12-28,0.013184460283754846,0.009665165081492288,-0.003519295202262558,0.2788359788359788,0.0,0.009665165081492288,0.0005121802512391138
2018-12-31,0.008066404182818968,0.0011411206586930955,-0.006925283524125872,0.1708994708994709,0.0,0.0011411206586930955,0.009665165081492288
2019-01-02,0.014778719024208176,-0.09960751174530269,-0.11438623076951086,0.30634920634920637,-0.0,-0.09960751174530269,0.0011411206586930955
2019-01-03,0.007205693339015378,0.042689427975153516,0.03548373463613814,0.1439153439153439,0.0,0.042689427975153516,-0.09960751174530269
2019-01-04,0.007289107745484678,-0.002225896477233036,-0.009515004222717713,0.1492063492063492,-0.0,-0.002225896477233036,0.042689427975153516
2019-01-07,0.007448990879077758,0.019063257238982168,0.01161426635990441,0.15502645502645504,0.0,0.019063257238982168,-0.002225896477233036
2019-01-08,0.0072815547945549635,0.01698155547263358,0.009700000678078618,0.14867724867724869,0.0,0.01698155547263358,0.019063257238982168
2019-01-09,0.006230591691989388,0.003196227140207508,-0.00303436455178188,0.11957671957671957,0.0,0.003196227140207508,0.01698155547263358
2019-01-10,0.007382757424288175,-0.009818082391389815,-0.01720083981567799,0.1523809523809524,-0.0,-0.009818082391389815,0.003196227140207508
2019-01-11,0.0069482551850495395,-0.015036583640943735,-0.021984838825993273,0.13862433862433862,-0.0,-0.015036583640943735,-0.009818082391389815
2019-01-14,0.00713626644964246,0.02046642880082139,0.01333016235117893,0.14126984126984127,0.0,0.02046642880082139,-0.015036583640943735
2019-01-15,0.007919345343989262,0.012216563850190987,0.004297218506201725,0.16243386243386243,0.0,0.012216563850190987,0.02046642880082139
2019-01-16,0.007926281765523277,0.005937783023093113,-0.0019884987424301642,0.1634920634920635,0.0,0.005937783023093113,0.012216563850190987
2019-01-17,0.006431400341807181,0.006159455128452729,-0.00027194521335445216,0.12486772486772486,0.0,0.006159455128452729,0.005937783023093113
2019-01-18,0.006511237367425165,-0.022446206284876147,-0.028957443652301313,0.12645502645502646,-0.0,-0.022446206284876147,0.006159455128452729
2019-01-22,0.006795448452335122,0.004044109672951768,-0.0027513387793833546,0.13386243386243385,0.0,0.004044109672951768,-0.022446206284876147
2019-01-23,0.006983103561763702,-0.007926028189527368,-0.01490913175129107,0.1402116402116402,-0.0,-0.007926028189527368,0.004044109672951768
2019-01-24,0.002304299788399987,0.03313713925235473,0.030832839463954743,0.04285714285714286,0.0,0.03313713925235473,-0.007926028189527368
2019-01-25,0.015319969528246161,-0.009254875416156993,-0.024574844944403155,0.31851851851851853,-0.0,-0.009254875416156993,0.03313713925235473
2019-01-28,0.0060917947563473695,-0.01036439771679254,-0.01645619247313991,0.11798941798941799,-0.0,-0.01036439771679254,-0.009254875416156993
2019-01-29,0.010419591176902715,0.06833462950084179,0.05791503832393908,0.2201058201058201,0.0,0.06833462950084179,-0.01036439771679254
2019-01-30,-0.027919296849195304,0.0072011159722507045,0.03512041282144601,0.5280423280423281,0.0,0.0072011159722507045,0.06833462950084179
2019-01-31,0.04276636289175917,0.00048051524668402124,-0.04228584764507515,0.6915343915343916,-0.0005097423766579894,-2.9227129973968162e-05,0.0072011159722507045
2019-02-01,0.015641632554261202,0.02840507841736284,0.012763445863101637,0.3243386243386243,-0.00075,0.02765507841736284,0.00048051524668402124
2019-02-04,0.032054935320350794,0.01710963882069283,-0.014945296499657965,0.5830687830687831,0.007804819410346415,0.01710963882069283,0.02840507841736284
2019-02-05,-0.04311926987126738,0.0003442567135130137,0.04346352658478039,0.6947089947089947,-0.0016721283567565069,-0.0009467229859460958,0.01710963882069283
2019-02-06,-0.04045674162356143,-0.01893940336772426,0.021517338255837168,0.6682539682539682,0.00946970168386213,-0.005681821010317278,0.0003442567135130137
2019-02-07,-0.010995251942514786,0.0011753493864186115,0.012170601328933398,0.23492063492063492,-0.00075,0.0001253493864186116,-0.01893940336772426
2019-02-08,0.006325180183282801,-0.0057512119349193425,-0.012076392118202144,0.12063492063492064,-0.0,-0.0057512119349193425,0.0011753493864186115
2019-02-11,0.010896809287641147,0.008617247295286568,-0.00227956199235458,0.23227513227513227,0.0,0.008617247295286568,-0.0057512119349193425
2019-02-12,-0.0422684590252025,-0.0041549136137741804,0.03811354541142832,0.6857142857142857,0.0013274568068870902,-0.002296474084132254,0.008617247295286568
2019-02-13,0.00923434972017219,0.003643492779414448,-0.0055908569407577425,0.1925925925925926,-0.00075,0.002593492779414448,-0.0041549136137741804
2019-02-14,-0.00567384914904908,-0.0022250560735481706,0.0034487930755009097,0.10687830687830688,-0.0,-0.0022250560735481706,0.003643492779414448
2019-02-15,0.032760181670881676,0.002992753403520121,-0.029767428267361555,0.58994708994709,0.0007463767017600604,0.002992753403520121,-0.0022250560735481706
2019-02-19,0.07120652112897433,0.006435413479175978,-0.06477110764979835,0.8597883597883598,0.003217706739587989,0.008903120218763966,0.002992753403520121
2019-02-20,0.07841648570867861,-0.0056386667799703805,-0.08405515248864899,0.8862433862433863,-0.0028193333899851902,-0.00845800016995557,0.006435413479175978
2019-02-21,0.04003828338233162,0.01116578211713315,-0.02887250126519847,0.6640211640211641,0.005582891058566575,0.016748673175699724,-0.0056386667799703805
2019-02-22,0.0425019807995133,0.007284475803561952,-0.035217504995951346,0.6878306878306878,0.003642237901780976,0.010926713705342928,0.01116578211713315
2019-02-25,0.0151276887422214,0.00057411525983464,-0.01455357348238676,0.31322751322751324,-0.00075,-0.00017588474016536006,0.007284475803561952
2019-02-26,0.003456906641250375,0.0030973792740005557,-0.0003595273672498192,0.061375661375661375,0.0,0.0030973792740005557,0.00057411525983464
2019-02-27,0.014288531330356733,-0.009835916832772407,-0.024124448163129142,0.2984126984126984,-0.0,-0.009835916832772407,0.0030973792740005557
2019-02-28,0.015197151160600882,0.010511042275284543,-0.004686108885316339,0.31587301587301586,0.0,0.010511042275284543,-0.009835916832772407
2019-03-01,0.030304556851927685,0.0050294582554963885,-0.025275098596431296,0.5587301587301587,0.0017647291277481942,0.0050294582554963885,0.010511042275284543
2019-03-04,0.020209566264220907,-0.0018195348830440938,-0.022029101147265,0.40634920634920635,-0.00075,-0.0018195348830440938,0.0050294582554963885
2019-03-05,0.03064477227602017,-0.005753942093184028,-0.036398714369204194,0.5619047619047619,-0.0036269710465920138,-0.005753942093184028,-0.0018195348830440938
2019-03-06,0.026604490743336283,-0.01157475803323782,-0.0381792487765741,0.5132275132275133,-0.00075,-0.01157475803323782,-0.005753942093184028
2019-03-07,0.009045750735071873,0.002376607991066315,-0.006669142744005558,0.18888888888888888,0.0,0.002376607991066315,-0.01157475803323782
2019-03-08,0.04802893978680528,0.03464264416042884,-0.013386295626376443,0.734920634920635,0.016571322080214418,0.051213966240643255,0.002376607991066315
2019-03-11,0.028390339400280212,0.011235049972892819,-0.017155289427387393,0.5354497354497354,-0.00075,0.010485049972892818,0.03464264416042884
2019-03-12,-0.009673351616627038,0.004422093990317899,0.014095445606944937,0.2021164021164021,0.0,0.004422093990317899,0.011235049972892819
2019-03-13,-0.011823105745699607,0.011116853002332894,0.0229399587480325,0.25555555555555554,0.0,0.011116853002332894,0.004422093990317899
2019-03-14,-0.015738678792216736,0.013008164619425333,0.02874684341164207,0.32592592592592595,0.0,0.013008164619425333,0.011116853002332894
2019-03-15,-0.009704393682624938,0.010208414345163064,0.019912808027788,0.20264550264550266,0.0,0.010208414345163064,0.013008164619425333
2019-03-18,-0.02603069169862889,-0.007924568203032667,0.018106123495596222,0.5052910052910053,-0.0,-0.007924568203032667,0.010208414345163064
2019-03-19,0.009897305414507188,0.008738234535010658,-0.0011590708794965293,0.2074074074074074,0.0,0.008738234535010658,-0.007924568203032667
2019-03-20,0.008653785799704855,0.036830497360725634,0.02817671156102078,0.18518518518518517,0.0,0.036830497360725634,0.008738234535010658
2019-03-21,0.05839074846104243,-0.020708587825374103,-0.07909933628641654,0.8021164021164021,-0.011104293912687052,-0.031812881738061155,0.036830497360725634
2019-03-22,0.08413189637615946,-0.012090759685278396,-0.09622265606143786,0.9042328042328043,-0.006045379842639198,-0.018136139527917594,-0.020708587825374103
2019-03-25,-0.0003842977634191183,-0.010331440642604162,-0.009947142879185043,0.008465608465608466,-0.00075,-0.011081440642604162,-0.012090759685278396
2019-03-26,-0.0037321866729521855,0.008993739643422094,0.01272592631637428,0.06772486772486773,0.0,0.008993739643422094,-0.010331440642604162
2019-03-27,-0.07124299013792955,0.0013263346810252763,0.07256932481895483,0.8603174603174604,-0.0014131673405126382,-0.000652099595692417,0.008993739643422094
2019-03-28,-0.08988293282890644,0.006517797642914269,0.09640073047182071,0.9222222222222223,-0.0032588988214571346,0.0019553392928742808,0.0013263346810252763
2019-03-29,-0.09405849930418243,0.006791097710568517,0.10084959701475095,0.9296296296296296,-0.0033955488552842583,0.002037329313170555,0.006517797642914269
2019-04-01,-0.07528307967250916,0.014536847186719326,0.08981992685922849,0.8735449735449735,-0.007268423593359663,0.004361054156015798,0.006791097710568517
2019-04-02,-0.06982808709755171,0.006854977189096001,0.07668306428664771,0.8523809523809524,-0.0034274885945480005,0.0020564931567288,0.014536847186719326
2019-04-03,-0.07871978341676103,0.0017402507680479573,0.08046003418480899,0.8867724867724868,-0.0012226882454695052,0.0005220752304143872,0.006854977189096001
2019-04-04,-0.06060330826503381,0.006694313009255826,0.06729762127428963,0.8132275132275132,-0.0043308782535773456,0.0020082939027767474,0.0017402507680479573
2019-04-05,-0.02110943543137635,0.015736405465750947,0.036845840897127294,0.42063492063492064,-0.0009599503635927521,0.014686405465750946,0.006694313009255826
2019-04-08,-0.03173931305319502,-0.0029987832055671237,0.0287405298476279,0.5777777777777777,0.0009617903101697364,-0.0029987832055671237,0.015736405465750947
2019-04-09,0.021712880855425026,0.0056139455204202715,-0.016098935335004755,0.4291005291005291,-0.0009625711443094986,0.0056139455204202715,-0.0029987832055671237
2019-04-10,-0.004751201961001525,-0.008324159739168002,-0.0035729577781664773,0.08624338624338625,-0.0,-0.008324159739168002,0.0056139455204202715
2019-04-11,0.002909311812374211,-0.00040220805226465206,-0.003311519864638863,0.05396825396825397,-0.0,-0.00040220805226465206,-0.008324159739168002
2019-04-12,-0.061037465825226386,0.001810222157559993,0.06284768798278638,0.8174603174603174,-0.0021689063609354117,-0.000506933352732002,-0.00040220805226465206
2019-04-15,-0.0779932811777368,0.00010051105697894691,0.07809379223471574,0.8841269841269841,-7.553070265033355e-05,3.015331709368407e-05,0.001810222157559993
2019-04-16,-0.10202621174726113,0.019472943127938125,0.12149915487519926,0.944973544973545,-0.012799583189945776,0.005841882938381437,0.00010051105697894691
2019-04-17,-0.10899174853271336,0.003593886353885356,0.11258563488659871,0.9576719576719577,-0.0023612661769733694,0.0010781659061656068,0.019472943127938125
2019-04-18,-0.0967541477335361,0.0032866456161084745,0.10004079334964458,0.9343915343915344,-0.002159567512428953,0.0009859936848325423,0.003593886353885356
2019-04-22,-0.1032989684244403,0.014423220164543782,0.11772218858898408,0.9476190476190476,-0.009748699947402933,0.004326966049363134,0.0032866456161084745
2019-04-23,-0.08117957179099856,-0.0015423808214413137,0.07963719096955725,0.8962962962962963,0.0010363055787839406,-0.0004627142464323941,0.014423220164543782
2019-04-24,-0.060319362934359716,-0.009075021936520766,0.05124434099783895,0.8116402116402116,0.00609847773919796,-0.0027225065809562297,-0.0015423808214413137
2019-04-25,-0.05417998309358221,-0.004774124702250249,0.049405858391331964,0.780952380952381,0.0032774241260835678,-0.0014322374106750745,-0.009075021936520766
2019-04-26,-0.03364934344930548,0.0015173803542223308,0.03516672380352781,0.6,-0.0010679175725056497,0.0004673803542223308,-0.004774124702250249
2019-04-29,-0.0389690771392687,-0.019256120203440807,0.01971295693582789,0.656084656084656,0.013236568277437782,-0.006826836061032242,0.0015173803542223308
2019-04-30,0.011230805004861004,0.0490858155511702,0.037855010546309194,0.2402116402116402,-0.001032292729463711,0.048035815551170195,-0.019256120203440807
2019-05-01,-0.009157093597294871,-0.00650794322509185,0.0026491503722030213,0.191005291005291,-0.0,-0.00650794322509185,0.0490858155511702
2019-05-02,0.0417409014662809,0.012431476647841055,-0.029309424818439844,0.6804232804232804,0.008238364735527363,0.017897214971761582,-0.00650794322509185
2019-05-03,-0.03838719904966213,-0.015442636881213834,0.0229445621684483,0.6486772486772486,0.009515250470972559,-0.016192636881213834,0.012431476647841055
2019-05-06,-0.04237023618964655,-0.02695716764157885,0.015413068548067697,0.6862433862433862,0.019832523899886507,-0.009137150292473655,-0.015442636881213834
2019-05-07,0.04309825026506682,0.0001970307412109129,-0.04290121952385591,0.6941798941798942,-0.0020662386222035298,-0.0015044538881836306,-0.02695716764157885
2019-05-08,0.029265736750257038,-0.010743982306514521,-0.04000971905677156,0.5486772486772487,-0.0011057213061985353,-0.011493982306514522,0.0001970307412109129
2019-05-09,0.0648209542827561,-0.013853696038799268,-0.07867465032155536,0.8333333333333334,-0.011328154272425863,-0.021530544058198903,-0.010743982306514521
2019-05-10,0.05095659959959409,-0.05811939029283808,-0.10907598989243217,0.7544973544973544,-0.037060873636701804,-0.08717908543925712,-0.013853696038799268
2019-05-13,-0.0069279065253817045,0.015830299301301087,0.022758205826682792,0.13703703703703704,-0.0009525222941779362,0.015080299301301087,-0.05811939029283808
2019-05-14,0.0448175449891034,0.01197906747837263,-0.03283847751073077,0.7137566137566138,0.006602177326159123,0.017218601217558943,0.015830299301301087
2019-05-15,0.0552167674430561,-0.004399324762566992,-0.05961609220562309,0.7873015873015873,-0.002769295694193282,-0.006598987143850488,0.01197906747837263
2019-05-16,0.04598715451666155,-0.005681962965396914,-0.05166911748205846,0.7243386243386244,-0.003571304975027419,-0.008522944448095371,-0.004399324762566992
2019-05-17,0.005990234533021893,-0.03126996354653244,-0.03726019807955434,0.11587301587301588,-0.0009424441462488181,-0.03201996354653244,-0.005681962965396914
2019-05-20,-0.005742675831179576,0.01917100168005148,0.024913677511231056,0.10952380952380952,0.0,0.01917100168005148,-0.03126996354653244
2019-05-21,-0.007261530487421664,-0.020471559257332128,-0.013210028769910464,0.14708994708994708,-0.0,-0.020471559257332128,0.01917100168005148
2019-05-22,-0.007971245674205804,-0.017069770470505286,-0.009098524796299481,0.16613756613756614,-0.0,-0.017069770470505286,-0.020471559257332128
2019-05-23,0.012751135048309256,-0.003840622374687186,-0.016591757422996442,0.273015873015873,-0.0,-0.003840622374687186,-0.017069770470505286
2019-05-24,0.0034240558758124283,-0.004134880834846033,-0.007558936710658461,0.06084656084656084,-0.0,-0.004134880834846033,-0.003840622374687186
2019-05-28,0.0009087024136722188,-0.004768875884073709,-0.005677578297745928,0.0164021164021164,-0.0,-0.004768875884073709,-0.004134880834846033
2019-05-29,-0.006942277430902061,0.005186501532659316,0.012128778963561376,0.13756613756613756,0.0,0.005186501532659316,-0.004768875884073709
2019-05-30,-0.05456544354229426,-0.018115522748887725,0.03644992079340654,0.7846560846560846,0.008307761374443862,-0.006484656824666317,0.005186501532659316
2019-05-31,-0.024240541063740614,-0.010110344473593491,0.014130196590147123,0.48253968253968255,-0.00075,-0.011160344473593492,-0.018115522748887725
2019-06-03,-0.0002644485812988949,0.03658408096011523,0.03684852954141413,0.00582010582010582,0.0,0.03658408096011523,-0.010110344473593491
2019-06-04,-0.07024531708741355,0.01614328330250636,0.08638860038991991,0.855026455026455,-0.008821641651253181,0.0037929849907519086,0.03658408096011523
2019-06-05,-0.016209733269630218,0.014681768739142953,0.03089150200877317,0.3306878306878307,-0.00075,0.013631768739142952,0.01614328330250636
2019-06-06,-0.03184759358862029,0.026617032258064555,0.058464625846684846,0.5804232804232804,-0.014058516129032278,0.026617032258064555,0.014681768739142953
2019-06-07,-0.03399308682320413,0.0127795034581899,0.04677259028139403,0.6031746031746031,-0.00638975172909495,0.0127795034581899,0.026617032258064555
2019-06-10,-0.02080290490595995,0.01157935851252323,0.03238226341848318,0.4158730158730159,-0.00075,0.01157935851252323,0.0127795034581899
2019-06-11,0.012217634341470687,-0.003182655159141734,-0.01540028950061242,0.26402116402116405,-0.0,-0.003182655159141734,0.01157935851252323
2019-06-12,0.02134970566674916,-0.00020602258749269353,-0.021555728254241853,0.4238095238095238,-0.0,-0.00020602258749269353,-0.003182655159141734
2019-06-13,0.021043708874552754,-0.0072623360619649135,-0.028306044936517668,0.4195767195767196,-0.0,-0.0072623360619649135,-0.00020602258749269353
2019-06-14,0.018636658317986218,0.005966366145329749,-0.012670292172656469,0.3746031746031746,0.0,0.005966366145329749,-0.0072623360619649135
2019-06-17,0.004562345602542945,0.023518892399495783,0.018956546796952838,0.08253968253968254,0.0,0.023518892399495783,0.005966366145329749
2019-06-18,-0.031092037956198755,-0.00292275822180299,0.028169279734395765,0.5682539682539682,0.0007113791109014951,-0.00292275822180299,0.023518892399495783
2019-06-19,0.005824907353449378,0.008035539869138741,0.0022106325156893633,0.11164021164021164,-0.00075,0.008035539869138741,-0.00292275822180299
2019-06-20,-0.007237628690724619,-0.0034092070076980896,0.0038284216830265297,0.14603174603174604,-0.0,-0.0034092070076980896,0.008035539869138741
2019-06-21,-0.014327422817649545,-0.0010060060589602848,0.01332141675868926,0.3,-0.0,-0.0010060060589602848,-0.0034092070076980896
2019-06-24,0.02043137726915349,-0.015157599576427705,-0.0355889768455812,0.41005291005291006,-0.0,-0.015157599576427705,-0.0010060060589602848
2019-06-25,0.02087673766728408,0.021628973652909167,0.0007522359856250854,0.4174603174603175,0.0,0.021628973652909167,-0.015157599576427705
2019-06-26,-0.005737750216174054,-0.0003001574072013513,0.005437592808972703,0.10899470899470899,-0.0,-0.0003001574072013513,0.021628973652909167
2019-06-27,0.013285887574424404,-0.009112001980165929,-0.022397889554590333,0.28253968253968254,-0.0,-0.009112001980165929,-0.0003001574072013513
2019-06-28,0.018091649044541417,0.018340791551052726,0.0002491425065113094,0.36613756613756615,0.0,0.018340791551052726,-0.009112001980165929
2019-07-01,-0.012043526415855373,0.005854422987396912,0.017897949403252286,0.26031746031746034,0.0,0.005854422987396912,0.018340791551052726
2019-07-02,0.03143227934293064,0.008287107627714896,-0.023145171715215747,0.5724867724867725,0.003393553813857448,0.008287107627714896,0.005854422987396912
2019-07-03,0.017783332409898975,-0.0008806317601426361,-0.01866396417004161,0.3592592592592593,-0.00075,-0.0008806317601426361,0.008287107627714896
2019-07-05,0.01634594681545216,-0.02061393052089977,-0.036959877336351935,0.3343915343915344,-0.0,-0.02061393052089977,-0.0008806317601426361
2019-07-08,0.06763256191680667,0.006099222106029867,-0.0615333398107768,0.8428571428571429,0.0022996110530149336,0.0083988331590448,-0.02061393052089977
2019-07-09,0.05452314737887475,0.009888867907871912,-0.04463427947100284,0.7841269841269841,0.004944433953935956,0.014833301861807868,0.006099222106029867
2019-07-10,0.04369333904382326,-0.007282582091333145,-0.05097592113515641,0.701058201058201,-0.0036412910456665726,-0.010923873136999718,0.009888867907871912
2019-07-11,0.08849784743922756,0.007682937789250444,-0.08081490964997712,0.917989417989418,0.003841468894625222,0.011524406683875665,-0.007282582091333145
2019-07-12,0.05901007955461271,0.009395005031051173,-0.049615074523561536,0.8068783068783069,0.004697502515525587,0.01409250754657676,0.007682937789250444
2019-07-15,0.028753140197576573,-0.0034598801192922135,-0.03221302031686879,0.5423280423280423,-0.00075,-0.004209880119292213,0.009395005031051173
2019-07-16,0.07021020538780612,-0.005623496551441898,-0.07583370193924802,0.8544973544973545,-0.0035617482757209487,-0.009185244827162847,-0.0034598801192922135
2019-07-17,0.0731330969536414,0.011359881694571472,-0.061773215259069925,0.8666666666666667,0.005679940847285736,0.017039822541857208,-0.005623496551441898
2019-07-18,0.10267542626930501,-0.014927700764540752,-0.11760312703384576,0.9465608465608466,-0.007463850382270376,-0.02239155114681113,0.011359881694571472
2019-07-19,0.10089499309946379,0.022854148465021762,-0.07804084463444202,0.9402116402116402,0.011427074232510881,0.03428122269753264,-0.014927700764540752
2019-07-22,0.08448689660525618,0.00781767077314477,-0.07666922583211142,0.9063492063492063,0.003908835386572385,0.011726506159717154,0.022854148465021762
2019-07-23,0.027760679334979298,-0.0008141161064910696,-0.028574795441470367,0.5248677248677248,-0.00075,-0.0015641161064910696,0.00781767077314477
2019-07-24,0.0440160228182499,-0.007907124765476836,-0.051923147583726736,0.7037037037037037,-0.004703562382738418,-0.012610687148215255,-0.0008141161064910696
2019-07-25,-0.006746542243095833,0.003477885958834692,0.010224428201930525,0.13174603174603175,-0.00075,0.0027278859588346924,-0.007907124765476836
2019-07-26,0.07277509424770673,0.009338626507630066,-0.06343646774007666,0.8650793650793651,0.003919313253815033,0.013257939761445098,0.003477885958834692
2019-07-29,0.07961721004912037,-0.004292187923151114,-0.08390939797227148,0.8904761904761904,-0.002146093961575557,-0.006438281884726671,0.009338626507630066
2019-07-30,0.05613463481678568,0.020404157542654566,-0.03573047727413112,0.7931216931216931,0.012246739909333428,0.03060623631398185,-0.004292187923151114
2019-07-31,0.021570650026945266,-0.0216391026837639,-0.04320975271070916,0.42698412698412697,-0.0009122390048373742,-0.0223891026837639,0.020404157542654566
2019-08-01,0.04451765998669728,-0.021158204256408242,-0.06567586424310552,0.7111111111111111,-0.011329102128204122,-0.03248730638461236,-0.0216391026837639
2019-08-02,0.0067932835165042775,-0.052347733079431524,-0.059141016595935805,0.1328042328042328,-0.00075,-0.053097733079431525,-0.021158204256408242
2019-08-05,0.036941529717217786,0.018930519394150913,-0.018011010323066873,0.6370370370370371,0.008715259697075456,0.018930519394150913,-0.052347733079431524
2019-08-06,-0.017260318845963584,0.010355090961896574,0.027615409807860158,0.3492063492063492,-0.00075,0.010355090961896574,0.018930519394150913
2019-08-07,-0.010873525493473497,0.022055672786954084,0.03292919828042758,0.2306878306878307,0.0,0.022055672786954084,0.010355090961896574
2019-08-08,-0.011324735516688392,-0.008240186436078267,0.003084549080610125,0.24338624338624337,-0.0,-0.008240186436078267,0.022055672786954084
2019-08-09,-0.038617343881581015,-0.0025373725440178685,0.036079971337563146,0.6523809523809524,0.0006368341633122928,-0.0018112117632053605,-0.008240186436078267
2019-08-12,-0.053929727350009005,0.042348428317792175,0.09627815566780118,0.7804232804232805,-0.0213450513744914,0.012704528495337652,-0.0025373725440178685
2019-08-13,-0.04834686324414918,-0.029765006311970765,0.01858185693217841,0.7375661375661375,0.014882503155985383,-0.00892950189359123,0.042348428317792175
2019-08-14,-0.006556319106718868,-0.0049816848669795855,0.0015746342397392823,0.1291005291005291,-0.00075,-0.006031684866979585,-0.029765006311970765
2019-08-15,-0.02025472809222115,0.023594731563193472,0.04384945965541462,0.4068783068783069,0.0,0.023594731563193472,-0.0049816848669795855
2019-08-16,-0.008917480522046568,0.018644189738170613,0.02756167026021718,0.18624338624338624,0.0,0.018644189738170613,0.023594731563193472
2019-08-19,0.004111225562431559,4.7538551879222624e-05,-0.004063687010552337,0.07513227513227513,0.0,4.7538551879222624e-05,0.018644189738170613
2019-08-20,-0.023548721848809965,0.010838425501424886,0.03438714735023485,0.455026455026455,0.0,0.010838425501424886,4.7538551879222624e-05
2019-08-21,-0.03738122485767273,-0.0008462548241451318,0.0365349700335276,0.6428571428571429,-0.00032687258792743414,-0.0008462548241451318,0.010838425501424886
2019-08-22,-0.036139436640265934,-0.04622080116473726,-0.010081364524471323,0.629100529100529,0.02311040058236863,-0.04622080116473726,-0.0008462548241451318
2019-08-23,0.04078924846528477,0.0189994153519919,-0.02178983311329287,0.671957671957672,0.00799970767599595,0.02774912302798785,-0.04622080116473726
2019-08-26,-0.0010141204890552341,-0.011283847641844647,-0.010269727152789412,0.01798941798941799,-0.00075,-0.012033847641844647,0.0189994153519919
2019-08-27,-0.004702279433127891,0.00671024529518971,0.011412524728317601,0.08306878306878307,0.0,0.00671024529518971,-0.011283847641844647
2019-08-28,0.031745453504047956,0.016931929468609885,-0.01481352403543807,0.5783068783068783,0.007715964734304943,0.016931929468609885,0.00671024529518971
2019-08-29,-0.005592356585321732,-0.0012916941386142966,0.004300662446707435,0.10476190476190476,-0.00075,-0.0012916941386142966,0.016931929468609885
2019-08-30,-0.008232182740505582,-0.014563869780242045,-0.006331687039736463,0.1761904761904762,-0.0,-0.014563869780242045,-0.0012916941386142966
2019-09-03,-0.022690874591613234,0.016966705351465716,0.03965757994307895,0.4417989417989418,0.0,0.016966705351465716,-0.014563869780242045
2019-09-04,-0.020564707640045,0.019551541320154797,0.0401162489601998,0.41164021164021164,0.0,0.019551541320154797,0.016966705351465716
2019-09-05,-0.001775268628112555,-9.369654450264164e-05,0.0016815720836099134,0.03333333333333333,-0.0,-9.369654450264164e-05,0.019551541320154797
2019-09-06,0.0019636906416077363,0.004267053178180991,0.0023033625365732543,0.03756613756613757,0.0,0.004267053178180991,-9.369654450264164e-05
2019-09-09,-0.01316376690732832,0.01181295549781236,0.02497672240514068,0.2783068783068783,0.0,0.01181295549781236,0.004267053178180991
2019-09-10,-0.018134237686734406,0.0317952954998586,0.049929533186593,0.36666666666666664,0.0,0.0317952954998586,0.01181295549781236
2019-09-11,-0.014492031203513129,-0.0022363185746624437,0.012255712628850685,0.3021164021164021,-0.0,-0.0022363185746624437,0.0317952954998586
2019-09-12,-0.006582487208777847,-0.019454086298710482,-0.012871599089932635,0.12962962962962962,-0.0,-0.019454086298710482,-0.0022363185746624437
2019-09-13,-0.003980649543712689,0.005257366807690289,0.009238016351402978,0.07248677248677249,0.0,0.005257366807690289,-0.019454086298710482
2019-09-16,-0.016114508043857747,0.003637848201853089,0.019752356245710836,0.33015873015873015,0.0,0.003637848201853089,0.005257366807690289
2019-09-17,0.01170402979997766,0.009379215371634553,-0.002324814428343107,0.25343915343915346,0.0,0.009379215371634553,0.003637848201853089
2019-09-18,-0.018161732470957054,-0.008124970920665442,0.010036761550291613,0.3671957671957672,-0.0,-0.008124970920665442,0.009379215371634553
2019-09-19,0.004873685189195776,-0.014617931321425082,-0.019491616510620858,0.09047619047619047,-0.0,-0.014617931321425082,-0.008124970920665442
2019-09-20,-0.001092409964667057,0.004546941050001196,0.0056393510146682535,0.019576719576719578,0.0,0.004546941050001196,-0.014617931321425082
2019-09-23,-0.02454690448928856,-0.004755101806813822,0.019791802682474737,0.4873015873015873,-0.0,-0.004755101806813822,0.004546941050001196
2019-09-24,-0.00407390135280114,0.015389593940646318,0.019463495293447458,0.07407407407407407,0.0,0.015389593940646318,-0.004755101806813822
2019-09-25,-0.03594878270982059,-0.005157606415622573,0.030791176294198017,0.6259259259259259,0.0018288032078112866,-0.005157606415622573,0.015389593940646318
2019-09-26,-0.009949836292861471,-0.004866012672523179,0.005083823620338292,0.2105820105820106,-0.00075,-0.004866012672523179,-0.005157606415622573
2019-09-27,-0.01090845019378681,0.02353535384308736,0.034443804036874165,0.23333333333333334,0.0,0.02353535384308736,-0.004866012672523179
2019-09-30,-0.03766781809020697,0.0027678708421432496,0.04043568893235022,0.6444444444444445,-0.0021339354210716246,0.0027678708421432496,0.02353535384308736
2019-10-01,-0.02872063512877199,-0.025067526925431682,0.0036531082033403085,0.5412698412698412,-0.00075,-0.025067526925431682,0.0027678708421432496
2019-10-02,0.021760268903193467,0.008494476234495396,-0.013265792668698071,0.4312169312169312,0.0,0.008494476234495396,-0.025067526925431682
2019-10-03,-0.0016532987859316263,0.02803186049020745,0.029685159276139076,0.031216931216931216,0.0,0.02803186049020745,0.008494476234495396
2019-10-04,-0.03137823747985288,0.0002204585692064942,0.03159869604905938,0.5714285714285714,-0.0008602292846032471,0.0002204585692064942,0.02803186049020745
2019-10-07,-0.044233770857468824,-0.011715003537185131,0.03251876732028369,0.7074074074074074,0.005857501768592566,-0.004564501061155539,0.0002204585692064942
2019-10-08,0.003651157826691242,0.011720043925496526,0.008068886098805284,0.06613756613756613,-0.00075,0.010670043925496525,-0.011715003537185131
2019-10-09,-0.024743940917758517,0.013478388295597998,0.03822232921335651,0.4894179894179894,0.0,0.013478388295597998,0.011720043925496526
2019-10-10,-0.04011264586070176,0.02659834370086811,0.06671098956156987,0.665079365079365,-0.014049171850434056,0.006929503110260434,0.013478388295597998
2019-10-11,-0.03880240493352437,-0.0014397622194997073,0.03736264271402466,0.6534391534391535,0.0007198811097498536,-0.0004319286658499122,0.02659834370086811
2019-10-14,-0.0139256600794346,-0.0023314628782200586,0.011594197201214542,0.29417989417989415,-0.00075,-0.0033814628782200583,-0.0014397622194997073
2019-10-15,-0.0188433811799177,-0.004037084082940012,0.01480629709697769,0.37936507936507935,-0.0,-0.004037084082940012,-0.0023314628782200586
2019-10-16,0.0015059704325549109,0.0038829178433803513,0.0023769474108254404,0.02857142857142857,0.0,0.0038829178433803513,-0.004037084082940012
2019-10-17,-0.018287257249918105,0.0048025930453914345,0.02308985029530954,0.3682539682539683,0.0,0.0048025930453914345,0.0038829178433803513
2019-10-18,-0.03106848873419153,0.01734289865271932,0.04841138738691085,0.5677248677248677,-0.00942144932635966,0.01734289865271932,0.0048025930453914345
2019-10-21,-0.04535171535589287,-0.002286812527437676,0.043064902828455195,0.7174603174603175,0.001143406263718838,-0.0017360437582313029,0.01734289865271932
2019-10-22,0.004217260632267621,0.013418877949892494,0.009201617317624873,0.0761904761904762,-0.00075,0.012368877949892493,-0.002286812527437676
2019-10-23,0.003744564586329012,0.0016448937930308993,-0.0020996707932981126,0.06825396825396825,0.0,0.0016448937930308993,0.013418877949892494
2019-10-24,-0.0022425276544683556,0.012316150968070039,0.014558678622538394,0.042328042328042326,0.0,0.012316150968070039,0.0016448937930308993
2019-10-25,-0.04560010519143265,0.010017090495946235,0.055617195687378884,0.7206349206349206,-0.005758545247973117,0.0019551271487838707,0.012316150968070039
2019-10-28,0.01287801473503136,-0.02312810278023769,-0.036006117515269054,0.27354497354497354,-0.00075,-0.02417810278023769,0.010017090495946235
2019-10-29,0.07691965268452465,-0.00012311067199244352,-0.0770427633565171,0.8783068783068783,-0.0008115553359962218,-0.0009346660079886653,-0.02312810278023769
2019-10-30,0.041948838335215836,0.022609543328449444,-0.019339295006766392,0.683068783068783,0.011304771664224722,0.033914314992674166,-0.00012311067199244352
2019-10-31,-0.008330658359894848,0.02838072078025089,0.03671137914014574,0.17777777777777778,-0.00075,0.02763072078025089,0.022609543328449444
2019-11-01,-0.03847874907310648,0.006567192516512721,0.0450459415896192,0.6502645502645502,-0.004869595561992045,0.0009201577549538163,0.02838072078025089
2019-11-04,-0.029128391629504542,-0.0014369784889028958,0.027691413140601646,0.5476190476190477,-0.0009054442828823929,-0.0024869784889028955,0.006567192516512721
2019-11-05,-0.04179780338289168,0.0004277261616740802,0.04222552954456576,0.6814814814814815,-0.0011757803465336956,-0.0009216821514977759,-0.0014369784889028958
2019-11-06,-0.034409652803688205,0.011541570918319088,0.045951223722007294,0.6084656084656085,-0.00706524707032556,0.010491570918319088,0.0004277261616740802
2019-11-07,-0.05175964591418555,0.0027367395620057078,0.054496385476191254,0.7613756613756614,-0.001678474491141361,-0.00022897813139828767,0.011541570918319088
2019-11-08,-0.012355349856282442,0.007918746646583763,0.020274096502866205,0.2671957671957672,-0.0009192181451897313,0.006868746646583763,0.0027367395620057078
2019-11-11,-0.010222094307207018,-0.0009154044823977969,0.00930668982480922,0.21534391534391534,-0.0,-0.0009154044823977969,0.007918746646583763
2019-11-12,-0.05843251519373297,0.009581740137185824,0.06801425533091879,0.8031746031746032,-0.007491430385911735,0.0018245220411557469,-0.0009154044823977969
2019-11-13,-0.08783763712345075,-0.006919427604326289,0.08091820951912446,0.9158730158730158,0.004716351280451551,-0.0020758282812978865,0.009581740137185824
2019-11-14,-0.0010884498463447911,0.01187917551946982,0.012967625365814611,0.01904761904761905,-0.001024737663634642,0.01082917551946982,-0.006919427604326289
2019-11-15,-0.01464421609072726,0.005042281013172278,0.01968649710389954,0.30423280423280424,0.0,0.005042281013172278,0.01187917551946982
2019-11-18,-0.010287777106244685,-0.0030328941334502035,0.007254882972794481,0.21693121693121692,-0.0,-0.0030328941334502035,0.005042281013172278
2019-11-19,0.037670976469272775,-0.011641652816965609,-0.049312629286238384,0.644973544973545,-0.008961184171122915,-0.011641652816965609,-0.0030328941334502035
2019-11-20,0.12445111421754607,-0.004482904192684267,-0.12893401841023033,0.9703703703703703,-0.0035525755484599954,-0.007474356289026401,-0.011641652816965609
2019-11-21,0.08601332841408228,-0.0008778358055659963,-0.08689116421964828,0.91005291005291,-0.0006907583342758128,-0.0013167537083489944,-0.004482904192684267
2019-11-22,0.07485696873622641,0.017533391935349307,-0.0573235768008771,0.8719576719576719,0.013590574380704368,0.02630008790302396,-0.0008778358055659963
2019-11-25,0.032298960533808055,-0.007808636481700604,-0.04010759701550866,0.5857142857142857,-0.006017789396492594,-0.008558636481700604,0.017533391935349307
2019-11-26,0.14372432592420473,0.013432494070905854,-0.13029183185329887,0.9846560846560847,0.010375294626292468,0.01939874110635878,-0.007808636481700604
2019-11-27,0.021075556900292655,-0.0022030096493784734,-0.02327856654967113,0.4201058201058201,-0.0011591425149255553,-0.0029530096493784732,0.013432494070905854
2019-11-29,0.1010990493191267,-0.011562054891648632,-0.11266110421077533,0.9407407407407408,-0.01014448907337712,-0.01809308233747295,-0.0022030096493784734
2019-12-02,0.16504118581528734,-0.01783011936209622,-0.18287130517738356,0.9931216931216931,-0.013647807354837671,-0.02674517904314433,-0.011562054891648632
2019-12-03,0.11324270063010813,0.008826305031285342,-0.10441639559882279,0.9613756613756613,0.0068161644028679825,0.013239457546928013,-0.01783011936209622
2019-12-04,0.02252385984795378,0.014670884271300588,-0.007852975576653192,0.43915343915343913,-0.0011607941279465515,0.013920884271300588,0.008826305031285342
2019-12-05,0.052314767126289026,0.01931664312189607,-0.032998124004392955,0.7671957671957672,0.013530459726764713,0.028224964682844106,0.014670884271300588
2019-12-06,0.050028597241313796,-0.01400038395013603,-0.06402898119144983,0.7476190476190476,-0.010513583977293767,-0.021000575925204046,0.01931664312189607
2019-12-09,0.164588771421637,0.005844348798818455,-0.15874442262281854,0.9925925925925926,0.004525605972141546,0.008766523198227683,-0.01400038395013603
2019-12-10,0.0889561476154017,0.00852967922841863,-0.08042646838698307,0.9206349206349206,0.006676622785350971,0.012794518842627944,0.005844348798818455
2019-12-11,0.06830662120707653,0.0025479571282076563,-0.06575866407886888,0.8465608465608465,0.0020191288725897785,0.0038219356923114844,0.00852967922841863
2019-12-12,0.11498411311948173,0.013593276908043572,-0.10139083621143816,0.9634920634920635,0.010891924941004797,0.02038991536206536,0.0025479571282076563
2019-12-13,0.061223845294080835,0.017117665835583606,-0.04410617945849723,0.8185185185185185,0.013572856333458418,0.02567649875337541,0.013593276908043572
2019-12-16,0.0057939895075201225,0.0019656679318371673,-0.0038283215756829553,0.11058201058201059,-0.0011904434325369405,0.0012156679318371672,0.017117665835583606
2019-12-17,-0.00445439759468233,-0.0023893671862196264,0.0020650304084627036,0.07989417989417989,-0.0,-0.0023893671862196264,0.0019656679318371673
2019-12-18,0.030909375662515417,0.0010011880976623644,-0.029908187564853052,0.5661375661375662,-0.0004068702788123388,0.0010011880976623644,-0.0023893671862196264
2019-12-19,0.034930772485934,-0.002071581224113661,-0.03700235371004766,0.6132275132275132,-0.00168870058937502,-0.002071581224113661,0.0010011880976623644
2019-12-20,0.08894325649814229,0.016318572163162015,-0.07262468433498027,0.9201058201058201,0.013222594146691372,0.023727858244743022,-0.002071581224113661
2019-12-23,-0.021374493195315175,0.0009503965018988758,0.02232488969721405,0.42433862433862435,-0.001215869469049933,0.0002003965018988758,0.016318572163162015
2019-12-24,0.0069646750441261646,0.01984028502637325,0.012875609982247085,0.13915343915343914,0.0,0.01984028502637325,0.0009503965018988758
2019-12-26,-0.020050443753834232,-0.0003792649705131046,0.019671178783321128,0.40476190476190477,-0.0,-0.0003792649705131046,0.01984028502637325
2019-12-27,0.022327489211680082,0.005935335142861042,-0.01639215406881904,0.43862433862433864,0.0,0.005935335142861042,-0.0003792649705131046
2019-12-30,0.01747345556754661,0.0073062890476778275,-0.010167166519868782,0.35185185185185186,0.0,0.0073062890476778275,0.005935335142861042
2019-12-31,-0.0211559531299738,0.022816361861096812,0.04397231499107061,0.4222222222222222,0.0,0.022816361861096812,0.0073062890476778275
2020-01-02,-0.05371942803790437,-0.009722033859726142,0.043997394178178224,0.7767195767195767,0.006978905589705442,-0.003966610157917843,0.022816361861096812
2020-01-03,0.011157984676099752,0.007968249164505004,-0.0031897355115947483,0.23862433862433863,-0.0012732078903049957,0.006918249164505004,-0.009722033859726142
2020-01-06,-0.01758711097198,-0.004703396840240459,0.01288371413173954,0.35555555555555557,-0.0,-0.004703396840240459,0.007968249164505004
2020-01-07,-0.009331659465855277,0.016086657358685086,0.025418316824540363,0.19470899470899472,0.0,0.016086657358685086,-0.004703396840240459
2020-01-08,-0.016765378132431667,0.021240760915179235,0.0380061390476109,0.3412698412698413,0.0,0.021240760915179235,0.016086657358685086
2020-01-09,-0.05298016230093077,0.0022607848031757083,0.05524094710410648,0.7724867724867724,-0.003290487490916292,-0.0003717645590472874,0.021240760915179235
2020-01-10,-0.024166464755040966,0.021364195401062158,0.045530660156103124,0.4804232804232804,-0.0013124205437669747,0.02031419540106216,0.0022607848031757083
2020-01-13,-0.042751666403086176,-0.013503148790865671,0.029248517612220505,0.691005291005291,0.01043539303450849,-0.005100944637259701,0.021364195401062158
2020-01-14,0.00768358264415734,-0.0042856483466562345,-0.011969230990813574,0.16031746031746033,-0.0013040819392053733,-0.005335648346656234,-0.013503148790865671
2020-01-15,0.0054700666713159915,0.012526694096003599,0.007056627424687607,0.10052910052910052,0.0,0.012526694096003599,-0.0042856483466562345
2020-01-16,-0.010319799241987539,0.011070831656231128,0.021390630898218667,0.21798941798941798,0.0,0.011070831656231128,0.012526694096003599
2020-01-17,-0.010666103180559605,-0.006776590095094459,0.003889513085465146,0.22592592592592592,-0.0,-0.006776590095094459,0.011070831656231128
2020-01-21,0.010363936378286899,0.003569228689680237,-0.006794707688606662,0.21904761904761905,0.0,0.003569228689680237,-0.006776590095094459
2020-01-22,-0.007371617774284495,0.00481576702446862,0.012187384798753115,0.15185185185185185,0.0,0.00481576702446862,0.003569228689680237
2020-01-23,0.006507065026314752,-0.0028819572403920857,-0.009389022266706838,0.1259259259259259,-0.0,-0.0028819572403920857,0.00481576702446862
2020-01-24,0.03433018649553746,-0.029405199274982197,-0.06373538577051965,0.6068783068783069,-0.02508921354055499,-0.029405199274982197,-0.0028819572403920857
2020-01-27,0.056983325402154825,0.02828938182131857,-0.028693943580836254,0.7973544973544974,0.02224999835334886,0.041684072731977856,-0.029405199274982197
2020-01-28,0.02409395074429882,0.0209320107655806,-0.00316193997871822,0.4793650793650794,-0.0011816819456000915,0.0201820107655806,0.02828938182131857
2020-01-29,0.01703311907487385,-0.0014488198319790868,-0.018481938906852936,0.346031746031746,-0.0,-0.0014488198319790868,0.0209320107655806
2020-01-30,-0.028193611881200942,-0.044338580119388626,-0.016144968238187684,0.5328042328042328,-0.0,-0.044338580119388626,-0.0014488198319790868
2020-01-31,0.10826348266173808,-0.0027464706349135115,-0.11100995329665159,0.9566137566137566,-0.003087430258108045,-0.004869705952370267,-0.044338580119388626
2020-02-03,0.07658361611056336,0.03301375540670759,-0.04356986070385577,0.8772486772486773,0.02370737367837319,0.049520633110061385,-0.0027464706349135115
2020-02-04,0.01560474879489996,0.008154199104325466,-0.007450549690574494,0.3232804232804233,-0.0010777424965557395,0.007404199104325466,0.03301375540670759
2020-02-05,-0.02061510632097067,0.011697123659569097,0.03231222998053977,0.4126984126984127,0.0,0.011697123659569097,0.008154199104325466
2020-02-06,0.02544504440143227,-0.013592900848192535,-0.039037945249624804,0.4973544973544973,-0.0,-0.013592900848192535,0.011697123659569097
2020-02-07,0.07762668201147074,0.004749654530217251,-0.07287702748125349,0.8814814814814815,0.0023054062801298996,0.006374481795325877,-0.013592900848192535
2020-02-10,0.05217059842907602,-0.006033221604825112,-0.058203820033901135,0.7656084656084656,-0.004267113684529719,-0.009049832407237668,0.004749654530217251
2020-02-11,0.07942883137951778,0.023747764067284294,-0.05568106731223349,0.8894179894179894,0.01647367997693773,0.03562164610092644,-0.006033221604825112
2020-02-12,0.02223374446207215,-0.007121121600053626,-0.029354866062125777,0.43703703703703706,-0.0010416869752288987,-0.007871121600053627,0.023747764067284294
2020-02-13,0.07134301593148612,0.0002463853758858381,-0.07109663055560028,0.8608465608465609,-0.0008680245007778056,-0.0003804219361712429,-0.007121121600053626
2020-02-14,0.029533052683121147,-0.01831062077221579,-0.04784367345533694,0.5507936507936508,-0.012499874702255886,-0.01906062077221579,0.0002463853758858381
2020-02-18,0.08880062639467788,0.014482836782275799,-0.07431778961240208,0.919047619047619,0.009850600340088465,0.020974255173413697,-0.01831062077221579
2020-02-19,0.02970233264563818,-0.010259071634365013,-0.03996140428000319,0.5534391534391534,-0.006935981131931444,-0.011009071634365014,0.014482836782275799
2020-02-20,0.0803369720964994,-0.02263499718947881,-0.10297196928597821,0.8941798941798942,-0.0149380193234314,-0.03470249578421822,-0.010259071634365013
2020-02-21,0.06840237366373471,-0.04750042766008611,-0.11590280132382082,0.8470899470899471,-0.028889505251938525,-0.07125064149012916,-0.02263499718947881
2020-02-24,0.06976227360201219,-0.03387184614311023,-0.10363411974512242,0.8518518518518519,-0.017095736903210167,-0.050807769214665344,-0.04750042766008611
2020-02-25,0.040930076741584304,0.015863459295548443,-0.02506661744603586,0.6746031746031746,0.007931729647774222,0.023795188943322665,-0.03387184614311023
2020-02-26,0.018530307021161492,-0.06536833290876976,-0.08389863992993124,0.3724867724867725,-0.00075,-0.06611833290876976,0.015863459295548443
2020-02-27,0.026349619697275322,-0.0005850515181267113,-0.026934671215402033,0.5095238095238095,-0.0,-0.0005850515181267113,-0.06536833290876976
2020-02-28,0.027761882976637176,0.09310074817927805,0.06533886520264087,0.5253968253968254,0.0,0.09310074817927805,-0.0005850515181267113
2020-03-02,0.023901843426741922,-0.03175899560296802,-0.055660839029709946,0.47619047619047616,-0.0,-0.03175899560296802,0.09310074817927805
2020-03-03,0.025838989877960735,0.04638454285115601,0.020545552973195273,0.5021164021164021,0.0,0.04638454285115601,-0.03175899560296802
2020-03-04,0.025487845507634253,-0.03243693924089286,-0.05792478474852711,0.4984126984126984,-0.0,-0.03243693924089286,0.04638454285115601
2020-03-05,0.02485158511984102,-0.013280630348907696,-0.03813221546874872,0.49047619047619045,-0.0,-0.013280630348907696,-0.03243693924089286
2020-03-06,0.02349919024301446,-0.07909181116120267,-0.10259100140421713,0.4544973544973545,-0.0,-0.07909181116120267,-0.013280630348907696
2020-03-09,0.02383654438442889,0.07202182186834682,0.04818527748391793,0.46190476190476193,0.0,0.07202182186834682,-0.07909181116120267
2020-03-10,0.023866072335307135,-0.03473086586095653,-0.05859693819626366,0.4740740740740741,-0.0,-0.03473086586095653,0.07202182186834682
2020-03-11,0.023841395465218428,-0.09875461066895186,-0.1225960061341703,0.4624338624338624,-0.0,-0.09875461066895186,-0.03473086586095653
2020-03-12,0.02385970018899845,0.1198081902771988,0.09594849008820035,0.473015873015873,0.0,0.1198081902771988,-0.09875461066895186
2020-03-13,0.023859616832593883,-0.12864679377941612,-0.15250641061201,0.4634920634920635,-0.0,-0.12864679377941612,0.1198081902771988
2020-03-16,0.023859617011415136,0.04397008090264398,0.020110463891228846,0.4693121693121693,0.0,0.04397008090264398,-0.12864679377941612
2020-03-17,0.023859617011411382,-0.024480043895139136,-0.04833966090655052,0.4666666666666667,-0.0,-0.024480043895139136,0.04397008090264398
2020-03-18,0.02385961701141324,-0.007662053480767206,-0.03152167049218045,0.4671957671957672,-0.0,-0.007662053480767206,-0.024480043895139136
2020-03-19,0.02385961701141456,-0.06348559330008585,-0.08734521031150042,0.4687830687830688,-0.0,-0.06348559330008585,-0.007662053480767206
2020-03-20,0.023859617011413533,-0.021244068882878775,-0.04510368589429231,0.46825396825396826,-0.0,-0.021244068882878775,-0.06348559330008585
2020-03-23,0.023859617011396623,0.10032527963437632,0.0764656626229797,0.4656084656084656,0.0,0.10032527963437632,-0.021244068882878775
2020-03-24,0.023859617011413255,-0.0055087835886542535,-0.02936840060006751,0.4677248677248677,-0.0,-0.0055087835886542535,0.10032527963437632
2020-03-25,0.023859617011410466,0.05262307744343486,0.028763460432024397,0.46613756613756613,0.0,0.05262307744343486,-0.0055087835886542535
2020-03-26,0.023859617011470095,-0.04140211433352359,-0.06526173134499369,0.46984126984126984,-0.0,-0.04140211433352359,0.05262307744343486
2020-03-27,0.023859617011389462,0.028537766389702623,0.0046781493783131615,0.4650793650793651,0.0,0.028537766389702623,-0.04140211433352359
2020-03-30,0.02385961706734047,-0.0020406615569994457,-0.025900278624339915,0.4708994708994709,-0.0,-0.0020406615569994457,0.028537766389702623
2020-03-31,0.02385961700850472,-0.05261710985484014,-0.07647672686334486,0.46455026455026455,-0.0,-0.05261710985484014,-0.0020406615569994457
2020-04-01,0.023859616800190216,0.016686732949622973,-0.007172883850567243,0.46296296296296297,0.0,0.016686732949622973,-0.05261710985484014
2020-04-02,0.023859616921339574,-0.014371417201095915,-0.03823103412243549,0.464021164021164,-0.0,-0.014371417201095915,0.016686732949622973
2020-04-03,0.02385961786374177,0.08723722212510698,0.06337760426136521,0.4714285714285714,0.0,0.08723722212510698,-0.014371417201095915
2020-04-06,0.023859617011924128,-0.011582099111629884,-0.03544171612355401,0.4703703703703704,-0.0,-0.011582099111629884,0.08723722212510698
2020-04-07,0.023859628910281663,0.025594342041341367,0.0017347131310597036,0.47195767195767196,0.0,0.025594342041341367,-0.011582099111629884
2020-04-08,0.023859638044722686,0.007216367241639876,-0.01664327080308281,0.4724867724867725,0.0,0.007216367241639876,0.025594342041341367
2020-04-09,0.023860448821989236,0.01962756799886134,-0.004232880823127897,0.47354497354497355,0.0,0.01962756799886134,0.007216367241639876
2020-04-13,0.023871924014607908,0.050503389556703304,0.026631465542095396,0.47513227513227513,0.0,0.050503389556703304,0.01962756799886134
2020-04-14,0.02391927301744821,-0.00912750177730981,-0.033046774794758024,0.4767195767195767,-0.0,-0.00912750177730981,0.050503389556703304
2020-04-15,0.023664546529024496,0.007945706981420608,-0.015718839547603888,0.45661375661375664,0.0,0.007945706981420608,-0.00912750177730981
2020-04-16,0.023871606517935885,-0.013568793460140949,-0.037440399978076834,0.4746031746031746,-0.0,-0.013568793460140949,0.007945706981420608
2020-04-17,0.023831080687047913,-0.020756588735298842,-0.04458766942234675,0.4613756613756614,-0.0,-0.020756588735298842,-0.013568793460140949
2020-04-20,0.02334912513952306,-0.030910049289200936,-0.054259174428723994,0.45185185185185184,-0.0,-0.030910049289200936,-0.020756588735298842
2020-04-21,0.01988962084232655,0.02880349578234198,0.008913874940015432,0.39894179894179893,0.0,0.02880349578234198,-0.030910049289200936
2020-04-22,0.016792186657219155,-0.003875598868598229,-0.020667785525817384,0.3417989417989418,-0.0,-0.003875598868598229,0.02880349578234198
2020-04-23,0.007215244353130479,0.028869472813131347,0.02165422846000087,0.14444444444444443,0.0,0.028869472813131347,-0.003875598868598229
2020-04-24,0.009892342868545066,0.0007070031924496512,-0.009185339676095415,0.20687830687830688,0.0,0.0007070031924496512,0.028869472813131347
2020-04-27,-0.00981234877251613,-0.01620933115643375,-0.006396982383917619,0.20423280423280424,-0.0,-0.01620933115643375,0.0007070031924496512
2020-04-28,-0.03342453769790214,0.03284490224634329,0.06626943994424543,0.5978835978835979,-0.017172451123171645,0.03284490224634329,-0.01620933115643375
2020-04-29,-0.003937027139453573,0.021096247679429192,0.025033274818882765,0.07037037037037037,-0.00075,0.021096247679429192,0.03284490224634329
2020-04-30,-0.07045922069801808,-0.016099392558282744,0.05435982813973533,0.8560846560846561,0.007299696279141372,-0.005879817767484823,0.021096247679429192
2020-05-01,0.009543700581089241,0.014149160673558425,0.004605460092469184,0.19894179894179895,-0.00075,0.013099160673558425,-0.016099392558282744
2020-05-04,-0.04541884437693449,0.015008355327888134,0.060427199704822625,0.717989417989418,-0.008254177663944068,0.0034525065983664407,0.014149160673558425
2020-05-05,-0.04347017812188211,0.010317556325234678,0.053787734447116785,0.698941798941799,-0.005158778162617339,0.003095266897570403,0.015008355327888134
2020-05-06,-0.044221043736702804,0.01034494963854371,0.054565993375246515,0.7068783068783069,-0.005172474819271855,0.003103484891563113,0.010317556325234678
2020-05-07,0.035769664618731406,0.02380159354382516,-0.011968071074906245,0.6232804232804233,0.010400796771912581,0.022751593543825162,0.01034494963854371
2020-05-08,-0.01250620955064953,0.015735043423244832,0.028241252973894362,0.26931216931216934,-0.00075,0.015735043423244832,0.02380159354382516
2020-05-11,-0.03078241528426668,-0.011427907089263,0.01935450819500368,0.562962962962963,0.004963953544631501,-0.011427907089263,0.015735043423244832
2020-05-12,0.04562626394590103,-0.012074111338913562,-0.057700375284814594,0.7211640211640211,-0.007537055669456781,-0.018861167008370344,-0.011427907089263
2020-05-13,0.025759760527285146,0.006143234458286129,-0.019616526068999017,0.5015873015873016,-0.00075,0.005393234458286129,-0.012074111338913562
2020-05-14,0.007270216222410156,-0.005912028639472489,-0.013182244861882644,0.14814814814814814,-0.0,-0.005912028639472489,0.006143234458286129
2020-05-15,-0.01864968601062971,0.023561157778870356,0.04221084378950007,0.37513227513227515,0.0,0.023561157778870356,-0.005912028639472489
2020-05-18,-0.07163823856979126,-0.0057783974817604555,0.06585984108803081,0.861904761904762,0.002139198740880228,-0.0027835192445281364,0.023561157778870356
2020-05-19,0.05145901305267635,0.019448290662022805,-0.03201072239065354,0.7592592592592593,0.008224145331011403,0.027372435993034207,-0.0057783974817604555
2020-05-20,-0.013484378853817473,-0.007455579077661034,0.006028799776156439,0.2878306878306878,-0.00075,-0.008205579077661035,0.019448290662022805
2020-05-21,0.08420894034321151,0.00643832871791572,-0.07777061162529579,0.9047619047619048,0.0024691643589578602,0.00890749307687358,-0.007455579077661034
2020-05-22,0.023214400817595685,-0.006773374570813173,-0.02998777538840886,0.4486772486772487,-0.00075,-0.007523374570813173,0.00643832871791572
2020-05-26,0.07473366934928255,0.004356679848058986,-0.07037698950122356,0.8714285714285714,0.0014283399240294932,0.00578501977208848,-0.006773374570813173
2020-05-27,0.028100412324092786,0.00044041054300669735,-0.027660001781086088,0.5312169312169313,-0.00075,-0.00030958945699330266,0.004356679848058986
2020-05-28,0.04180618690863813,-0.0009740375071723983,-0.04278022441581053,0.682010582010582,-0.0012370187535861992,-0.0022110562607585973,0.00044041054300669735
2020-05-29,0.032629299468532116,0.012297674560490579,-0.020331624908041537,0.5883597883597883,0.0061488372802452895,0.011547674560490578,-0.0009740375071723983
2020-06-01,0.01782726180378121,0.0046296210232814605,-0.013197640780499748,0.35978835978835977,-0.00075,0.0046296210232814605,0.012297674560490579
2020-06-02,0.031110958207049882,0.005505148263663218,-0.025605809943386664,0.5687830687830688,0.002002574131831609,0.005505148263663218,0.0046296210232814605
2020-06-03,0.028590643757518956,-0.008612480231587782,-0.03720312398910674,0.5386243386243387,-0.00075,-0.008612480231587782,0.005505148263663218
2020-06-04,0.04803840324840224,0.028480996581354168,-0.01955740666704807,0.7354497354497355,0.013490498290677083,0.04197149487203125,-0.008612480231587782
2020-06-05,-0.012481494411803379,0.0059126147401866724,0.01839410915199005,0.2687830687830688,-0.00075,0.005162614740186673,0.028480996581354168
2020-06-08,0.005627794051864851,0.03157800501558361,0.02595021096371876,0.1052910052910053,0.0,0.03157800501558361,0.0059126147401866724
2020-06-09,-0.002215769528723127,0.025727796987638385,0.027943566516361512,0.040740740740740744,0.0,0.025727796987638385,0.03157800501558361
2020-06-10,0.042865282401407814,-0.04801062184505556,-0.09087590424646337,0.6925925925925925,-0.02475531092252778,-0.07276593276758334,0.025727796987638385
2020-06-11,-0.06207926165707386,0.008633450712213664,0.07071271236928753,0.8243386243386244,-0.0058167253561068315,0.0007900352136640991,-0.04801062184505556
2020-06-12,-0.05381727333732634,0.012367350269644639,0.06618462360697097,0.7788359788359789,-0.0061836751348223196,0.0037102050808933917,0.008633450712213664
2020-06-15,-0.05540348610838471,0.026502028913975018,0.08190551502235974,0.7888888888888889,-0.013251014456987509,0.007950608674192505,0.012367350269644639
2020-06-16,-0.0854923876707934,-0.0013916845061957561,0.08410070316459764,0.9084656084656084,0.0006958422530978781,-0.0004175053518587268,0.026502028913975018
2020-06-17,-0.0656086979417762,0.0003982934375625913,0.0660069913793388,0.8365079365079365,-0.00019914671878129564,0.00011948803126877738,-0.0013916845061957561
2020-06-18,-0.03791089017468605,-0.005714716987618718,0.032196173187067335,0.6460317460317461,0.002857358493809359,-0.006764716987618717,0.0003982934375625913
2020-06-19,-0.04089306058610125,0.026163921737485385,0.06705698232358664,0.674074074074074,-0.013081960868742692,0.006799176521245616,-0.005714716987618718
2020-06-22,-0.09523113694947691,0.0213446953626526,0.11657583231212951,0.9312169312169312,-0.0106723476813263,0.00640340860879578,0.026163921737485385
2020-06-23,-0.10640260097387022,-0.017652023631109515,0.0887505773427607,0.9523809523809523,0.008826011815554757,-0.005295607089332854,0.0213446953626526
2020-06-24,-0.06342573204491844,0.013275278967930237,0.07670101101284868,0.828042328042328,-0.006637639483965119,0.003982583690379071,-0.017652023631109515
2020-06-25,-0.04874803572335081,-0.03072544811145894,0.01802258761189187,0.7407407407407407,0.01536272405572947,-0.009217634433437682,0.013275278967930237
2020-06-26,-0.03227405060063596,0.02304664886719121,0.055320699467827174,0.5851851851851851,-0.011523324433595605,0.021996648867191212,-0.03072544811145894
2020-06-29,-0.1060086659641245,0.008347397114615962,0.11435606307874047,0.9513227513227513,-0.004173698557307981,0.0014542191343847888,0.02304664886719121
2020-06-30,-0.11376783919578123,-0.0018912124269463426,0.11187662676883489,0.9629629629629629,0.0009456062134731713,-0.0005673637280839027,0.008347397114615962
2020-07-01,-0.13645342194205842,0.0,0.13645342194205842,0.9809523809523809,-0.0,0.0,-0.0018912124269463426
2020-07-02,-0.0816342718167048,0.026750273270405245,0.10838454508711004,0.8973544973544973,-0.013375136635202622,0.008025081981121573,0.0
2020-07-06,-0.10677366342979877,-0.0031030921504655584,0.10367057127933321,0.9534391534391534,0.0015515460752327792,-0.0009309276451396675,0.026750273270405245
2020-07-07,-0.12451994954354656,0.023290122363064825,0.14781007190661138,0.9708994708994709,-0.011645061181532412,0.006987036708919447,-0.0031030921504655584
2020-07-08,-0.1362027398809936,0.004300282589998705,0.1405030224709923,0.9804232804232804,-0.0021501412949993526,0.0012900847769996115,0.023290122363064825
2020-07-09,-0.08015131318845839,0.001749416587080388,0.08190072977553878,0.8920634920634921,-0.000874708293540194,0.0005248249761241163,0.004300282589998705
2020-07-10,-0.13015914229350373,-0.004613191356996227,0.1255459509365075,0.9767195767195768,0.0023065956784981134,-0.001383957407098868,0.001749416587080388
2020-07-13,-0.08707931655961068,0.01654850741038394,0.10362782396999462,0.9142857142857143,-0.00827425370519197,0.004964552223115181,-0.004613191356996227
2020-07-14,-0.06641589136899204,0.006877215261128278,0.07329310663012031,0.8391534391534392,-0.003438607630564139,0.002063164578338483,0.01654850741038394
2020-07-15,-0.08872293278501134,-0.012304940705938017,0.07641799207907332,0.9185185185185185,0.006152470352969008,-0.0036914822117814047,0.006877215261128278
2020-07-16,-0.12488848947368406,-0.0020204356643923616,0.1228680538092917,0.9714285714285714,0.0010102178321961808,-0.0006061306993177084,-0.012304940705938017
2020-07-17,-0.06974902357346172,0.021073966467662908,0.09082299004112462,0.8513227513227514,-0.010536983233831454,0.006322189940298872,-0.0020204356643923616
2020-07-20,-0.07009704918535173,-0.01380155452980314,0.05629549465554859,0.8539682539682539,0.00690077726490157,-0.004140466358940942,0.021073966467662908
2020-07-21,-0.14397758672944005,0.0028091830003402762,0.14678676972978033,0.9857142857142858,-0.0014045915001701381,0.0008427549001020828,-0.01380155452980314
2020-07-22,-0.14984201033141506,-0.04551622698919533,0.10432578334221973,0.9878306878306878,0.022758113494597665,-0.013654868096758598,0.0028091830003402762
2020-07-23,-0.10167980871193347,-0.0024774472847158835,0.09920236142721758,0.9433862433862434,0.0012387236423579417,-0.000743234185414765,-0.04551622698919533
2020-07-24,-0.09982454314310288,0.02370028559958115,0.12352482874268403,0.9391534391534392,-0.011850142799790575,0.007110085679874345,-0.0024774472847158835
2020-07-27,-0.12286370302986216,-0.016427538479831916,0.10643616455003024,0.9682539682539683,0.008213769239915958,-0.004928261543949574,0.02370028559958115
2020-07-28,-0.08236761814452803,0.019168277987855697,0.10153589613238373,0.9,-0.009584138993927849,0.005750483396356709,-0.016427538479831916
2020-07-29,-0.1302482743785979,0.01210040383827371,0.1423486782168716,0.9772486772486773,-0.006050201919136855,0.003630121151482113,0.019168277987855697
2020-07-30,-0.031770576832043415,0.1046885670305524,0.13645914386259583,0.5788359788359788,-0.0523442835152762,0.10363856703055241,0.01210040383827371
2020-07-31,0.05644860877972381,0.025197397704958657,-0.03125121107476515,0.7952380952380952,0.011098698852479329,0.037046096557437985,0.1046885670305524
2020-08-03,-0.1467833766131889,0.006678118931220611,0.15346149554440952,0.9867724867724867,-0.004839059465610305,0.00020343567936618318,0.025197397704958657
2020-08-04,-0.19101518324241806,0.0036248023081464353,0.1946399855505645,1.0,-0.0018124011540732177,0.0010874406924439306,0.006678118931220611
2020-08-05,-0.1434996538503448,0.034889264312996326,0.17838891816334113,0.9841269841269841,-0.017444632156498163,0.010466779293898897,0.0036248023081464353
2020-08-06,-0.10571461838639178,-0.022735744163127403,0.08297887422326437,0.9502645502645503,0.011367872081563701,-0.006820723248938221,0.034889264312996326
2020-08-07,-0.06709681401950907,0.014534928745849385,0.08163174276535845,0.8417989417989418,-0.007267464372924692,0.004360478623754815,-0.022735744163127403
2020-08-10,-0.10430981023726009,-0.02974010477398603,0.07456970546327406,0.9486772486772487,0.014870052386993016,-0.008922031432195809,0.014534928745849385
2020-08-11,-0.019986269708484744,0.03323432256922376,0.053220592277708506,0.4021164021164021,-0.00075,0.03218432256922376,-0.02974010477398603
2020-08-12,-0.0485508265975506,0.017697478165338287,0.06624830476288888,0.7391534391534391,-0.009598739082669144,0.0042592434496014865,0.03323432256922376
2020-08-13,-0.12074627918996551,-0.0008910571438819348,0.11985522204608358,0.9677248677248678,0.0004455285719409674,-0.00026731714316458044,0.017697478165338287
2020-08-14,-0.05888334611551606,-0.002610928559939385,0.05627241755557667,0.8052910052910053,0.0013054642799696925,-0.0007832785679818154,-0.0008910571438819348
2020-08-17,-0.03549224298367368,0.008332712799037578,0.043824955782711256,0.6206349206349207,-0.004166356399518789,0.0072827127990375785,-0.002610928559939385
2020-08-18,-0.10815223930840949,0.0012548848299422932,0.10940712413835178,0.9560846560846561,-0.0006274424149711466,-0.000673534551017312,0.008332712799037578
2020-08-19,-0.08454933702110844,0.022189749572574025,0.10673908659368246,0.9068783068783068,-0.011094874786287012,0.006656924871772207,0.0012548848299422932
2020-08-20,-0.08027981425092769,0.05153229252818714,0.1318121067791148,0.8931216931216931,-0.02576614626409357,0.015459687758456141,0.022189749572574025
2020-08-21,-0.0688174909937205,0.011960241417569684,0.08077773241129019,0.8497354497354498,-0.005980120708784842,0.0035880724252709047,0.05153229252818714
2020-08-24,-0.07899424952775567,-0.008203831601637956,0.07079041792611772,0.8883597883597883,0.004101915800818978,-0.002461149480491387,0.011960241417569684
2020-08-25,-0.07949413304600429,0.01359917624932816,0.09309330929533245,0.8899470899470899,-0.00679958812466408,0.004079752874798448,-0.008203831601637956
2020-08-26,-0.1345254155011963,-0.011954398990387638,0.12257101651080865,0.9793650793650793,0.005977199495193819,-0.003586319697116291,0.01359917624932816
2020-08-27,0.005654275728847309,-0.0016197549378103027,-0.007274030666657612,0.10582010582010581,-0.00075,-0.0026697549378103024,-0.011954398990387638
2020-08-28,-0.01981084890747871,0.03391218908973226,0.05372303799721097,0.3984126984126984,0.0,0.03391218908973226,-0.0016197549378103027
2020-08-31,-0.07195931327153912,0.03983223711154049,0.11179155038307961,0.8624338624338624,-0.020666118555770246,0.010899671133462147,0.03391218908973226
2020-09-01,-0.05286547485740774,-0.0207182226607614,0.03214725219664634,0.7714285714285715,0.0103591113303807,-0.006215466798228419,0.03983223711154049
2020-09-02,0.07433666732195589,-0.08006088829863045,-0.15439755562058632,0.8698412698412699,-0.04153044414931523,-0.12189133244794567,-0.0207182226607614
2020-09-03,0.05717460683254377,0.0006619901544648865,-0.056512616678078886,0.7978835978835979,0.00033099507723244326,0.0009929852316973298,-0.08006088829863045
2020-09-04,0.04997651808818862,-0.06729505573039785,-0.11727157381858647,0.7470899470899471,-0.03364752786519892,-0.10094258359559677,0.0006619901544648865
2020-09-08,0.04625958913555689,0.039886486780914554,-0.006373102354642335,0.7275132275132276,0.019943243390457277,0.05982973017137183,-0.06729505573039785
2020-09-09,0.041372736931395135,-0.03264562458111142,-0.07401836151250656,0.6767195767195767,-0.01632281229055571,-0.04896843687166713,0.039886486780914554
2020-09-10,0.04768716841913483,-0.013128996026382067,-0.0608161644455169,0.7322751322751323,-0.0065644980131910335,-0.0196934940395731,-0.03264562458111142
2020-09-11,0.04384346985146775,0.030000082793108396,-0.013843387058359358,0.7021164021164021,0.015000041396554198,0.045000124189662594,-0.013128996026382067
2020-09-14,0.03613453097809586,0.0015602214909609113,-0.03457430948713495,0.6285714285714286,0.0007801107454804557,0.0008102214909609113,0.030000082793108396
2020-09-15,0.04653586985570916,-0.029513487535869576,-0.07604935739157873,0.728042328042328,-0.014756743767934788,-0.045020231303804364,0.0015602214909609113
2020-09-16,0.04757658949055237,-0.01596376689000978,-0.06354035638056216,0.7306878306878307,-0.00798188344500489,-0.023945650335014668,-0.029513487535869576
2020-09-17,0.048698871120426826,-0.031719975682906965,-0.08041884680333379,0.7402116402116402,-0.015859987841453482,-0.04757996352436045,-0.01596376689000978
2020-09-18,0.04457571475993017,0.03032561531835598,-0.014250099441574189,0.7121693121693121,0.01516280765917799,0.04548842297753397,-0.031719975682906965
2020-09-21,0.04281915812623336,0.0157157300860995,-0.02710342804013386,0.692063492063492,0.00785786504304975,0.02357359512914925,0.03032561531835598
2020-09-22,0.03178324767173882,-0.04194588301806523,-0.07372913068980405,0.5793650793650794,-0.020972941509032617,-0.042695883018065234,0.0157157300860995
2020-09-23,0.036944416635076346,0.010268571846514085,-0.02667584478856226,0.6375661375661376,0.005134285923257043,0.010268571846514085,-0.04194588301806523
2020-09-24,0.037319752269359456,0.03751637273085451,0.00019662046149505202,0.6423280423280423,0.018758186365427254,0.03751637273085451,0.010268571846514085
2020-09-25,0.03028421620399613,0.023869007517203666,-0.006415208686792465,0.5582010582010583,0.011934503758601833,0.023869007517203666,0.03751637273085451
2020-09-28,0.04601299979352075,-0.007567878388963556,-0.053580878182484304,0.7248677248677249,-0.003783939194481778,-0.012101817583445335,0.023869007517203666
2020-09-29,0.04563420134491638,0.015075742735609854,-0.030558458609306526,0.7216931216931217,0.007537871367804927,0.02261361410341478,-0.007567878388963556
2020-09-30,0.028231553363523173,0.008462105262515118,-0.019769448101008055,0.5333333333333333,-0.00075,0.0077121052625151185,0.015075742735609854
2020-10-01,0.024077048912740446,-0.03228037741239553,-0.056357426325135976,0.47883597883597884,-0.0,-0.03228037741239553,0.008462105262515118
2020-10-02,0.04403949271790893,0.030791207736791115,-0.013248284981117818,0.7047619047619048,0.014645603868395557,0.04543681160518667,-0.03228037741239553
2020-10-05,0.010553938812423544,-0.028669544456387586,-0.03922348326881113,0.22328042328042327,-0.00075,-0.029419544456387586,0.030791207736791115
2020-10-06,0.04417371810008364,0.016967212795993003,-0.02720650530409064,0.7063492063492064,0.007733606397996502,0.024700819193989504,-0.028669544456387586
2020-10-07,0.020364926459015865,-0.0009560692953233252,-0.02132099575433919,0.408994708994709,-0.00075,-0.0017060692953233252,0.016967212795993003
2020-10-08,0.0017664805808601108,0.017395910619954824,0.015629430039094713,0.032275132275132276,0.0,0.017395910619954824,-0.0009560692953233252
2020-10-09,-0.0003503513292572105,0.06352072373218842,0.06387107506144563,0.007936507936507936,0.0,0.06352072373218842,0.017395910619954824
2020-10-12,-0.013381244091498788,-0.02652741675336212,-0.013146172661863333,0.2851851851851852,-0.0,-0.02652741675336212,0.06352072373218842
2020-10-13,0.05579750419096367,0.0007432642408204959,-0.05505423995014318,0.7915343915343915,-0.00037836787958975206,0.00036489636123074386,-0.02652741675336212
2020-10-14,0.010261062548691649,-0.003960742725178101,-0.01422180527386975,0.21587301587301588,-0.00075,-0.004710742725178101,0.0007432642408204959
2020-10-15,0.015374667003748198,-0.014000467294191465,-0.029375134297939663,0.319047619047619,-0.0,-0.014000467294191465,-0.003960742725178101
2020-10-16,0.013322794239567913,-0.025541811660921954,-0.03886460590048987,0.28359788359788357,-0.0,-0.025541811660921954,-0.014000467294191465
2020-10-19,0.042118092908700645,0.013191663912390128,-0.028926428996310517,0.6841269841269841,0.005845831956195064,0.01903749586858519,-0.025541811660921954
2020-10-20,-0.019294021713439732,-0.00544619475228636,0.013847826961153373,0.391005291005291,-0.00075,-0.006196194752286359,0.013191663912390128
2020-10-21,-0.012277674152029495,-0.009583502553771828,0.0026941715982576678,0.2656084656084656,-0.0,-0.009583502553771828,-0.00544619475228636
2020-10-22,0.009940406915826087,-0.0061337743683752555,-0.016074181284201343,0.20899470899470898,-0.0,-0.0061337743683752555,-0.009583502553771828
2020-10-23,0.008024473500025997,8.702634596247094e-05,-0.007937447154063526,0.1693121693121693,0.0,8.702634596247094e-05,-0.0061337743683752555
2020-10-26,0.038947957474616005,0.013472404905864321,-0.025475552568751683,0.6555555555555556,0.005986202452932161,0.01945860735879648,8.702634596247094e-05
2020-10-27,-0.011975126753781783,-0.04631237514121067,-0.03433724838742889,0.25925925925925924,-0.00075,-0.04706237514121067,0.013472404905864321
2020-10-28,0.053807100345639944,0.037050469273719244,-0.0167566310719207,0.7783068783068783,0.01777523463685962,0.054825703910578866,-0.04631237514121067
2020-10-29,-0.028966591818935412,-0.056017917970823006,-0.027051326151887593,0.5444444444444444,-0.00075,-0.056767917970823006,0.037050469273719244
2020-10-30,0.011298896513541584,-0.0008267630706239038,-0.012125659584165487,0.24285714285714285,-0.0,-0.0008267630706239038,-0.056017917970823006
2020-11-02,-0.011208354196762416,0.015353541308456009,0.026561895505218425,0.2396825396825397,0.0,0.015353541308456009,-0.0008267630706239038
2020-11-03,0.04585834210185644,0.040836477838399166,-0.005021864263457278,0.7227513227513227,0.019668238919199582,0.06050471675759875,0.015353541308456009
2020-11-04,0.03932489634515732,0.03549366849077451,-0.003831227854382807,0.6587301587301587,0.017746834245387255,0.053240502736161766,0.040836477838399166
2020-11-05,0.01992102772974179,-0.0011361996373404626,-0.02105722736708225,0.4005291005291005,-0.00075,-0.0018861996373404626,0.03549366849077451
2020-11-06,0.06098528141495071,-0.019967777447597368,-0.08095305886254808,0.8153439153439154,-0.010733888723798685,-0.030701666171396053,-0.0011361996373404626
2020-11-09,0.0537298892911895,-0.003008969448196397,-0.056738858739385896,0.7777777777777778,-0.0015044847240981984,-0.004513454172294595,-0.019967777447597368
2020-11-10,0.05183685485260703,0.030352595661572446,-0.021484259191034583,0.7619047619047619,0.015176297830786223,0.04552889349235867,-0.003008969448196397
2020-11-11,0.013668954063413896,-0.0023433279787306027,-0.0160122820421445,0.2894179894179894,-0.00075,-0.0030933279787306025,0.030352595661572446
2020-11-12,-0.014273791742199532,0.0004195165550444635,0.014693308297243995,0.29788359788359786,0.0,0.0004195165550444635,-0.0023433279787306027
2020-11-13,-0.005908333254331148,0.008720509170963009,0.014628842425294157,0.11481481481481481,0.0,0.008720509170963009,0.0004195165550444635
2020-11-16,0.023098355854823525,-0.007564454958656319,-0.030662810813479845,0.44656084656084655,-0.0,-0.007564454958656319,0.008720509170963009
2020-11-17,-0.01298572089051906,-0.011391214014577988,0.0015945068759410722,0.2751322751322751,-0.0,-0.011391214014577988,-0.007564454958656319
2020-11-18,-0.016856635124200298,0.00516807286519505,0.022024707989395348,0.3433862433862434,0.0,0.00516807286519505,-0.011391214014577988
2020-11-19,-0.014302868199324949,-0.010957586003785824,0.0033452821955391246,0.29894179894179895,-0.0,-0.010957586003785824,0.00516807286519505
2020-11-20,0.001220821712027892,-0.029742631347839388,-0.03096345305986728,0.02275132275132275,-0.0,-0.029742631347839388,-0.010957586003785824
2020-11-23,0.03312365212610497,0.011594242244108877,-0.021529409881996094,0.5925925925925926,0.0050471211220544385,0.011594242244108877,-0.029742631347839388
2020-11-24,0.015137064434459106,0.007467302115267804,-0.007669762319191302,0.31375661375661373,-0.00075,0.007467302115267804,0.011594242244108877
2020-11-25,-0.012943445098710801,0.004826275970711391,0.017769721069422192,0.2740740740740741,0.0,0.004826275970711391,0.007467302115267804
2020-11-27,-0.02418551610661155,0.021099665430500902,0.04528518153711245,0.48095238095238096,0.0,0.021099665430500902,0.004826275970711391
2020-11-30,0.08829766805199896,0.030827306525992526,-0.05747036152600643,0.9169312169312169,0.014663653262996262,0.04549095978898879,0.021099665430500902
2020-12-01,0.053852320956570235,0.002933615725489558,-0.05091870523108068,0.7798941798941799,0.001466807862744779,0.004400423588234337,0.030827306525992526
2020-12-02,0.045587563740051434,-0.001137584351612042,-0.046725148091663476,0.7195767195767195,-0.000568792175806021,-0.0017063765274180631,0.002933615725489558
2020-12-03,0.06150322086935308,-0.005612403836815383,-0.06711562470616847,0.8201058201058201,-0.0028062019184076914,-0.008418605755223074,-0.001137584351612042
2020-12-04,0.06563227094841267,0.012269899675831697,-0.05336237127258098,0.837037037037037,0.0061349498379158485,0.018404849513747545,-0.005612403836815383
2020-12-07,0.021747026173577502,0.005090907062356376,-0.016656119111221127,0.4301587301587302,-0.00075,0.004340907062356376,0.012269899675831697
2020-12-08,-0.01642144368543636,-0.02090362091692899,-0.0044821772314926275,0.3349206349206349,-0.0,-0.02090362091692899,0.005090907062356376
2020-12-09,0.005062689616686426,0.011988723543548518,0.006926033926862092,0.09259259259259259,0.0,0.011988723543548518,-0.02090362091692899
2020-12-10,0.04352125139669692,-0.006734530973699138,-0.05025578237039606,0.6994708994708995,-0.004117265486849569,-0.010851796460548707,0.011988723543548518
2020-12-11,-0.006901498571890478,-0.005146827264989162,0.0017546713069013162,0.13597883597883598,-0.00075,-0.005896827264989162,-0.006734530973699138
2020-12-14,-0.08610483367994184,0.050090085006310625,0.13619491868625247,0.9105820105820106,-0.025795042503155313,0.013977025501893186,-0.005146827264989162
2020-12-15,-0.014480695630558468,-0.0005473198900722842,0.013933375740486184,0.30158730158730157,-0.00075,-0.0015973198900722841,0.050090085006310625
2020-12-16,-0.03535339236891489,0.006963398914495489,0.04231679128341038,0.6174603174603175,-0.004231699457247744,0.006963398914495489,-0.0005473198900722842
2020-12-17,-0.04445052218817217,-0.015850632164357226,0.028599890023814946,0.71005291005291,0.007925316082178613,-0.005805189649307168,0.006963398914495489
2020-12-18,0.09747497448861941,0.012395468550556954,-0.08507950593806246,0.935978835978836,0.004697734275278477,0.01679320282583543,-0.015850632164357226
2020-12-21,0.022599325538608897,0.028464249049285906,0.005864923510677009,0.4402116402116402,-0.00075,0.027714249049285905,0.012395468550556954
2020-12-22,0.03998811205754541,-0.006976204953546894,-0.046964317011092306,0.6634920634920635,-0.004238102476773447,-0.011214307430320342,0.028464249049285906
2020-12-23,-0.0645301831365494,0.007712652334378012,0.07224283547092741,0.8312169312169312,-0.0053563261671890055,0.0005137957003134037,-0.006976204953546894
2020-12-24,0.014613906539298838,0.03576553048627029,0.021151623946971454,0.30317460317460315,-0.00075,0.03471553048627029,0.007712652334378012
2020-12-28,0.033173803492458756,-0.01331462994307031,-0.04648843343552907,0.5941798941798941,-0.007407314971535155,-0.01331462994307031,0.03576553048627029
2020-12-29,-0.022690636913925442,-0.00852672714880287,0.014163909765122572,0.44126984126984126,-0.00075,-0.00852672714880287,-0.01331462994307031
2020-12-30,-0.008707778329364604,-0.007702939744334336,0.0010048385850302682,0.18571428571428572,-0.0,-0.007702939744334336,-0.00852672714880287
2020-12-31,0.02714686734905592,-0.024719177117624835,-0.05186604446668076,0.5201058201058201,-0.0,-0.024719177117624835,-0.007702939744334336
2021-01-04,0.005245889133075561,0.012363872405719345,0.007117983272643784,0.0962962962962963,0.0,0.012363872405719345,-0.024719177117624835
2021-01-05,-0.0568504412222603,-0.03366159995487483,0.02318884126738547,0.7968253968253968,0.016080799977437416,-0.01114847998646245,0.012363872405719345
2021-01-06,0.032582623877628586,0.034123371112899425,0.0015407472352708396,0.5878306878306878,0.015561685556449713,0.03307337111289942,-0.03366159995487483
2021-01-07,-0.05046508095368766,0.00863149032807975,0.05909657128176741,0.7507936507936508,-0.005815745164039874,0.0015394470984239248,0.034123371112899425
2021-01-08,-0.04437621976674521,-0.023248980682029186,0.021127239084716025,0.708994708994709,0.011624490341014593,-0.006974694204608755,0.00863149032807975
2021-01-11,-0.028160011422283505,-0.0013956166227878652,0.02676439479949564,0.5322751322751322,-0.00075,-0.002445616622787865,-0.023248980682029186
2021-01-12,0.019074991829200697,0.016226542056256843,-0.002848449772943854,0.3851851851851852,0.0,0.016226542056256843,-0.0013956166227878652
2021-01-13,-0.0318467886479765,-0.015127047444199349,0.01671974120377715,0.5798941798941799,0.0068135237220996745,-0.015127047444199349,0.016226542056256843
2021-01-14,-0.01513996010354865,-0.013730549736821307,0.0014094103667273428,0.3142857142857143,-0.00075,-0.013730549736821307,-0.015127047444199349
2021-01-15,0.008168034242172446,0.005427062479337552,-0.0027409717628348942,0.1746031746031746,0.0,0.005427062479337552,-0.013730549736821307
2021-01-19,-0.043334034407414464,0.032856328754022224,0.07619036316143668,0.6978835978835979,-0.017178164377011113,0.008806898626206667,0.005427062479337552
2021-01-20,-0.003015648425694288,0.036657993406167266,0.039673641831861554,0.05502645502645503,-0.00075,0.035607993406167264,0.032856328754022224
2021-01-21,-0.004776964444901138,0.01607383542012042,0.020850799865021558,0.08783068783068783,0.0,0.01607383542012042,0.036657993406167266
2021-01-22,-0.011062520363947212,0.027684163974079024,0.038746684338026235,0.23703703703703705,0.0,0.027684163974079024,0.01607383542012042
2021-01-25,-0.028574665688814387,0.0016789567677963912,0.030253622456610778,0.5375661375661376,0.0,0.0016789567677963912,0.027684163974079024
2021-01-26,-0.0047297442859734196,-0.00768369017029058,-0.0029539458843171607,0.08518518518518518,-0.0,-0.00768369017029058,0.0016789567677963912
2021-01-27,-0.02427841296614424,-0.034985595972438666,-0.010707183006294425,0.48412698412698413,-0.0,-0.034985595972438666,-0.00768369017029058
2021-01-28,-0.0003358264828505972,-0.03741995262335196,-0.03708412614050136,0.007407407407407408,-0.0,-0.03741995262335196,-0.034985595972438666
2021-01-29,0.01106871002052658,0.016519718510141113,0.005451008489614533,0.23756613756613756,0.0,0.016519718510141113,-0.03741995262335196
2021-02-01,-0.011017254654360618,0.006336657380481725,0.017353912034842343,0.23544973544973544,0.0,0.006336657380481725,0.016519718510141113
2021-02-02,-0.001958486482030071,-0.007778312683915933,-0.005819826201885862,0.037037037037037035,-0.0,-0.007778312683915933,0.006336657380481725
2021-02-03,-0.01889361104262338,0.025757798144074195,0.04465140918669758,0.38042328042328044,0.0,0.025757798144074195,-0.007778312683915933
2021-02-04,-0.036747417974575924,-0.0030982913547268343,0.03364912661984909,0.635978835978836,0.0007991456773634171,-0.0030982913547268343,0.025757798144074195
2021-02-05,-0.0658295133998825,0.0010970681349531386,0.06692658153483563,0.8375661375661375,-0.0005485340674765693,-0.0007208795595140584,-0.0030982913547268343
2021-02-08,-0.07654578647082899,-0.006573822250254269,0.06997196422057472,0.8767195767195767,0.0032869111251271343,-0.0019721466750762806,0.0010970681349531386
2021-02-09,-0.04532140338690345,-0.004558408561952554,0.040762994824950896,0.7164021164021164,0.002279204280976277,-0.001367522568585766,-0.006573822250254269
2021-02-10,-0.028591137030290703,-0.0019203481342618955,0.026670788896028808,0.5391534391534392,-0.00075,-0.0029703481342618953,-0.004558408561952554
2021-02-11,-0.014846273069831196,0.001776458807962955,0.01662273187779415,0.30846560846560844,0.0,0.001776458807962955,-0.0019203481342618955
2021-02-12,0.034679363132835414,-0.016104553802782307,-0.05078391693561772,0.6100529100529101,-0.008802276901391154,-0.016104553802782307,0.001776458807962955
2021-02-16,0.005388760008558386,-0.01764377507130288,-0.023032535079861267,0.09788359788359788,-0.00075,-0.01764377507130288,-0.016104553802782307
2021-02-17,0.010981207825682144,-0.008636514339691037,-0.01961772216537318,0.2343915343915344,-0.0,-0.008636514339691037,-0.01764377507130288
2021-02-18,0.03551066053506039,0.0012334504764044407,-0.03427721005865595,0.6211640211640211,-0.00013327476179777966,0.0012334504764044407,-0.008636514339691037
2021-02-19,0.05538650458061427,-0.02979891690198999,-0.08518542148260426,0.7883597883597884,-0.014899458450994996,-0.04544837535298499,0.0012334504764044407
2021-02-22,0.09048105710329082,-0.0011109932003185996,-0.09159205030360942,0.9232804232804233,-0.0005554966001592998,-0.0016664898004778994,-0.02979891690198999
2021-02-23,0.12707499623939458,-0.004052219926939382,-0.13112721616633397,0.9735449735449735,-0.002026109963469691,-0.006078329890409073,-0.0011109932003185996
2021-02-24,0.13587636210780846,-0.03478272878463817,-0.17065909089244663,0.9798941798941799,-0.017391364392319086,-0.05217409317695726,-0.004052219926939382
2021-02-25,0.15670471015158385,0.002231708885873429,-0.15447300126571042,0.9904761904761905,0.0011158544429367145,0.0033475633288101436,-0.03478272878463817
2021-02-26,0.1432550001977944,0.05385129481110473,-0.08940370538668968,0.9835978835978836,0.026925647405552366,0.0807769422166571,0.002231708885873429
2021-03-01,-0.019185745492905505,-0.020893794739601734,-0.001708049246696229,0.38835978835978835,-0.00075,-0.021643794739601735,0.05385129481110473
2021-03-02,0.12891806416547186,-0.024456432255352767,-0.15337449642082462,0.9756613756613757,-0.012978216127676384,-0.03743464838302915,-0.020893794739601734
2021-03-03,0.10440310724733765,-0.01581191806534632,-0.12021502531268397,0.9492063492063492,-0.00790595903267316,-0.02371787709801948,-0.024456432255352767
2021-03-04,0.09148092879363043,0.010738303084032008,-0.08074262570959842,0.9248677248677248,0.005369151542016004,0.016107454626048012,-0.01581191806534632
2021-03-05,0.070772462820098,-0.04167349691214839,-0.11244595973224639,0.8582010582010582,-0.020836748456074194,-0.06251024536822258,0.010738303084032008
2021-03-08,0.12512740409317513,0.04064960252252958,-0.08447780157064555,0.9724867724867725,0.02032480126126479,0.06097440378379437,-0.04167349691214839
2021-03-09,-0.020203638722002537,-0.009166572491471903,0.011037066230530634,0.4052910052910053,-0.00075,-0.009916572491471903,0.04064960252252958
2021-03-10,0.04918937149413671,0.016502761330444704,-0.03268661016369201,0.7423280423280423,0.007501380665222352,0.024004141995667055,-0.009166572491471903
2021-03-11,0.049762751205547046,-0.007625636912167444,-0.05738838811771449,0.7455026455026456,-0.003812818456083722,-0.011438455368251166,0.016502761330444704
2021-03-12,0.06344050492122358,0.024456807879974063,-0.038983697041249515,0.8285714285714286,0.012228403939987031,0.036685211819961094,-0.007625636912167444
2021-03-15,0.0070675768296722535,0.012743191263731912,0.005675614434059659,0.14074074074074075,-0.00075,0.011993191263731912,0.024456807879974063
2021-03-16,0.022086841636788944,-0.006450617233892175,-0.02853745887068112,0.43492063492063493,-0.0,-0.006450617233892175,0.012743191263731912
2021-03-17,0.01319413319523446,-0.03390523168199333,-0.047099364877227795,0.2798941798941799,-0.0,-0.03390523168199333,-0.006450617233892175
2021-03-18,0.00028577569214580795,-0.0044801919922595745,-0.0047659676844053825,0.006349206349206349,-0.0,-0.0044801919922595745,-0.03390523168199333
2021-03-19,0.008368740909108753,0.02833569074578457,0.019966949836675817,0.1783068783068783,0.0,0.02833569074578457,-0.0044801919922595745
2021-03-22,0.0305183742406349,-0.006888725880270341,-0.03740710012090524,0.5613756613756614,-0.00419436294013517,-0.006888725880270341,0.02833569074578457
2021-03-23,0.007948697818937332,-0.01999342746635091,-0.027942125285288243,0.16507936507936508,-0.00075,-0.01999342746635091,-0.006888725880270341
2021-03-24,-0.012983864802266584,0.0041636890621661315,0.017147553864432716,0.2746031746031746,0.0,0.0041636890621661315,-0.01999342746635091
2021-03-25,-0.009725927297794257,0.005141296334187473,0.01486722363198173,0.20317460317460317,0.0,0.005141296334187473,0.0041636890621661315
2021-03-26,-0.0001616711778317098,0.0014848036396299946,0.0016464748174617044,0.0026455026455026454,0.0,0.0014848036396299946,0.005141296334187473
2021-03-29,0.005825441589332878,-0.012274315490225396,-0.018099757079558274,0.11216931216931217,-0.0,-0.012274315490225396,0.0014848036396299946
2021-03-30,-0.024975991788968775,0.018765638413103636,0.04374163020207241,0.4925925925925926,0.0,0.018765638413103636,-0.012274315490225396
2021-03-31,-0.011424005233147363,0.006958656102245886,0.01838266133539325,0.24497354497354498,0.0,0.006958656102245886,0.018765638413103636
2021-04-01,-0.05582241471219508,0.023577280143812995,0.07939969485600808,0.792063492063492,-0.012538640071906498,0.006023184043143898,0.006958656102245886
2021-04-05,-0.05287855088523977,0.00246216568295754,0.05534071656819731,0.771957671957672,-0.00123108284147877,0.000738649704887262,0.023577280143812995
2021-04-06,-0.10189153897966591,0.013390356852752472,0.11528189583241838,0.9439153439153439,-0.006695178426376236,0.004017107055825741,0.00246216568295754
2021-04-07,-0.09176743906184635,0.01923369598069402,0.11100113504254037,0.9264550264550264,-0.00961684799034701,0.0057701087942082065,0.013390356852752472
2021-04-08,-0.07524620836217175,0.02025186787001587,0.09549807623218762,0.873015873015873,-0.010125933935007936,0.0060755603610047615,0.01923369598069402
2021-04-09,-0.0514572797509974,-0.013232913530830004,0.038224366220167394,0.7587301587301587,0.006616456765415002,-0.003969874059249001,0.02025186787001587
2021-04-12,-0.06470847156583248,0.024306384724071428,0.08901485628990391,0.8328042328042328,-0.012153192362035714,0.007291915417221428,-0.013232913530830004
2021-04-13,-0.03673591045136389,-0.017853359540356273,0.018882550911007615,0.6349206349206349,0.008926679770178136,-0.01890335954035627,0.024306384724071428
2021-04-14,-0.043968323436712586,0.018708170714979655,0.06267649415169224,0.7031746031746032,-0.009354085357489828,0.004562451214493897,-0.017853359540356273
2021-04-15,-0.022919085356227373,-0.0025280200340696,0.020391065322157773,0.4444444444444444,-0.00075,-0.0035780200340696,0.018708170714979655
2021-04-16,0.013533274692563678,0.005068620688487346,-0.008464654004076332,0.28888888888888886,0.0,0.005068620688487346,-0.0025280200340696
2021-04-19,-0.020860045343433782,-0.012830139662977302,0.00802990568045648,0.41693121693121693,-0.0,-0.012830139662977302,0.005068620688487346
2021-04-20,0.0048082112191327915,0.0029296262396214523,-0.0018785849795113392,0.08888888888888889,0.0,0.0029296262396214523,-0.012830139662977302
2021-04-21,-0.013243553716839447,-0.011685095849470417,0.00155845786736903,0.28095238095238095,-0.0,-0.011685095849470417,0.0029296262396214523
2021-04-22,-0.018525673092741113,0.01803890398961583,0.03656457708235694,0.37142857142857144,0.0,0.01803890398961583,-0.011685095849470417
2021-04-23,-0.03599622686095866,0.0029774126950821156,0.03897363955604077,0.626984126984127,-0.0022387063475410576,0.0029774126950821156,0.01803890398961583
2021-04-26,-0.07460773660671628,-0.002449701520394143,0.07215803508632214,0.870899470899471,0.0012248507601970715,-0.0017849104561182428,0.0029774126950821156
2021-04-27,-0.044608907274611365,-0.00602703387330128,0.038581873401310085,0.7126984126984127,0.00301351693665064,-0.0018081101619903837,-0.002449701520394143
2021-04-28,-0.09649462115891377,-0.0007487116565280116,0.09574590950238576,0.9338624338624338,0.0003743558282640058,-0.0002246134969584035,-0.00602703387330128
2021-04-29,-0.04727271736972956,-0.015133100938316102,0.032139616431413456,0.7301587301587301,0.007566550469158051,-0.00453993028149483,-0.0007487116565280116
2021-04-30,0.016438955175242482,0.008215389107202986,-0.008223566068039496,0.33544973544973544,-0.00075,0.007165389107202986,-0.015133100938316102
2021-05-03,0.013021536753984281,-0.03538560207880059,-0.04840713883278487,0.2767195767195767,-0.0,-0.03538560207880059,0.008215389107202986
2021-05-04,0.06888441843555404,0.00195554615571103,-0.06692887227984301,0.8502645502645503,0.0002277730778555149,0.002183319233566545,-0.03538560207880059
2021-05-05,-0.010326512905811944,0.01280266772640637,0.02312918063221831,0.21851851851851853,-0.00075,0.012052667726406369,0.00195554615571103
2021-05-06,0.05576707164405613,0.005327272621890478,-0.05043979902216565,0.791005291005291,0.0019136363109452388,0.0072409089328357166,0.01280266772640637
2021-05-07,0.028821763099479678,-0.02580451938069972,-0.054626282480179394,0.5433862433862434,-0.00075,-0.02655451938069972,0.005327272621890478
2021-05-10,0.06631135853801841,-0.007410414823320166,-0.07372177336133857,0.8386243386243386,-0.004455207411660083,-0.01186562223498025,-0.02580451938069972
2021-05-11,0.018488873969346505,-0.024938483686531954,-0.04342735765587846,0.37037037037037035,-0.00075,-0.025688483686531954,-0.007410414823320166
2021-05-12,0.019204647011099824,0.017919696812872754,-0.0012849501982270702,0.3888888888888889,0.0,0.017919696812872754,-0.024938483686531954
2021-05-13,-0.05134637676675233,0.019844740186163667,0.071191116952916,0.7582010582010582,-0.010672370093081834,0.004903422055849101,0.017919696812872754
2021-05-14,0.014792045366184954,-0.009258480380382017,-0.02405052574656697,0.3074074074074074,-0.00075,-0.010308480380382018,0.019844740186163667
2021-05-17,0.023112382743680968,-0.011245671686879177,-0.03435805443056014,0.4470899470899471,-0.0,-0.011245671686879177,-0.009258480380382017
2021-05-18,0.10628272069188804,-0.0012816089923830543,-0.1075643296842711,0.9518518518518518,-0.0013908044961915271,-0.002672413488574581,-0.011245671686879177
2021-05-19,0.10653868751693893,0.021012258954083762,-0.08552642856285517,0.9529100529100529,0.010506129477041881,0.031518388431125643,-0.0012816089923830543
2021-05-20,0.023360540066243465,-0.014767277695862946,-0.038127817762106414,0.4523809523809524,-0.00075,-0.015517277695862947,0.021012258954083762
2021-05-21,0.053826718376288385,0.013314183751571118,-0.04051253462471727,0.7793650793650794,0.005907091875785559,0.019221275627356676,-0.014767277695862946
2021-05-24,0.07138120226417344,-0.001573436329201483,-0.07295463859337492,0.8613756613756614,-0.0007867181646007415,-0.0023601544938022245,0.013314183751571118
2021-05-25,0.11013011495061108,-0.00039400979404580205,-0.11052412474465688,0.9592592592592593,-0.00019700489702290103,-0.0005910146910687031,-0.001573436329201483
2021-05-26,0.05839710522981084,-0.012376932057809986,-0.07077403728762083,0.8026455026455026,-0.006188466028904993,-0.01856539808671498,-0.00039400979404580205
2021-05-27,0.10127432815045313,-0.005347966759576939,-0.10662229491003007,0.9423280423280423,-0.0026739833797884693,-0.008021950139365408,-0.012376932057809986
2021-05-28,0.06802697806008183,-0.0026481665467640303,-0.07067514460684586,0.846031746031746,-0.0013240832733820151,-0.0039722498201460454,-0.005347966759576939
2021-06-01,0.09711639497033918,0.006275979635533391,-0.09084041533480579,0.9354497354497354,0.0031379898177666954,0.009413969453300086,-0.0026481665467640303
2021-06-02,0.08392013465551294,-0.012154029323715565,-0.09607416397922851,0.9037037037037037,-0.0060770146618577825,-0.018231043985573347,0.006275979635533391
2021-06-03,0.11328310860038378,0.01902224568459565,-0.09426086291578813,0.9624338624338624,0.009511122842297826,0.028533368526893477,-0.012154029323715565
2021-06-04,0.10125260185964095,7.932236216645627e-05,-0.1011732794974745,0.9417989417989417,-0.00011215163214463247,0.00011898354324968441,0.01902224568459565
2021-06-07,0.11770805851761139,0.006671928732057131,-0.11103612978555426,0.9650793650793651,0.004222139150883096,0.010007893098085696,7.932236216645627e-05
2021-06-08,0.10254438956276773,0.0030771440564065777,-0.09946724550636116,0.946031746031746,0.001974136491941809,0.004615716084609867,0.006671928732057131
2021-06-09,0.10980620768995746,-0.008023221868838526,-0.11782942955879598,0.9587301587301588,-0.005194651642354703,-0.012034832803257789,0.0030771440564065777
2021-06-10,0.10005026330171875,0.009832642741857134,-0.09021762055986161,0.9396825396825397,0.006355872238634816,0.0147489641127857,-0.008023221868838526
2021-06-11,0.0918357957567318,0.024578019016591846,-0.06725777674013995,0.926984126984127,0.015884689601896387,0.03686702852488777,0.009832642741857134
2021-06-14,0.074607433089761,-0.006437855822019056,-0.08104528891178006,0.8703703703703703,-0.0041784511572191445,-0.009656783733028584,0.024578019016591846
2021-06-15,0.03708944540092973,0.003934031325312448,-0.033155414075617284,0.6391534391534391,0.002553793235067514,0.0031840313253124483,-0.006437855822019056
2021-06-16,0.03502797504630882,0.012600613543893191,-0.02242736150241563,0.6148148148148148,0.008507233601989721,0.012600613543893191,0.003934031325312448
2021-06-17,-0.016534367001981645,-0.01009158177060776,0.006442785231373885,0.33756613756613757,-0.0010179061368154108,-0.01009158177060776,0.012600613543893191
2021-06-18,0.05314849968984642,0.014104003667864573,-0.039044496021981845,0.7735449735449735,0.008724388232636472,0.02040600550179686,-0.01009158177060776
2021-06-21,-9.264143459279325e-05,0.012698230312263803,0.012790871746856596,0.0010582010582010583,-0.0010382877293443297,0.011948230312263802,0.014104003667864573
2021-06-22,-0.009263146481500097,-0.002089717787710055,0.007173428693790042,0.1931216931216931,-0.0,-0.002089717787710055,0.012698230312263803
2021-06-23,-0.011668763003314136,-0.0021689581175380335,0.009499804885776102,0.24973544973544973,-0.0,-0.0021689581175380335,-0.002089717787710055
2021-06-24,0.0005308036849146248,-0.0022489341770587368,-0.0027797378619733616,0.01164021164021164,-0.0,-0.0022489341770587368,-0.0021689581175380335
2021-06-25,-0.024945467329874942,0.012546000336737473,0.03749146766661242,0.49206349206349204,0.0,0.012546000336737473,-0.0022489341770587368
2021-06-28,-0.03521325950248586,0.011500188155782132,0.046713447658267994,0.6153439153439153,-0.00914913592735714,0.011500188155782132,0.012546000336737473
2021-06-29,-0.039477907058503355,0.00462121797882431,0.044099125037327665,0.6603174603174603,-0.0033058626218391276,0.0003363653936472931,0.011500188155782132
2021-06-30,-0.044017521982077715,0.002263610410072836,0.04628113239215055,0.7042328042328042,-0.0016160199481417975,0.0006790831230218508,0.00462121797882431
2021-07-01,-0.04141620162278395,0.01959662630088932,0.06101282792367327,0.6777777777777778,-0.014089456789512633,0.005878987890266796,0.002263610410072836
2021-07-02,-0.03848276766639834,0.014717948998739905,0.053200716665138245,0.6507936507936508,-0.01050403215574146,0.004415384699621971,0.01959662630088932
2021-07-06,-0.05106705575604223,0.017955496138274407,0.06902255189431664,0.7555555555555555,-0.012738078088844182,0.005386648841482322,0.014717948998739905
2021-07-07,-0.040133962797672534,-0.009199536772346084,0.03093442602532645,0.6666666666666666,0.006568693043835597,-0.002759861031703825,0.017955496138274407
2021-07-08,-0.051960201643983225,0.013054772701564632,0.06501497434554786,0.762962962962963,-0.009440024632123395,0.003916431810469389,-0.009199536772346084
2021-07-09,-0.042125537580161285,-0.00420386701876907,0.037921670561392215,0.6846560846560846,0.0030536545169307216,-0.0012611601056307209,0.013054772701564632
2021-07-12,-0.01889625137625991,0.007889293594781632,0.026785544971041544,0.38095238095238093,-0.0010930159963630883,0.0068392935947816326,-0.00420386701876907
2021-07-13,0.0001233880178633344,0.024100730124376968,0.023977342106513633,0.0015873015873015873,0.0,0.024100730124376968,0.007889293594781632
2021-07-14,-0.00565722689106235,-0.004492233723661254,0.001164993167401096,0.10634920634920635,-0.0,-0.004492233723661254,0.024100730124376968
2021-07-15,0.003967396154424839,-0.014075758597153487,-0.018043154751578326,0.07142857142857142,-0.0,-0.014075758597153487,-0.004492233723661254
2021-07-16,-0.02910399686211841,-0.026914575713977262,0.002189421148141149,0.5470899470899471,-0.0,-0.026914575713977262,-0.014075758597153487
2021-07-19,-0.0002045382757704002,0.025973946126607306,0.026178484402377706,0.003703703703703704,0.0,0.025973946126607306,-0.026914575713977262
2021-07-20,-0.010884210416084283,-0.005131591605609054,0.00575261881047523,0.23174603174603176,-0.0,-0.005131591605609054,0.025973946126607306
2021-07-21,0.009145037024135654,0.009628365568971509,0.00048332854483585513,0.19047619047619047,0.0,0.009628365568971509,-0.005131591605609054
2021-07-22,-0.0050527754626798985,0.011989236789876845,0.01704201225255674,0.09206349206349207,0.0,0.011989236789876845,0.009628365568971509
2021-07-23,0.03232731414298766,0.002894634199235524,-0.029432679943752135,0.5862433862433862,0.0009890928850075247,0.002894634199235524,0.011989236789876845
2021-07-26,0.005065501503986259,-0.014900302326648185,-0.019965803830634444,0.09312169312169312,-0.0010638196943145032,-0.014900302326648185,0.002894634199235524
2021-07-27,0.020042518078319697,-0.01219627590334027,-0.03223879398165996,0.4042328042328042,-0.0,-0.01219627590334027,-0.014900302326648185
2021-07-28,-0.008927967309230608,0.0045524036121495914,0.0134803709213802,0.18677248677248678,0.0,0.0045524036121495914,-0.01219627590334027
2021-07-29,-0.003881934690024359,0.0015109132068955589,0.005392847896919918,0.06931216931216931,0.0,0.0015109132068955589,0.0045524036121495914
2021-07-30,0.006039565497353816,-0.0023312520191514086,-0.008370817516505225,0.11693121693121693,-0.0,-0.0023312520191514086,0.0015109132068955589
2021-08-02,-0.0019908223238626387,0.012644314728117223,0.01463513705197986,0.0380952380952381,0.0,0.012644314728117223,-0.0023312520191514086
2021-08-03,-0.001738616572763285,-0.00278214481565775,-0.001043528242894465,0.031746031746031744,-0.0,-0.00278214481565775,0.012644314728117223
2021-08-04,0.013359721226760315,0.0007485089686445345,-0.01261121225811578,0.2841269841269841,0.0,0.0007485089686445345,-0.00278214481565775
2021-08-05,0.014448104651132282,-0.0047670722870014615,-0.019215176938133745,0.3010582010582011,-0.0,-0.0047670722870014615,0.0007485089686445345
2021-08-06,0.02994419093639389,-0.00034237276507997905,-0.030286563701473868,0.5560846560846561,-0.0014462958684214417,-0.00034237276507997905,-0.0047670722870014615
2021-08-09,0.024661166775371304,-0.0033538153912494595,-0.028014982166620763,0.4883597883597884,-0.0011775270693051008,-0.0033538153912494595,-0.00034237276507997905
2021-08-10,0.039574163585387095,0.0017855683433576353,-0.03778859524202946,0.6608465608465608,0.00023518744960185204,0.0019283525150364529,-0.0033538153912494595
2021-08-11,0.06193298311346714,0.02077323080974991,-0.04115975230371723,0.8227513227513228,0.01700345593064621,0.031159846214624864,0.0017855683433576353
2021-08-12,0.04841265144000486,0.0014104836864052839,-0.047002167753599576,0.7380952380952381,0.0011536705161135175,0.002115725529607926,0.02077323080974991
2021-08-13,0.061025444785149326,0.013547985989602163,-0.04747745879554716,0.8164021164021164,0.011312847822177102,0.020321978984403244,0.0014104836864052839
2021-08-16,0.0416916218921645,-0.0061541043362182135,-0.047845726228382714,0.6793650793650794,-0.005188268810322912,-0.00923115650432732,0.013547985989602163
2021-08-17,0.061137149901213446,-0.025501049382042118,-0.08663819928325556,0.817989417989418,-0.02051503633549707,-0.03825157407306318,-0.0061541043362182135
2021-08-18,0.05255775598989939,0.002323013960170206,-0.05023474202972918,0.7693121693121693,0.0018770061259761974,0.003484520940255309,-0.025501049382042118
2021-08-19,0.05317729780407249,0.010156716800018284,-0.043020581004054204,0.774074074074074,0.008420742376504631,0.015235075200027426,0.002323013960170206
2021-08-20,0.0836395979950079,0.010257451083788283,-0.07338214691121962,0.9021164021164021,0.0085480951076033,0.015386176625682424,0.010156716800018284
2021-08-23,0.05631382052518182,-0.0006015544241423365,-0.05691537494932416,0.7941798941798942,-0.0005023722031818288,-0.0009023316362135048,0.010257451083788283
2021-08-24,0.05574272463017231,-0.008421195017713545,-0.06416391964788586,0.7904761904761904,-0.006984018141018641,-0.012631792526570318,-0.0006015544241423365
2021-08-25,0.03541264000881324,-0.0055274636938168475,-0.040940103702630085,0.6190476190476191,-0.004636452955962197,-0.006277463693816847,-0.008421195017713545
2021-08-26,0.05216987767854452,0.007185326294848027,-0.044984551383696496,0.765079365079365,0.006025083085825755,0.01002798944227204,-0.0055274636938168475
2021-08-27,0.04587428877149837,0.030416828853883526,-0.015457459917614845,0.7232804232804233,0.02438817165060474,0.04562524328082529,0.007185326294848027
2021-08-30,0.06163830175128477,-0.008424517176666924,-0.07006281892795169,0.8206349206349206,-0.00672830826380149,-0.012636775765000385,0.030416828853883526
2021-08-31,0.028634942987969307,0.004478231976736247,-0.02415671101123306,0.5396825396825397,-0.0011963977734758212,0.003728231976736247,-0.008424517176666924
2021-09-01,0.003965489291600798,0.0074752253375365285,0.0035097360459357303,0.07089947089947089,0.0,0.0074752253375365285,0.004478231976736247
2021-09-02,0.02709486502898788,0.00423065817499535,-0.02286420685399253,0.5190476190476191,0.0,0.00423065817499535,0.0074752253375365285
2021-09-03,0.005438817346266011,0.015489096635004751,0.01005027928873874,0.09841269841269841,0.0,0.015489096635004751,0.00423065817499535
2021-09-07,0.016509569791608607,-0.010083516705184814,-0.02659308649679342,0.335978835978836,-0.0,-0.010083516705184814,0.015489096635004751
2021-09-08,-0.02029870964146092,-0.006704974767495986,0.013593734873964935,0.40793650793650793,-0.0,-0.006704974767495986,-0.010083516705184814
2021-09-09,-0.01104345585249529,-0.033101977118043524,-0.022058521265548234,0.2365079365079365,-0.0,-0.033101977118043524,-0.006704974767495986
2021-09-10,-0.0386100490008625,0.0038933094828816905,0.04250335848374419,0.6518518518518519,-0.0041662539445352035,0.00011799284486450727,-0.033101977118043524
2021-09-13,0.038785118251316475,-0.009561866645114048,-0.04834698489643052,0.6529100529100529,-0.00967454513157643,-0.01614279996767107,0.0038933094828816905
2021-09-14,0.05156753638189397,0.006143481948151397,-0.045424054433742575,0.7603174603174603,0.004725568689150437,0.009215222922227095,-0.009561866645114048
2021-09-15,0.058295156525812956,-0.0016103472987231138,-0.05990550382453607,0.8015873015873016,-0.0012511809929541633,-0.0024155209480846707,0.006143481948151397
2021-09-16,0.009081680684995135,-0.01834798064424381,-0.027429661329238946,0.18994708994708995,-0.0011599195884175219,-0.01909798064424381,-0.0016103472987231138
2021-09-17,0.03723383272064662,-0.021361052921828994,-0.058594885642475614,0.6407407407407407,-0.01709783467449267,-0.021361052921828994,-0.01834798064424381
2021-09-20,-0.006331135915216966,0.0034280513978284244,0.00975918731304539,0.12116402116402117,-0.001121853490276035,0.0034280513978284244,-0.021361052921828994
2021-09-21,0.045340404758647965,0.01687232972547892,-0.028468075033169046,0.716931216931217,0.011437335842035184,0.024558494588218377,0.0034280513978284244
2021-09-22,0.040813897692536905,0.006719202539709812,-0.03409469515282709,0.6724867724867725,0.004995319404521643,0.010078803809564718,0.01687232972547892
2021-09-23,0.005479728739112417,0.0006130346437960288,-0.004866694095316388,0.10105820105820106,-0.0011153182160507419,-0.00013696535620397123,0.006719202539709812
2021-09-24,0.021013377921723066,-0.010550086844741013,-0.03156346476646408,0.41904761904761906,-0.0,-0.010550086844741013,0.0006130346437960288
2021-09-27,0.010748267134835555,-0.023801277743306648,-0.0345495448781422,0.22698412698412698,-0.0,-0.023801277743306648,-0.010550086844741013
2021-09-28,-0.017597284540731523,0.006482969508815994,0.024080254049547518,0.35608465608465606,0.0,0.006482969508815994,-0.023801277743306648
2021-09-29,0.032755451646954446,-0.009311673917899332,-0.04206712556485378,0.5894179894179894,-0.00779729130354432,-0.009311673917899332,0.006482969508815994
2021-09-30,0.028347151403316763,0.00812716433578542,-0.020219987067531343,0.5343915343915344,-0.0010817878012352187,0.00812716433578542,-0.009311673917899332
2021-10-01,0.04265946775405644,-0.024605530428633116,-0.06726499818268955,0.6894179894179894,-0.018748131693587904,-0.037658295642949674,0.00812716433578542
2021-10-04,-0.012651362588992385,0.014158409063105726,0.02680977165209811,0.2714285714285714,-0.0010772505702292424,0.013408409063105725,-0.024605530428633116
2021-10-05,0.04209843598653519,0.006307131124074106,-0.035791304862461085,0.6835978835978836,0.0034789898613505005,0.008710696686111158,0.014158409063105726
2021-10-06,0.017901640349460925,0.009084237708252285,-0.00881740264120864,0.3619047619047619,-0.0010855715513753278,0.008334237708252284,0.006307131124074106
2021-10-07,-0.007351797360421637,-0.0027215311893337146,0.0046302661710879225,0.15026455026455027,-0.0,-0.0027215311893337146,0.009084237708252285
2021-10-08,0.002686934195349097,-0.0006300033494540669,-0.003316937544803164,0.04814814814814815,-0.0,-0.0006300033494540669,-0.0027215311893337146
2021-10-11,0.02543969998305407,-0.009102917666304333,-0.0345426176493584,0.49682539682539684,-0.0,-0.009102917666304333,-0.0006300033494540669
2021-10-12,0.029783002637353166,-0.004240137704328961,-0.03402314034168213,0.553968253968254,-0.004297611701726787,-0.004240137704328961,-0.009102917666304333
2021-10-13,0.03376795030410099,0.020225724238031928,-0.013542226066069064,0.6015873015873016,0.014947019025458705,0.020225724238031928,-0.004240137704328961
2021-10-14,0.04663696421250169,0.007512426386194537,-0.039124537826307156,0.7296296296296296,0.005712782429282457,0.010518639579291805,0.020225724238031928
2021-10-15,0.04172230930214625,0.011806396827936494,-0.029915912474209758,0.6798941798941799,0.009269636042430371,0.01770959524190474,0.007512426386194537
2021-10-18,-0.00515483212549343,0.015079797742569845,0.020234629868063275,0.09417989417989418,-0.0011819647553921611,0.014329797742569844,0.011806396827936494
2021-10-19,0.010624162582137702,0.0033613297176819934,-0.007262832864455709,0.22486772486772486,0.0,0.0033613297176819934,0.015079797742569845
2021-10-20,-0.005883385019583911,0.0014740512985336185,0.00735743631811753,0.11322751322751323,0.0,0.0014740512985336185,0.0033613297176819934
2021-10-21,0.010557797151706029,-0.005285151086475204,-0.015842948238181234,0.22380952380952382,-0.0,-0.005285151086475204,0.0014740512985336185
2021-10-22,-0.01897438293843507,-0.000336186136843164,0.018638196801591907,0.382010582010582,-0.0,-0.000336186136843164,-0.005285151086475204
2021-10-25,0.006484225194257984,0.0045749718174759035,-0.0019092533767820809,0.1253968253968254,0.0,0.0045749718174759035,-0.000336186136843164
2021-10-26,-0.008007351081833007,-0.0031476106730743414,0.004859740408758665,0.16825396825396827,-0.0,-0.0031476106730743414,0.0045749718174759035
2021-10-27,-0.017858538229692317,0.024991504715971002,0.042850042945663316,0.36137566137566135,0.0,0.024991504715971002,-0.0031476106730743414
2021-10-28,-0.05623993684870658,-0.018155630333433925,0.038084306515272656,0.7936507936507936,0.012727113351900354,-0.006496689100030177,0.024991504715971002
2021-10-29,0.03360822427962762,-0.005607452083858044,-0.03921567636348566,0.5994708994708995,-0.0066099832240722675,-0.006657452083858044,-0.018155630333433925
2021-11-01,0.05075320188285368,0.007115987940623958,-0.04363721394222972,0.7518518518518519,0.005457654055485028,0.009923981910935936,-0.005607452083858044
2021-11-02,0.04342230936214678,0.009799014852165389,-0.03362329450998139,0.6984126984126984,0.0074788905871320385,0.014698522278248083,0.007115987940623958
2021-11-03,0.07260673349336687,-0.003499087087106889,-0.07610582058047376,0.864021164021164,-0.0026748870006065703,-0.005248630630660334,0.009799014852165389
2021-11-04,0.06616153574706936,0.0035826480375451553,-0.0625788877095242,0.8380952380952381,0.0027364208901439696,0.005373972056317733,-0.003499087087106889
2021-11-05,0.034996218225436304,-0.005552643636219323,-0.04054886186165563,0.6142857142857143,-0.004238189058165461,-0.006302643636219323,0.0035826480375451553
2021-11-08,0.030822067822304136,0.0024593589559140927,-0.028362708866390043,0.5645502645502646,0.0018762464606875719,0.0024593589559140927,-0.005552643636219323
2021-11-09,0.0617999066798605,-0.019163276158696507,-0.08096318283855701,0.8216931216931217,-0.014653378112047604,-0.02949491423804476,0.0024593589559140927
2021-11-10,0.03294361761549156,-0.0003380761684448341,-0.033281693783936396,0.5904761904761905,-0.00025861524648227954,-0.0010880761684448341,-0.019163276158696507
2021-11-11,0.044102981013834995,0.014337189323725408,-0.029765791690109587,0.7052910052910053,0.010948336107206564,0.02075578398558811,-0.0003380761684448341
2021-11-12,0.05959231800731198,6.664048177440485e-05,-0.05952567752553758,0.8105820105820106,4.868361323562106e-05,9.996072266160727e-05,0.014337189323725408
2021-11-15,0.10302556858515732,0.00666661884673081,-0.09635894973842651,0.9470899470899471,0.0052398621675480315,0.009999928270096214,6.664048177440485e-05
2021-11-16,0.0798703959959687,0.016490236842942263,-0.06338015915302643,0.8915343915343915,0.012865225614590164,0.024735355264413394,0.00666661884673081
2021-11-17,0.0479562457118792,0.028535647640937523,-0.01942059807094168,0.7343915343915344,0.021462869702465446,0.042803471461406284,0.016490236842942263
2021-11-18,-0.054198964418976994,0.016976397443134505,0.0711753618621115,0.7814814814814814,-0.014935995706685782,0.0032929192329403515,0.028535647640937523
2021-11-19,-0.048278678024949756,0.00292716015736616,0.051205838182315916,0.7365079365079366,-0.002187272176024992,0.0008781480472098479,0.016976397443134505
2021-11-22,-0.028369245307716687,0.0024222060474965446,0.03079145135521323,0.5349206349206349,-0.0011208344603326416,0.0013722060474965446,0.00292716015736616
2021-11-23,-0.019427682234842432,0.003283600949692822,0.022711283184535254,0.3931216931216931,0.0,0.003283600949692822,0.0024222060474965446
2021-11-24,0.03973917855985071,-0.03167857873641389,-0.0714177572962646,0.6613756613756614,-0.023726879956890583,-0.04826786810462083,0.003283600949692822
2021-11-26,0.03894228192780427,0.021873802659251318,-0.017068479268552955,0.6550264550264551,0.015941860300553386,0.03281070398887698,-0.03167857873641389
2021-11-29,0.024804829567368472,0.031577625958473465,0.006772796391104993,0.48994708994708996,-0.0010947271975641924,0.030827625958473465,0.021873802659251318
2021-11-30,-0.07897616374594883,-0.003206422277984289,0.07576974146796454,0.8878306878306879,0.0011975719053518045,-0.0020119266833952864,0.031577625958473465
2021-12-01,-0.0231343660645836,-0.006129780506709315,0.017004585557874284,0.44761904761904764,-0.0010527041759848883,-0.0071797805067093145,-0.003206422277984289
2021-12-02,-0.12988925429260656,-0.011724422741578922,0.11816483155102764,0.9761904761904762,0.00712291673412343,-0.004567326822473676,-0.006129780506709315
2021-12-03,-0.10221714526476763,0.02150257387454002,0.12371971913930765,0.9455026455026455,-0.014852557019377884,0.006450772162362006,-0.011724422741578922
2021-12-06,-0.018059284220002955,0.035446543443238276,0.05350582766324123,0.36507936507936506,-0.0010354345983498868,0.034396543443238274,0.02150257387454002
2021-12-07,-0.02806068477552128,0.022783138149408577,0.05084382292492986,0.5301587301587302,0.0,0.022783138149408577,0.035446543443238276
2021-12-08,-0.12843293400527425,-0.002970220486924191,0.12546271351835006,0.9746031746031746,0.0010078263770813532,-0.0019410661460772573,0.022783138149408577
2021-12-09,-0.022899048161291333,0.028013378430733038,0.05091242659202437,0.44391534391534393,-0.0010282400354688973,0.02696337843073304,-0.002970220486924191
2021-12-10,-0.02179054424386962,-0.02067425782916299,0.0011162864147066312,0.4328042328042328,-0.0,-0.02067425782916299,0.028013378430733038
2021-12-13,-0.11090775143696086,-0.008023168538446535,0.10288458289851432,0.9597883597883597,0.004270047423694937,-0.0034569505615339603,-0.02067425782916299
2021-12-14,-0.06456277549633074,0.02850911147886137,0.09307188697519211,0.8317460317460318,-0.018240885401885225,0.00855273344365841,-0.008023168538446535
2021-12-15,-0.08434162281647341,-0.039264030546131035,0.04507759227034237,0.9052910052910053,0.023901190289206068,-0.01177920916383931,0.02850911147886137
2021-12-16,-0.09513687949569158,-0.006501530107256848,0.08863534938843473,0.9306878306878307,0.004017440677492889,-0.0019504590321770543,-0.039264030546131035
2021-12-17,-0.008561740273883138,-0.00812228317222341,0.00043945710165972825,0.182010582010582,-0.0009305176432826963,-0.00917228317222341,-0.006501530107256848
2021-12-20,0.026321045770500824,0.019087131669351054,-0.00723391410114977,0.508994708994709,0.0,0.019087131669351054,-0.00812228317222341
2021-12-21,0.12342584532159592,0.01531879872955555,-0.10810704659204037,0.9693121693121693,0.00847639269393438,0.022228198094333323,0.019087131669351054
2021-12-22,0.13229754358409312,0.003644007500911428,-0.1286535360831817,0.9788359788359788,0.002235458173990849,0.005466011251367142,0.01531879872955555
2021-12-23,0.14409139791621267,0.022974516094704578,-0.1211168818215081,0.9862433862433863,0.01399640885833509,0.03446177414205687,0.003644007500911428
2021-12-27,0.10708176440821231,-0.005767409540122226,-0.11284917394833453,0.9544973544973545,-0.00361770131306564,-0.008651114310183339,0.022974516094704578
2021-12-28,0.0771718861418514,0.0005021844676449394,-0.07666970167420646,0.8793650793650793,0.00031299474034379525,0.0007532767014674091,-0.005767409540122226
2021-12-29,0.09680454332697636,-0.006578322274854331,-0.10338286560183069,0.9349206349206349,-0.0041130413774963384,-0.009867483412281497,0.0005021844676449394
2021-12-30,0.11818127121217162,-0.003535042891206208,-0.12171631410337783,0.9661375661375662,-0.002207644053256563,-0.005302564336809312,-0.006578322274854331
2021-12-31,0.15581196573106598,0.025004151493189575,-0.1308078142378764,0.9899470899470899,0.015806727880501893,0.03750622723978436,-0.003535042891206208
2022-01-03,0.0535862714842241,-0.01269194855504141,-0.0662782200392655,0.7761904761904762,-0.007982774571909022,-0.019037922832562115,0.025004151493189575
2022-01-04,0.08563441844261874,-0.026599566472232827,-0.11223398491485156,0.9095238095238095,-0.016227257572635774,-0.03989934970834924,-0.01269194855504141
2022-01-05,0.14140285999982705,-0.016693521966744007,-0.15809638196657105,0.9825396825396825,-0.01005491525553219,-0.02504028295011601,-0.026599566472232827
2022-01-06,0.12311506766482234,0.0009882808799244192,-0.12212678678489793,0.9687830687830687,0.0005943235483573601,0.0014824213198866287,-0.016693521966744007
2022-01-07,0.14100566327014732,0.00011629206552998816,-0.14088937120461734,0.982010582010582,6.989911606173431e-05,0.00017443809829498225,0.0009882808799244192
2022-01-10,0.06992137630002217,0.016783956458938043,-0.053137419841084124,0.8534391534391534,0.010100089387167154,0.025175934688407064,0.00011629206552998816
2022-01-11,0.11780823117686853,0.0025702306759320948,-0.11523800050093644,0.9656084656084656,0.0015480818134682697,0.003855346013898142,0.016783956458938043
2022-01-12,0.09927190869001146,-0.019028229017458487,-0.11830013770746994,0.9386243386243386,-0.009668623309238776,-0.02854234352618773,0.0025702306759320948
2022-01-13,0.03573974408262645,0.005110731766953869,-0.030629012315672582,0.6227513227513227,0.0025553658834769344,0.004360731766953869,-0.019028229017458487
2022-01-14,-0.0006693806615664759,-0.018894060079007957,-0.01822467941744148,0.013227513227513227,-0.00075,-0.018894060079007957,0.005110731766953869
2022-01-18,0.08531532576852606,-0.021024903431681063,-0.10634022920020712,0.9079365079365079,-0.011262451715840532,-0.032287355147521596,-0.018894060079007957
2022-01-19,0.14200551832303157,-0.010346767117206945,-0.15235228544023852,0.9830687830687831,-0.005173383558603473,-0.015520150675810418,-0.021024903431681063
2022-01-20,0.0820524486901921,-0.012765287078911114,-0.09481773576910321,0.8984126984126984,-0.006382643539455557,-0.01914793061836667,-0.010346767117206945
2022-01-21,0.07052103035844558,-0.0048645901122448265,-0.0753856204706904,0.8566137566137566,-0.0024322950561224133,-0.00729688516836724,-0.012765287078911114
2022-01-24,0.030785603349761832,-0.011384616868957753,-0.042170220218719585,0.5634920634920635,-0.005692308434478877,-0.012134616868957754,-0.0048645901122448265
2022-01-25,0.005586652809130594,-0.0005632110466268214,-0.006149863855757416,0.10423280423280423,-0.00075,-0.0005632110466268214,-0.011384616868957753
2022-01-26,-0.0003995736541208758,-0.0029431202464800243,-0.0025435465923591485,0.008994708994708995,-0.0,-0.0029431202464800243,-0.0005632110466268214
2022-01-27,-0.009080768568460395,0.06977734711809935,0.07885811568655975,0.18941798941798943,0.0,0.06977734711809935,-0.0029431202464800243
2022-01-28,0.04606555017435715,0.02612603103111022,-0.01993951914324693,0.7253968253968254,0.012313015515555109,0.03843904654666533,0.06977734711809935
2022-01-31,0.0671593876165623,-0.0009726506899289111,-0.06813203830649121,0.8423280423280424,-0.00048632534496445556,-0.0014589760348933667,0.02612603103111022
2022-02-01,0.0711078202923825,0.007044428274376235,-0.06406339201800626,0.8587301587301587,0.0035222141371881177,0.010566642411564353,-0.0009726506899289111
2022-02-02,-0.008134095265970906,-0.016719955837458778,-0.008585860571487872,0.173015873015873,-0.00075,-0.017469955837458778,0.007044428274376235
2022-02-03,0.0370867632538166,-0.0016793858431588538,-0.038766149096975455,0.6386243386243386,-0.001589692921579427,-0.0016793858431588538,-0.016719955837458778
2022-02-04,0.06517077504378527,-0.004234481105097165,-0.06940525614888243,0.8343915343915344,-0.0021172405525485827,-0.007101721657645748,-0.0016793858431588538
2022-02-07,0.049347247638274944,0.018466792615242644,-0.0308804550230323,0.7433862433862434,0.009233396307621322,0.027700188922863966,-0.004234481105097165
2022-02-08,0.008404115568581155,0.008293843295381631,-0.00011027227319952357,0.17936507936507937,-0.00075,0.007543843295381631,0.018466792615242644
2022-02-09,0.0028005566376342553,-0.02359904392072021,-0.026399600558354462,0.05026455026455026,-0.0,-0.02359904392072021,0.008293843295381631
2022-02-10,0.008169624645576329,-0.02021846858095855,-0.028388093226534877,0.17513227513227514,-0.0,-0.02021846858095855,-0.02359904392072021
2022-02-11,0.07407575054210644,0.0014231797387078693,-0.07265257080339857,0.8693121693121693,-3.841013064606537e-05,0.001384769608061804,-0.02021846858095855
2022-02-14,0.10579374934138475,0.02315256944406019,-0.08264117989732456,0.9507936507936507,0.011576284722030095,0.034728854166090284,0.0014231797387078693
2022-02-15,0.1287171914513333,-0.0013890884273936033,-0.13010627987872692,0.9751322751322752,-0.0006945442136968016,-0.002083632641090405,0.02315256944406019
2022-02-16,0.09539348526081523,-0.021269114124166877,-0.11666259938498211,0.9322751322751323,-0.010634557062083438,-0.031903671186250315,-0.0013890884273936033
2022-02-17,0.06326939721941686,-0.009355697815746633,-0.0726250950351635,0.8269841269841269,-0.0046778489078733165,-0.01403354672361995,-0.021269114124166877
2022-02-18,0.08704346292101595,-0.017812196329597296,-0.10485565925061324,0.9132275132275133,-0.008906098164798648,-0.026718294494395944,-0.009355697815746633
2022-02-22,0.11874677380742418,-0.025864218586377885,-0.14461099239380207,0.9671957671957672,-0.012932109293188943,-0.03879632787956683,-0.017812196329597296
2022-02-23,0.15142744761676788,0.0166802211381456,-0.13474722647862228,0.9883597883597883,0.0083401105690728,0.0250203317072184,-0.025864218586377885
2022-02-24,0.12655571500297327,0.01296541296541287,-0.1135903020375604,0.973015873015873,0.006482706482706435,0.019448119448119305,0.0166802211381456
2022-02-25,0.12371012092443304,0.001637662360973513,-0.12207245856345952,0.9698412698412698,0.0008188311804867565,0.0024564935414602695,0.01296541296541287
2022-02-28,0.07619731616646976,-0.01162786859192766,-0.08782518475839741,0.8756613756613757,-0.00581393429596383,-0.01744180288789149,0.001637662360973513
2022-03-01,0.05913053268920748,0.020588190387489158,-0.038542342301718324,0.8084656084656084,0.010294095193744579,0.030882285581233737,-0.01162786859192766
2022-03-02,0.08434846405782058,-0.0019811110023376655,-0.08632957506015825,0.9058201058201059,-0.0009905555011688327,-0.002971666503506498,0.020588190387489158
2022-03-03,0.09355284312163772,-0.018408309451694915,-0.11196115257333264,0.9291005291005291,-0.009204154725847458,-0.027612464177542373,-0.0019811110023376655
2022-03-04,0.09274974542993146,-0.02371748385610306,-0.11646722928603452,0.9275132275132275,-0.01185874192805153,-0.03557622578415459,-0.018408309451694915
2022-03-07,0.0797723927602828,-0.011676204081050079,-0.09144859684133289,0.891005291005291,-0.0058381020405250394,-0.01751430612157512,-0.02371748385610306
2022-03-08,0.12509031771698959,0.03499751320651545,-0.09009280451047413,0.9719576719576719,0.017498756603257726,0.05249626980977318,-0.011676204081050079
2022-03-09,0.08677345703224662,-0.027186021724885934,-0.11395947875713255,0.9121693121693122,-0.013593010862442967,-0.0407790325873289,0.03499751320651545
2022-03-10,0.1484359993553215,-0.02390891616902069,-0.1723449155243422,0.9873015873015873,-0.011954458084510344,-0.03586337425353103,-0.027186021724885934
2022-03-11,0.14073659889060947,-0.026562414447260818,-0.16729901333787028,0.9814814814814815,-0.013281207223630409,-0.03984362167089123,-0.02390891616902069
2022-03-14,0.17789359740569072,0.02967724498122526,-0.14821635242446546,0.9968253968253968,0.01483862249061263,0.04451586747183789,-0.026562414447260818
2022-03-15,0.16251850057927128,0.029015594405868317,-0.13350290617340296,0.9920634920634921,0.014507797202934158,0.043523391608802475,0.02967724498122526
2022-03-16,0.1695239536172312,0.006453892618648149,-0.16307006099858304,0.9941798941798942,0.0032269463093240747,0.009680838927972224,0.029015594405868317
2022-03-17,0.13184517254806896,0.020918990904723378,-0.11092618164334558,0.9783068783068783,0.010459495452361689,0.03137848635708507,0.006453892618648149
2022-03-18,0.0982921527896305,0.008537947992016681,-0.08975420479761381,0.9380952380952381,0.004268973996008341,0.012806921988025022,0.020918990904723378
2022-03-21,0.058743335317499146,0.02080025659077056,-0.037943078726728585,0.8047619047619048,0.01040012829538528,0.03120038488615584,0.008537947992016681
2022-03-22,0.021273431071010103,0.008233667373085174,-0.013039763697924929,0.42328042328042326,-0.00075,0.007483667373085174,0.02080025659077056
2022-03-23,0.05542906578376522,0.022677862543176053,-0.032751203240589166,0.7894179894179895,0.010588931271588026,0.03326679381476408,0.008233667373085174
2022-03-24,0.03222223931189827,0.0037341074304952926,-0.028488131881402978,0.5846560846560847,0.0018670537152476463,0.002984107430495293,0.022677862543176053
2022-03-25,-0.0004476851325758979,0.005036824671919682,0.00548450980449558,0.009523809523809525,-0.00075,0.005036824671919682,0.0037341074304952926
2022-03-28,-0.055905555546744146,0.019134350011321022,0.07503990555806517,0.7925925925925926,-0.010317175005660512,0.004690305003396306,0.005036824671919682
2022-03-29,-0.02232686860600764,-0.006649592776404312,0.015677275829603328,0.4380952380952381,-0.00075,-0.007699592776404311,0.019134350011321022
2022-03-30,-0.022171112889072815,-0.017775579076249826,0.0043955338128229896,0.43597883597883597,-0.0,-0.017775579076249826,-0.006649592776404312
2022-03-31,-0.019897641742673295,-0.0017184400200037642,0.01817920172266953,0.4,-0.0,-0.0017184400200037642,-0.017775579076249826
2022-04-01,0.006429034222686279,0.023693503752374445,0.017264469529688166,0.12433862433862433,0.0,0.023693503752374445,-0.0017184400200037642
2022-04-04,-0.023690853135293642,-0.018941791728789292,0.00474906140650435,0.45714285714285713,-0.0,-0.018941791728789292,0.023693503752374445
2022-04-05,0.01188641521173528,-0.018450899477234994,-0.030337314688970274,0.2571428571428571,-0.0,-0.018450899477234994,-0.018941791728789292
2022-04-06,0.03024069796547985,0.001803976361238968,-0.02843672160424088,0.5576719576719577,0.00015198818061948403,0.001803976361238968,-0.018450899477234994
2022-04-07,0.0586819740064152,-0.011908833084177117,-0.07059080709059232,0.8042328042328042,-0.005954416542088559,-0.018613249626265677,0.001803976361238968
2022-04-08,0.01784926164775803,-0.025516047170782263,-0.043365308818540296,0.3603174603174603,-0.00075,-0.026266047170782264,-0.011908833084177117
2022-04-11,-0.014655440283541966,0.011523444803804406,0.026178885087346372,0.3047619047619048,0.0,0.011523444803804406,-0.025516047170782263
2022-04-12,0.059448730718072315,0.01634254603673435,-0.043106184681337964,0.81005291005291,0.007421273018367176,0.023763819055101526,0.011523444803804406
2022-04-13,0.0017733486521373173,-0.029988173554459263,-0.03176152220659658,0.0328042328042328,-0.00075,-0.030738173554459264,0.01634254603673435
2022-04-14,0.009847695770543619,-0.0013307627614815853,-0.011178458532025204,0.20582010582010582,-0.0,-0.0013307627614815853,-0.029988173554459263
2022-04-18,0.050837681110892666,0.014115126812636714,-0.03672255429825595,0.7529100529100529,0.006307563406318357,0.02042269021895507,-0.0013307627614815853
2022-04-19,0.06078430815027577,-0.0010155411473251608,-0.061799849297600934,0.8148148148148148,-0.0005077705736625804,-0.0015233117209877411,0.014115126812636714
2022-04-20,0.029622566616246345,-0.004843717652944446,-0.034466284269190794,0.5523809523809524,-0.002421858826472223,-0.005593717652944446,-0.0010155411473251608
2022-04-21,0.035600073130381424,-0.02782111320949121,-0.06342118633987263,0.6216931216931217,-0.013910556604745605,-0.02782111320949121,-0.004843717652944446
2022-04-22,0.03375357951846944,0.006737208534946193,-0.027016370983523247,0.6010582010582011,0.0033686042674730965,0.006737208534946193,-0.02782111320949121
2022-04-25,0.07263924240473738,-0.037328295110823806,-0.10996753751556118,0.8645502645502645,-0.018664147555411903,-0.05674244266623571,0.006737208534946193
2022-04-26,0.0855050107167929,-0.0014667805686138236,-0.08697179128540672,0.908994708994709,-0.0007333902843069118,-0.0022001708529207353,-0.037328295110823806
2022-04-27,0.04332197446226661,0.04515573169692155,0.0018337572346549397,0.6973544973544974,0.022577865848460776,0.06773359754538233,-0.0014667805686138236
2022-04-28,0.07302347802968089,-0.036605131031920424,-0.10962860906160131,0.8656084656084656,-0.018302565515960212,-0.054907696547880636,0.04515573169692155
2022-04-29,0.04376564837845645,0.001966731427506696,-0.041798916950949755,0.7015873015873015,0.000983365713753348,0.002950097141260044,-0.036605131031920424
2022-05-02,-0.0022324248877439723,0.009622593217885944,0.011855018105629916,0.04126984126984127,-0.00075,0.008872593217885943,0.001966731427506696
2022-05-03,0.03904608980553909,0.041008082109324606,0.0019619923037855133,0.6566137566137566,0.019754041054662302,0.06076212316398691,0.009622593217885944
2022-05-04,0.018356786376107458,-0.0557159789068542,-0.07407276528296167,0.3693121693121693,-0.00075,-0.0564659789068542,0.041008082109324606
2022-05-05,-0.05917665289195937,0.0047273181710532075,0.06390397106301257,0.808994708994709,-0.0031136590855266036,0.00036819545131596223,-0.0557159789068542
2022-05-06,-0.01654075309958767,-0.033189436671313355,-0.016648683571725685,0.3380952380952381,-0.00075,-0.03423943667131336,0.0047273181710532075
2022-05-09,-0.055357885040355874,0.01611221752996994,0.07147010257032582,0.7878306878306879,-0.008806108764984971,0.0037836652589909826,-0.033189436671313355
2022-05-10,0.04854457897242778,-0.051841594936474444,-0.10038617390890223,0.7386243386243386,-0.027420797468237224,-0.07956239240471166,0.01611221752996994
2022-05-11,-0.017020638614543004,-0.026894131828513967,-0.009873493213970963,0.3455026455026455,-0.00075,-0.027644131828513968,-0.051841594936474444
2022-05-12,0.029954842623425647,0.03191649619831849,0.0019616535748928424,0.5566137566137566,0.015208248099159244,0.03191649619831849,-0.026894131828513967
2022-05-13,-0.00546603128113312,-0.010672219038048936,-0.005206187756915816,0.1,-0.00075,-0.010672219038048936,0.03191649619831849
2022-05-16,0.08375251189203353,0.025422525406765262,-0.05832998648526827,0.9026455026455027,0.01196126270338263,0.03738378811014789,-0.010672219038048936
2022-05-17,0.04655452467478342,-0.056419053005677955,-0.10297357768046136,0.7285714285714285,-0.028209526502838977,-0.08462857950851693,0.025422525406765262
2022-05-18,-0.004098118569525393,-0.024641372725664468,-0.020543254156139074,0.0746031746031746,-0.00075,-0.02539137272566447,-0.056419053005677955
2022-05-19,0.014005005501376197,0.0017470977752043204,-0.012257907726171876,0.2957671957671958,0.0,0.0017470977752043204,-0.024641372725664468
2022-05-20,0.009361419255015605,0.040119609489055685,0.03075819023404008,0.19523809523809524,0.0,0.040119609489055685,0.0017470977752043204
2022-05-23,0.006338472674649145,-0.01921618539997172,-0.025554658074620866,0.12222222222222222,-0.0,-0.01921618539997172,0.040119609489055685
2022-05-24,0.02946858930967945,0.0011398282790200387,-0.02832876103065941,0.5502645502645502,-0.00018008586048998067,0.0011398282790200387,-0.01921618539997172
2022-05-25,0.03644728677626044,0.023199551935994434,-0.013247734840266007,0.6312169312169312,0.011599775967997217,0.023199551935994434,0.0011398282790200387
2022-05-26,-0.0036990985958092956,0.04075690215442718,0.04445600075023647,0.0671957671957672,-0.00075,0.04075690215442718,0.023199551935994434
2022-05-27,-0.0048353308890048165,-0.005346121458716713,-0.0005107905697118963,0.08994708994708994,-0.0,-0.005346121458716713,0.04075690215442718
2022-05-31,0.026850287018915963,-0.0008736596423888354,-0.0277239466613048,0.5158730158730159,-0.0,-0.0008736596423888354,-0.005346121458716713
2022-06-01,0.01712537683859756,0.016811373906434612,-0.00031400293216294825,0.3476190476190476,0.0,0.016811373906434612,-0.0008736596423888354
2022-06-02,-0.01000696426396299,-0.038555844747787726,-0.028548880483824736,0.2126984126984127,-0.0,-0.038555844747787726,0.016811373906434612
2022-06-03,0.009629974851305782,0.005227981160655704,-0.004401993690650079,0.20052910052910053,0.0,0.005227981160655704,-0.038555844747787726
2022-06-06,0.01668910994836514,0.01758564519822481,0.0008965352498596681,0.34074074074074073,0.0,0.01758564519822481,0.005227981160655704
2022-06-07,0.02325476102061178,-0.005043359886377163,-0.028298120906988942,0.4492063492063492,-0.0,-0.005043359886377163,0.01758564519822481
2022-06-08,0.01087794877368325,-0.035955740636379185,-0.04683368941006243,0.2312169312169312,-0.0,-0.035955740636379185,-0.005043359886377163
2022-06-09,-0.02331850401276847,-0.03862857556514365,-0.015310071552375182,0.45026455026455026,-0.0,-0.03862857556514365,-0.035955740636379185
2022-06-10,-0.05196565218866193,-0.038284849970753765,0.013680802217908163,0.764021164021164,0.018392424985376882,-0.01253545499122613,-0.03862857556514365
2022-06-13,-0.03639368298173113,0.00667251530255486,0.04306619828428599,0.6306878306878307,-0.00333625765127743,0.00562251530255486,-0.038284849970753765
2022-06-14,0.07218623637290246,0.02011151903839159,-0.05207471733451087,0.8634920634920635,0.008555759519195795,0.029417278557587384,0.00667251530255486
2022-06-15,0.03442747784770991,-0.03965148038906896,-0.07407895823677887,0.608994708994709,-0.01982574019453448,-0.04040148038906896,0.02011151903839159
2022-06-16,0.009955157150751345,0.011533408719778482,0.0015782515690271372,0.2111111111111111,-0.00075,0.011533408719778482,-0.03965148038906896
2022-06-17,0.014672533112660712,0.032760628711495654,0.018088095598834942,0.3052910052910053,0.0,0.032760628711495654,0.011533408719778482
2022-06-21,-0.05118289902656623,-0.0038272034632649277,0.047355695563301305,0.7566137566137566,0.0011636017316324638,-0.002198161038979478,0.032760628711495654
2022-06-22,0.051044425067475634,0.021573804394657392,-0.02947062067281824,0.755026455026455,0.009286902197328696,0.03056070659198609,-0.0038272034632649277
2022-06-23,-0.008119206460017205,0.0245170596758284,0.03263626613584561,0.1724867724867725,-0.00075,0.0237670596758284,0.021573804394657392
2022-06-24,-0.02308895502940042,0.0,0.02308895502940042,0.44603174603174606,0.0,0.0,0.0245170596758284
2022-06-27,0.029598785236296034,-0.02978961453170348,-0.05938839976799951,0.5518518518518518,-0.01564480726585174,-0.02978961453170348,0.0
2022-06-28,0.01956001561180952,0.013023882378978113,-0.0065361332328314065,0.3952380952380952,-0.00075,0.013023882378978113,-0.02978961453170348
2022-06-29,0.01885789607219047,-0.018027633525460884,-0.03688552959765136,0.3798941798941799,-0.0,-0.018027633525460884,0.013023882378978113
2022-06-30,0.021124159500986565,0.016164404097477103,-0.004959755403509462,0.4211640211640212,0.0,0.016164404097477103,-0.018027633525460884
2022-07-01,0.009648767779846055,0.01893034267879301,0.009281574898946956,0.2015873015873016,0.0,0.01893034267879301,0.016164404097477103
2022-07-05,0.058900163930176455,0.009607290362049659,-0.0492928735681268,0.8058201058201058,0.0040536451810248295,0.013660935543074487,0.01893034267879301
2022-07-06,0.044679472701642214,0.023999670095662395,-0.02067980260597982,0.7132275132275132,0.011999835047831198,0.03599950514349359,0.009607290362049659
2022-07-07,0.056747859018727864,0.0047143201872084095,-0.052033538831519455,0.7962962962962963,0.0023571600936042048,0.007071480280812614,0.023999670095662395
2022-07-08,0.07777756646022055,-0.014757897007872667,-0.09253546346809322,0.8830687830687831,-0.007378948503936333,-0.022136845511809,0.0047143201872084095
2022-07-11,0.036364280637674315,0.0068338804781526985,-0.029530400159521616,0.6296296296296297,0.0034169402390763493,0.006083880478152699,-0.014757897007872667
2022-07-12,0.010755057344572766,-0.002536675067521532,-0.013291732412094298,0.2275132275132275,-0.00075,-0.002536675067521532,0.0068338804781526985
2022-07-13,-0.03611686810787741,0.0204823570556385,0.05659922516351591,0.6280423280423281,-0.01099117852781925,0.0204823570556385,-0.002536675067521532
2022-07-14,-0.07303475811314306,0.011450193386979057,0.08448495150012211,0.8661375661375661,-0.005725096693489529,0.0023850580160937173,0.0204823570556385
2022-07-15,0.0026287835020418204,-0.020643162088473388,-0.02327194559051521,0.047619047619047616,-0.00075,-0.021693162088473387,0.011450193386979057
2022-07-18,-0.04264690961023439,0.02672190095153959,0.06936881056177398,0.6888888888888889,-0.014110950475769796,0.006966570285461877,-0.020643162088473388
2022-07-19,-0.02880361686878504,0.013509910422423665,0.04231352729120871,0.5428571428571428,-0.00075,0.012459910422423665,0.02672190095153959
2022-07-20,-0.021753709125219893,0.015094122593791948,0.03684783171901184,0.4306878306878307,0.0,0.015094122593791948,0.013509910422423665
2022-07-21,-0.047855149591899175,-0.008111024578922987,0.03974412501297619,0.7328042328042328,0.003305512289461494,-0.0034833073736768964,0.015094122593791948
2022-07-22,-0.0019521969316257347,-0.0073978446702901435,-0.005445647738664409,0.03650793650793651,-0.00075,-0.008447844670290144,-0.008111024578922987
2022-07-25,0.0057130404378734016,-0.008826470729380254,-0.014539511167253655,0.10846560846560846,-0.0,-0.008826470729380254,-0.0073978446702901435
2022-07-26,0.01694968657711652,0.03423476837716555,0.017285081800049028,0.34444444444444444,0.0,0.03423476837716555,-0.008826470729380254
2022-07-27,-0.03213661231465186,0.003571549006889274,0.035708161321541136,0.5841269841269842,-0.002535774503444637,0.003571549006889274,0.03423476837716555
2022-07-28,-0.005891908042831365,0.0327931001426105,0.03868500818544186,0.11375661375661375,-0.00075,0.0327931001426105,0.003571549006889274
2022-07-29,-0.03317772255275001,-0.00615342010735398,0.027024302445396033,0.5947089947089947,0.00232671005367699,-0.00615342010735398,0.0327931001426105
2022-08-01,0.0016380241052676887,-0.009287230546637826,-0.010925254651905515,0.030687830687830688,-0.00075,-0.009287230546637826,-0.00615342010735398
2022-08-02,-0.0004844860002663938,0.03824754186879775,0.03873202786906414,0.010582010582010581,0.0,0.03824754186879775,-0.009287230546637826
2022-08-03,-0.04312176793189027,-0.0019262247856960402,0.04119554314619423,0.6952380952380952,0.00021311239284802007,-0.001627867435708812,0.03824754186879775
2022-08-04,-0.007535517759699281,-0.0013890745083584566,0.006146443251340825,0.15714285714285714,-0.00075,-0.0024390745083584563,-0.0019262247856960402
2022-08-05,-0.009631487429731737,-0.0029027908792184087,0.006728696550513329,0.20105820105820105,-0.0,-0.0029027908792184087,-0.0013890745083584566
2022-08-08,0.012229951148797606,0.0003031051987909539,-0.011926845950006652,0.26455026455026454,0.0,0.0003031051987909539,-0.0029027908792184087
2022-08-09,-0.03314683103578459,0.02619474172960934,0.05934157276539393,0.5936507936507937,-0.01384737086480467,0.02619474172960934,0.0003031051987909539
2022-08-10,-0.010465393668126197,-0.004431840099568873,0.006033553568557323,0.22116402116402117,-0.00075,-0.004431840099568873,0.02619474172960934
2022-08-11,-0.031125964070362874,0.021425760996685472,0.05255172506704835,0.5693121693121693,-0.011462880498342737,0.021425760996685472,-0.004431840099568873
2022-08-12,-0.02725942208251759,0.006333404016296118,0.033592826098813706,0.5211640211640212,-0.00075,0.006333404016296118,0.021425760996685472
2022-08-15,-0.03564910805644996,-0.0009235565103157262,0.034725551546134235,0.6222222222222222,-0.00028822174484213693,-0.0009235565103157262,0.006333404016296118
2022-08-16,-0.06533154195684518,0.008784410386458275,0.07411595234330345,0.8354497354497354,-0.004392205193229137,0.0015853231159374825,-0.0009235565103157262
2022-08-17,-0.05451454416821482,-0.002291791090786699,0.05222275307742812,0.783068783068783,0.0011458955453933495,-0.0006875373272360097,0.008784410386458275
2022-08-18,-0.052355618405406416,-0.0151018020917294,0.03725381631367702,0.7677248677248677,0.0075509010458647,-0.0045305406275188195,-0.002291791090786699
2022-08-19,-0.0054990750522968534,-0.023029153463105523,-0.01753007841080867,0.10264550264550265,-0.00075,-0.02407915346310552,-0.0151018020917294
2022-08-22,0.03334022747476747,-0.0020291654538102666,-0.035369392928577735,0.5968253968253968,-0.0017645827269051333,-0.0020291654538102666,-0.023029153463105523
2022-08-23,-0.02020841074228833,0.0017938948700344515,0.022002305612322783,0.4058201058201058,-0.00075,0.0017938948700344515,-0.0020291654538102666
2022-08-24,0.006185928127161053,0.014922694663037417,0.008736766535876364,0.11904761904761904,0.0,0.014922694663037417,0.0017938948700344515
2022-08-25,-6.803663620423214e-05,-0.03769915422814685,-0.03763111759194261,0.0005291005291005291,-0.0,-0.03769915422814685,0.014922694663037417
2022-08-26,0.08095485156086175,-0.01369050296869423,-0.09464535452955598,0.8952380952380953,-0.007595251484347114,-0.021285754453041345,-0.03769915422814685
2022-08-29,0.008530041334485284,-0.015305183248516818,-0.0238352245830021,0.18042328042328043,-0.00075,-0.01605518324851682,-0.01369050296869423
2022-08-30,0.03463924869003071,-0.01063521751184382,-0.04527446620187453,0.6095238095238096,-0.00606760875592191,-0.01063521751184382,-0.015305183248516818
2022-08-31,0.03271698965131744,0.0047068628852211525,-0.028010126766096287,0.5888888888888889,0.0023534314426105762,0.0047068628852211525,-0.01063521751184382
2022-09-01,0.03034641792586952,-0.01361095561594472,-0.04395737354181424,0.5592592592592592,-0.00680547780797236,-0.01361095561594472,0.0047068628852211525
2022-09-02,0.021729393967625795,-0.00821509608248805,-0.029944490050113844,0.42962962962962964,-0.00075,-0.00821509608248805,-0.01361095561594472
2022-09-06,0.025573312805930185,0.009253805648173907,-0.016319507157756277,0.5,0.0,0.009253805648173907,-0.00821509608248805
2022-09-07,-0.00719844884149835,-0.009617627850276422,-0.0024191790087780725,0.1433862433862434,-0.0,-0.009617627850276422,0.009253805648173907
2022-09-08,0.015206546230571303,0.018839730085989714,0.0036331838554184114,0.31693121693121695,0.0,0.018839730085989714,-0.009617627850276422
2022-09-09,0.024135525193996917,0.03850780777032137,0.01437228257632445,0.4798941798941799,0.0,0.03850780777032137,0.018839730085989714
2022-09-12,-0.03855027985092066,-0.058679428045069315,-0.020129148194148655,0.6513227513227513,0.028589714022534657,-0.01865382841352079,0.03850780777032137
2022-09-13,0.02393605366376186,0.009555240543558163,-0.014380813120203697,0.47724867724867726,-0.00075,0.008505240543558163,-0.058679428045069315
2022-09-14,-0.0337458769769316,-0.018929904131120834,0.014815972845810765,0.6005291005291006,0.008714952065560416,-0.018929904131120834,0.009555240543558163
2022-09-15,0.002205140244200963,-0.010960126842684659,-0.013165267086885622,0.04021164021164021,-0.00075,-0.010960126842684659,-0.018929904131120834
2022-09-16,0.07828685990833797,0.02508300444133016,-0.053203855467007816,0.8857142857142857,0.011791502220665079,0.03687450666199524,-0.010960126842684659
2022-09-19,-0.05016651316945881,0.01566530920222564,0.06583182237168445,0.7486772486772487,-0.00933265460111282,0.002899592760667692,0.02508300444133016
2022-09-20,-0.04331484270040117,-0.02026743677245224,0.023047405927948926,0.6968253968253968,0.01013371838622612,-0.006080231031735672,0.01566530920222564
2022-09-21,-0.008163930118634224,-0.0063753349657240665,0.0017885951529101572,0.17407407407407408,-0.00075,-0.007425334965724066,-0.02026743677245224
2022-09-22,0.0023124468060262554,-0.015123836047299721,-0.017436282853325977,0.04338624338624339,-0.0,-0.015123836047299721,-0.0063753349657240665
2022-09-23,0.024253186210911076,0.0022601627577329975,-0.02199302345317808,0.4830687830687831,0.0,0.0022601627577329975,-0.015123836047299721
2022-09-26,0.054987541553125754,0.006566306241333253,-0.0484212353117925,0.7862433862433862,0.0025331531206666267,0.009099459361999879,0.0022601627577329975
2022-09-27,0.03991167809850967,-0.01265154936916213,-0.0525632274676718,0.6624338624338625,-0.006325774684581065,-0.018977324053743194,0.006566306241333253
2022-09-28,0.04823469366682959,-0.049119176032136225,-0.09735386969896581,0.735978835978836,-0.024559588016068112,-0.07367876404820434,-0.01265154936916213
2022-09-29,-0.008049094972137329,-0.030039216464179286,-0.021990121492041957,0.17037037037037037,-0.00075,-0.030789216464179286,-0.049119176032136225
2022-09-30,0.0426816489172088,0.030752422307931182,-0.011929226609277616,0.68994708994709,0.01462621115396559,0.04537863346189677,-0.030039216464179286
2022-10-03,0.06852370049977999,0.02562345464279514,-0.04290024585698485,0.8476190476190476,0.01281172732139757,0.03843518196419271,0.030752422307931182
2022-10-04,0.1273682222440524,0.00205312749054376,-0.12531509475350863,0.9740740740740741,0.00102656374527188,0.0030796912358156403,0.02562345464279514
2022-10-05,0.05754016540768523,-0.006625685422134375,-0.0641658508298196,0.7994708994708994,-0.0033128427110671876,-0.009938528133201563,0.00205312749054376
2022-10-06,0.06416374197681332,-0.03671887238133642,-0.10088261435814974,0.8301587301587302,-0.01835943619066821,-0.05507830857200463,-0.006625685422134375
2022-10-07,0.010500061540625327,0.0023558183625465023,-0.008144243178078825,0.2216931216931217,-0.00075,0.0016058183625465023,-0.03671887238133642
2022-10-10,0.08273617059086226,-0.010255110385928523,-0.09299128097679078,0.9005291005291005,-0.005877555192964261,-0.016132665578892785,0.0023558183625465023
2022-10-11,0.0702784909560201,-0.004605014910737282,-0.07488350586675738,0.8555555555555555,-0.002302507455368641,-0.006907522366105923,-0.010255110385928523
2022-10-12,0.07508933274188151,0.033613189741162675,-0.041476143000718835,0.8724867724867725,0.016806594870581337,0.05041978461174401,-0.004605014910737282
2022-10-13,0.006532641503163083,-0.032240106422618986,-0.03877274792578207,0.12804232804232804,-0.00075,-0.03299010642261899,0.033613189741162675
2022-10-14,0.015514973472651645,0.029122801189906067,0.013607827717254422,0.3216931216931217,0.0,0.029122801189906067,-0.032240106422618986
2022-10-17,0.02914344805415257,0.009409334398200908,-0.019734113655951662,0.5481481481481482,0.0,0.009409334398200908,0.029122801189906067
2022-10-18,0.0265635656112208,0.0007652788946796996,-0.0257982867165411,0.5121693121693122,0.0,0.0007652788946796996,0.009409334398200908
2022-10-19,0.00735117254437016,-0.0032670037479057834,-0.010618176292275943,0.14973544973544972,-0.0,-0.0032670037479057834,0.0007652788946796996
2022-10-20,0.009947238064674624,0.02705885856778112,0.017111620503106495,0.20952380952380953,0.0,0.02705885856778112,-0.0032670037479057834
2022-10-21,-0.001522621633254364,0.01480277431413235,0.016325395947386714,0.02962962962962963,0.0,0.01480277431413235,0.02705885856778112
2022-10-24,-0.001615415007033414,0.01933756769411188,0.020952982701145293,0.03015873015873016,0.0,0.01933756769411188,0.01480277431413235
2022-10-25,-0.017933307919469427,-0.019627097382268754,-0.0016937894627993277,0.362962962962963,-0.0,-0.019627097382268754,0.01933756769411188
2022-10-26,-0.016684767075490936,-0.03046530302940509,-0.013780535953914153,0.3402116402116402,-0.0,-0.03046530302940509,-0.019627097382268754
2022-10-27,-0.004432941765752943,0.07555254933549937,0.07998549110125232,0.07936507936507936,0.0,0.07555254933549937,-0.03046530302940509
2022-10-28,-0.03130341452376938,-0.01541033962913596,0.015893074894633416,0.5708994708994709,0.0069551698145679805,-0.01541033962913596,0.07555254933549937
2022-10-31,-0.05982820795023289,-0.017542706558629995,0.04228550139160289,0.8111111111111111,0.008771353279314997,-0.006312811967588998,-0.01541033962913596
2022-11-01,-0.013459954821072737,-0.0373051209447689,-0.023845166123696162,0.2867724867724868,-0.00075,-0.0383551209447689,-0.017542706558629995
2022-11-02,-0.025079922497011315,-0.04240500317961504,-0.017325080682603727,0.4931216931216931,-0.0,-0.04240500317961504,-0.0373051209447689
2022-11-03,0.0047622746772508695,-0.0019472997946026194,-0.006709574471853489,0.0873015873015873,-0.0,-0.0019472997946026194,-0.04240500317961504
2022-11-04,-0.029310007641347124,0.0039020863036760556,0.03321209394502318,0.5492063492063493,0.0,0.0039020863036760556,-0.0019472997946026194
2022-11-07,-0.024436096152876775,0.0041754054179830025,0.028611501570859777,0.48624338624338626,0.0,0.0041754054179830025,0.0039020863036760556
2022-11-08,-0.01773434228286206,-0.033190112315196085,-0.015455770032334025,0.35873015873015873,-0.0,-0.033190112315196085,0.0041754054179830025
2022-11-09,-0.0025766696895128498,0.08897448161854182,0.09155115130805468,0.04708994708994709,0.0,0.08897448161854182,-0.033190112315196085
2022-11-10,0.008533389647890261,0.01926877866724319,0.01073538901935293,0.18095238095238095,0.0,0.01926877866724319,0.08897448161854182
2022-11-11,-0.018743906640273346,-0.00948560340749316,0.009258303232780186,0.3772486772486772,-0.0,-0.00948560340749316,0.01926877866724319
2022-11-14,-0.028440856809418217,0.011869237949776679,0.04031009475919489,0.535978835978836,0.0,0.011869237949776679,-0.00948560340749316
2022-11-15,-0.0008648543209896099,-0.008331004125410435,-0.007466149804420825,0.015873015873015872,-0.0,-0.008331004125410435,0.011869237949776679
2022-11-16,-0.03844808073163948,0.01297138883959792,0.0514194695712374,0.6497354497354497,-0.0072356944197989595,0.01297138883959792,-0.008331004125410435
2022-11-17,-0.029002035223982262,0.00378205924732411,0.03278409447130637,0.544973544973545,-0.00075,0.00378205924732411,0.01297138883959792
2022-11-18,-0.04151611912540948,-0.021680478961015992,0.019835640164393487,0.6783068783068783,0.010090239480507995,-0.007554143688304797,0.00378205924732411
2022-11-21,-0.049272757007343126,0.014661217351664702,0.06393397435900783,0.7428571428571429,-0.007330608675832351,0.0043983652054994105,-0.021680478961015992
2022-11-22,-0.03714435973389528,0.005926277222839227,0.04307063695673451,0.6402116402116402,-0.0029631386114196134,0.004876277222839227,0.014661217351664702
2022-11-23,-0.05941804000051455,-0.019593783583860214,0.03982425641665434,0.8095238095238095,0.009796891791930107,-0.006928135075158064,0.005926277222839227
2022-11-25,-0.06870637426950851,-0.02626401643739773,0.04244235783211078,0.8492063492063492,0.013132008218698865,-0.00787920493121932,-0.019593783583860214
2022-11-28,-0.07693945559553722,-0.02114834965667023,0.05579110593886699,0.8788359788359789,0.010574174828335114,-0.006344504897001069,-0.02626401643739773
2022-11-29,-0.06783028726238226,0.04859386381954067,0.11642415108192293,0.8444444444444444,-0.024296931909770336,0.014578159145862201,-0.02114834965667023
2022-11-30,-0.08966498956998477,0.0018916698033908386,0.0915566593733756,0.9216931216931217,-0.0009458349016954193,0.0005675009410172515,0.04859386381954067
2022-12-01,-0.04011396507086029,-0.0033713350281824317,0.03674263004267786,0.6656084656084656,0.0016856675140912158,-0.0010114005084547295,0.0018916698033908386
2022-12-02,-0.010553919240130435,-0.00798322716755806,0.0025706920725723746,0.22275132275132276,-0.00075,-0.00903322716755806,-0.0033713350281824317
2022-12-05,-0.02435868511024931,-0.025369964105052323,-0.0010112789948030117,0.48518518518518516,-0.0,-0.025369964105052323,-0.00798322716755806
2022-12-06,-0.03524296143495356,-0.013784872115011448,0.021458089319942114,0.6158730158730159,0.006142436057505724,-0.013784872115011448,-0.025369964105052323
2022-12-07,-0.030382409999026024,0.01213262151239114,0.04251503151141717,0.5603174603174603,-0.00606631075619557,0.01213262151239114,-0.013784872115011448
2022-12-08,0.020021109784284227,-0.0034348933650640845,-0.02345600314934831,0.4031746031746032,-0.00075,-0.0034348933650640845,0.01213262151239114
2022-12-09,0.01370920638037844,0.01638989202746388,0.002680685647085441,0.2904761904761905,0.0,0.01638989202746388,-0.0034348933650640845
2022-12-12,0.020888656020749408,0.006782411118128495,-0.014106244902620912,0.41798941798941797,0.0,0.006782411118128495,0.01638989202746388
2022-12-13,0.03666745494045086,-0.015535668401318814,-0.05220312334176967,0.6338624338624339,-0.008517834200659408,-0.015535668401318814,0.006782411118128495
2022-12-14,-0.03436074497177065,-0.046854480230708595,-0.012493735258937946,0.6079365079365079,0.021927240115354296,-0.046854480230708595,-0.015535668401318814
2022-12-15,-0.041082759475895084,-0.014578498906181014,0.02650426056971407,0.6756613756613756,0.007289249453090507,-0.005423549671854304,-0.046854480230708595
2022-12-16,-0.019985504604431725,-0.01590976700752189,0.0040757375969098335,0.4015873015873016,-0.00075,-0.01695976700752189,-0.014578498906181014
2022-12-19,-0.02044971074482985,-0.0005285730448595372,0.019921137699970313,0.4105820105820106,-0.0,-0.0005285730448595372,-0.01590976700752189
2022-12-20,0.06041747031208303,0.02380926433008268,-0.03660820598200035,0.8121693121693122,0.01115463216504134,0.03496389649512402,-0.0005285730448595372
2022-12-21,0.044270874997358156,-0.02377246359543206,-0.06804333859279021,0.707936507936508,-0.01188623179771603,-0.03565869539314809,0.02380926433008268
2022-12-22,-0.009949661727660548,-0.002798083210410307,0.007151578517250241,0.21005291005291005,-0.00075,-0.003548083210410307,-0.02377246359543206
2022-12-23,0.04427700274944617,-0.013878529198884215,-0.05815553194833038,0.7084656084656085,-0.007689264599442107,-0.021567793798326323,-0.002798083210410307
2022-12-27,0.06768634466871586,-0.030685160755172025,-0.09837150542388788,0.8433862433862434,-0.015342580377586013,-0.04602774113275804,-0.013878529198884215
2022-12-28,0.007684779626474123,0.028324356571435505,0.020639576944961383,0.16084656084656085,-0.00075,0.027574356571435504,-0.030685160755172025
2022-12-29,0.05498186345007278,0.0024691214780374615,-0.052512741972035315,0.7851851851851852,0.00048456073901873074,0.0029536822170561925,0.028324356571435505
2022-12-30,0.014830923996680111,-0.03740492814413299,-0.0522358521408131,0.30793650793650795,-0.00075,-0.03815492814413299,0.0024691214780374615
2023-01-03,0.01906702013104032,0.010314208573187766,-0.008752811557852555,0.38412698412698415,0.0,0.010314208573187766,-0.03740492814413299
2023-01-04,0.02953908826573928,-0.010604596470271233,-0.040143684736010515,0.5513227513227513,-0.006052298235135616,-0.010604596470271233,0.010314208573187766
2023-01-05,0.0183389090866512,0.03679410307247166,0.01845519398582046,0.36878306878306877,-0.00075,0.03679410307247166,-0.010604596470271233
2023-01-06,0.03591607942533254,0.00408906977744139,-0.03182700964789115,0.6253968253968254,0.0012945348887206949,0.00408906977744139,0.03679410307247166
2023-01-09,0.023730452747385514,0.004456520042964263,-0.01927393270442125,0.4582010582010582,-0.00075,0.004456520042964263,0.00408906977744139
2023-01-10,0.00932524439680816,0.02111190738757851,0.011786662990770351,0.19417989417989417,0.0,0.02111190738757851,0.004456520042964263
2023-01-11,0.006358223435258739,-0.0005990482356937887,-0.006957271670952528,0.12275132275132275,-0.0,-0.0005990482356937887,0.02111190738757851
2023-01-12,-0.010431201535614942,0.010118920411422483,0.020550121947037425,0.22063492063492063,0.0,0.010118920411422483,-0.0005990482356937887
2023-01-13,0.011691076933219462,0.008756313963647067,-0.002934762969572395,0.2518518518518518,0.0,0.008756313963647067,0.010118920411422483
2023-01-17,0.003149770226377831,-0.005369878998954691,-0.008519649225332522,0.056084656084656084,-0.0,-0.005369878998954691,0.008756313963647067
2023-01-18,-0.022982501764201507,0.00044339877602683764,0.023425900540228344,0.44497354497354497,0.0,0.00044339877602683764,-0.005369878998954691
2023-01-19,-0.04006225192944507,0.019221018446016203,0.05928327037546127,0.6645502645502646,-0.010360509223008102,0.004716305533804861,0.00044339877602683764
2023-01-20,-0.03162156758901144,0.02350069865179205,0.05512226624080349,0.5746031746031746,-0.011750349325896026,0.022450698651792052,0.019221018446016203
2023-01-23,-0.040766989601055445,0.010062701676476049,0.050829691277531494,0.6714285714285714,-0.0050313508382380245,0.0019688105029428147,0.02350069865179205
2023-01-24,-0.08112341033814097,-0.004700862649684501,0.07642254768845647,0.8957671957671958,0.0023504313248422504,-0.0014102587949053503,0.010062701676476049
2023-01-25,-0.10148269942819954,0.014803607614345626,0.11628630704254517,0.9428571428571428,-0.007401803807172813,0.004441082284303688,-0.004700862649684501
2023-01-26,-0.06100890256661426,0.013684221408972741,0.074693123975587,0.8158730158730159,-0.0068421107044863705,0.004105266422691822,0.014803607614345626
2023-01-27,-0.08693557883581207,-0.020078032663229828,0.06685754617258224,0.9126984126984127,0.010039016331614914,-0.006023409798968948,0.013684221408972741
2023-01-30,-0.01688657598410635,0.009020748208751872,0.02590732419285822,0.3439153439153439,-0.00075,0.007970748208751871,-0.020078032663229828
2023-01-31,0.028640726210553778,0.007900877420411234,-0.020739848790142543,0.5402116402116403,0.0,0.007900877420411234,0.009020748208751872
2023-02-01,-0.0049150814977859565,0.037062626046402425,0.04197770754418838,0.091005291005291,0.0,0.037062626046402425,0.007900877420411234
2023-02-02,-0.003269684550827698,0.024399836392140273,0.02766952094296797,0.05767195767195767,0.0,0.024399836392140273,0.037062626046402425
2023-02-03,-0.04660967773613019,-0.01792874700567071,0.028680930730459478,0.7291005291005291,0.008214373502835354,-0.0064286241017012125,0.024399836392140273
2023-02-06,0.029917752606570723,0.0192446281152181,-0.010673124491352624,0.555026455026455,0.00812231405760905,0.0181946281152181,-0.01792874700567071
2023-02-07,0.0004588659758068339,-0.017652715805901775,-0.01811158178170861,0.010052910052910053,-0.00075,-0.017652715805901775,0.0192446281152181
2023-02-08,0.04094755601508499,-0.00691135605449078,-0.04785891206957577,0.6751322751322751,-0.00420567802724539,-0.011117034081736171,-0.017652715805901775
2023-02-09,0.005085106947411339,0.002455976114347891,-0.0026291308330634484,0.09365079365079365,-0.00075,0.0017059761143478909,-0.00691135605449078
2023-02-10,0.05027312245798228,0.018807177457506263,-0.03146594500047602,0.7492063492063492,0.008653588728753131,0.027460766186259394,0.002455976114347891
2023-02-13,0.03486977778987887,-0.0042251860246989015,-0.03909496381457777,0.6126984126984127,-0.0021125930123494507,-0.004975186024698901,0.018807177457506263
2023-02-14,0.05164672730384132,0.013903364754114467,-0.03774336254972685,0.7608465608465609,0.006951682377057233,0.0201050471311717,-0.0042251860246989015
2023-02-15,0.04363068617194807,-0.010429486187381154,-0.05406017235932922,0.7,-0.005214743093690577,-0.01564422928107173,0.013903364754114467
2023-02-16,0.08230337787973067,-0.007546764318629995,-0.08985014219836067,0.8994708994708994,-0.0037733821593149974,-0.011320146477944992,-0.010429486187381154
2023-02-17,0.04958502741037249,-0.02667962420960701,-0.0762646516199795,0.7444444444444445,-0.013339812104803506,-0.04001943631441052,-0.007546764318629995
2023-02-21,0.054451516713918305,0.002895902637119807,-0.0515556140767985,0.7825396825396825,0.0014479513185599036,0.004343853955679711,-0.02667962420960701
2023-02-22,0.01859715844348216,0.00329057170226843,-0.01530658674121373,0.37407407407407406,-0.00075,0.00254057170226843,0.002895902637119807
2023-02-23,0.02677032204959016,-0.01800511207915978,-0.044775434128749944,0.5142857142857142,-0.0,-0.01800511207915978,0.00329057170226843
2023-02-24,0.058143868100500345,0.008247228405589002,-0.04989663969491134,0.8005291005291005,0.0033736142027945013,0.011620842608383503,-0.01800511207915978
2023-02-27,0.00944368012784701,-0.0034478031321782954,-0.012891483260025306,0.1962962962962963,-0.00075,-0.004197803132178295,0.008247228405589002
2023-02-28,0.00021355475523736692,-0.014245953670302014,-0.014459508425539381,0.004761904761904762,-0.0,-0.014245953670302014,-0.0034478031321782954
2023-03-01,0.023467466345853994,0.004129201908502855,-0.01933826443735114,0.4534391534391534,0.0,0.004129201908502855,-0.014245953670302014
2023-03-02,0.022146108957391875,0.03509026549986971,0.012944156542477835,0.4354497354497355,0.0,0.03509026549986971,0.004129201908502855
2023-03-03,-0.009619421717336093,0.018539323136363972,0.028158744853700065,0.2,0.0,0.018539323136363972,0.03509026549986971
2023-03-06,-0.024884157190098028,-0.01449649150047616,0.010387665689621867,0.49153439153439155,-0.0,-0.01449649150047616,0.018539323136363972
2023-03-07,-0.006851871079633132,0.008377086524051336,0.015228957603684468,0.1349206349206349,0.0,0.008377086524051336,-0.01449649150047616
2023-03-08,-0.01315679841447082,-0.014914604653310515,-0.0017578062388396952,0.2777777777777778,-0.0,-0.014914604653310515,0.008377086524051336
2023-03-09,-0.024564503434526142,-0.013878613707275611,0.010685889727250531,0.48783068783068784,-0.0,-0.013878613707275611,-0.014914604653310515
2023-03-10,0.015399250289223197,0.013266069850059292,-0.002133180439163905,0.3201058201058201,0.0,0.013266069850059292,-0.013878613707275611
2023-03-13,0.019217974286025438,0.014088951021785867,-0.005129023264239571,0.38941798941798944,0.0,0.014088951021785867,0.013266069850059292
2023-03-14,-0.0024842214129331026,0.002621500156279488,0.005105721569212591,0.0455026455026455,0.0,0.002621500156279488,0.014088951021785867
2023-03-15,0.020030900555203564,0.01869399445967468,-0.0013369060955288857,0.40370370370370373,0.0,0.01869399445967468,0.002621500156279488
2023-03-16,0.015448652817257644,-0.005453951308759586,-0.02090260412601723,0.32063492063492066,-0.0,-0.005453951308759586,0.01869399445967468
2023-03-17,-0.011834972542249172,0.015483840040267483,0.027318812582516654,0.2566137566137566,0.0,0.015483840040267483,-0.005453951308759586
2023-03-20,0.03390196883204516,0.0119442646876593,-0.02195770414438586,0.6021164021164022,0.0052221323438296505,0.0119442646876593,0.015483840040267483
2023-03-21,0.017504069935483115,-0.009103348944701883,-0.026607418880185,0.35343915343915344,-0.00075,-0.009103348944701883,0.0119442646876593
2023-03-22,0.038367099014590574,0.006969214211951735,-0.03139788480263884,0.6476190476190476,0.002734607105975868,0.006969214211951735,-0.009103348944701883
2023-03-23,0.04187834569402338,0.008305624542096268,-0.03357272115192711,0.6825396825396826,0.004152812271048134,0.011708436813144402,0.006969214211951735
2023-03-24,0.05082925047912142,-0.012293363392084644,-0.06312261387120607,0.7523809523809524,-0.006146681696042322,-0.018440045088126966,0.008305624542096268
2023-03-27,0.05777431279919763,-0.003980378111959504,-0.06175469091115714,0.8,-0.001990189055979752,-0.005970567167939256,-0.012293363392084644
2023-03-28,0.03837796576566718,0.019790835007411856,-0.018587130758255327,0.6481481481481481,0.009895417503705928,0.019040835007411855,-0.003980378111959504
2023-03-29,0.03820502728968046,0.009889884835615925,-0.028315142454064537,0.6465608465608466,0.005888630604716169,0.009889884835615925,0.019790835007411856
2023-03-30,0.035342951829232874,0.01564440671414924,-0.019698545115083635,0.6169312169312169,0.009718405081267787,0.01564440671414924,0.009889884835615925
2023-03-31,0.011296065892114624,0.007701339104964733,-0.0035947267871498916,0.24232804232804234,-0.0009331978013406904,0.007701339104964733,0.01564440671414924
2023-04-03,-0.027131791114979948,-0.0032494916905163596,0.02388229942446359,0.5195767195767196,-0.0,-0.0032494916905163596,0.007701339104964733
2023-04-04,-0.009019655505158725,-0.011290388907373328,-0.0022707334022146024,0.18783068783068782,-0.0,-0.011290388907373328,-0.0032494916905163596
2023-04-05,-0.0018102024910990853,0.005496026246923691,0.007306228738022776,0.033862433862433865,0.0,0.005496026246923691,-0.011290388907373328
2023-04-06,0.006948255125284469,-0.015972273536536186,-0.022920528661820656,0.1380952380952381,-0.0,-0.015972273536536186,0.005496026246923691
2023-04-10,0.004711241508586896,-0.007591075325112051,-0.012302316833698947,0.08465608465608465,-0.0,-0.007591075325112051,-0.015972273536536186
2023-04-11,-0.009762306289835414,-0.004353416727451709,0.005408889562383706,0.2037037037037037,-0.0,-0.004353416727451709,-0.007591075325112051
2023-04-12,-0.0272823140974652,0.03410361595056344,0.06138593004802864,0.5222222222222223,0.0,0.03410361595056344,-0.004353416727451709
2023-04-13,-0.06313380919900881,-0.002114033056146658,0.06101977614286215,0.8264550264550264,0.0004041601527883271,-0.0016842099168439973,0.03410361595056344
2023-04-14,-0.026355889249139956,0.0001210578091328518,0.026476947058272807,0.5100529100529101,-0.000987308782668687,-0.0009289421908671481,-0.002114033056146658
2023-04-17,-0.03235103451509576,0.007504863039950127,0.039855897555045885,0.5867724867724867,-0.005937620865029748,0.007504863039950127,0.0001210578091328518
2023-04-18,0.0025154982822217682,0.006968207599322485,0.004452709317100716,0.046031746031746035,-0.0009890690461399787,0.006968207599322485,0.007504863039950127
2023-04-19,-0.01418175786048569,-0.005846473531388785,0.008335284329096904,0.2962962962962963,-0.0,-0.005846473531388785,0.006968207599322485
2023-04-20,-0.03524335832616887,-0.009780774150280336,0.025462584175888536,0.6164021164021164,0.005476290243305106,-0.009780774150280336,-0.005846473531388785
2023-04-21,-0.0606236918781551,0.0018785562976850745,0.06250224817584017,0.8137566137566138,-0.001281029146169378,-0.00048643311069447766,-0.009780774150280336
2023-04-24,-0.0633267862211443,-0.009435654670169713,0.05389113155097458,0.8275132275132275,0.006322776715130401,-0.002830696401050914,0.0018785562976850745
2023-04-25,-0.04620005236538692,-6.125016115976489e-05,0.046138802204227156,0.725925925925926,3.933618514754242e-05,-1.8375048347929467e-05,-0.009435654670169713
2023-04-26,-0.06704467076936867,0.028395064295812622,0.09543973506518129,0.8407407407407408,-0.018701710446469386,0.008518519288743786,-6.125016115976489e-05
2023-04-27,-0.05247308877416455,0.007541474386461244,0.0600145631606258,0.7687830687830688,-0.00498463578127352,0.002262442315938373,0.028395064295812622
2023-04-28,-0.0871991670363425,-0.0005304090709256082,0.0866687579654169,0.9153439153439153,0.0003371107408998362,-0.00015912272127768245,0.007541474386461244
2023-05-01,-0.08821527461919966,-0.006191481074820926,0.08202379354437873,0.9164021164021164,0.004165117709694841,-0.0018574443224462778,-0.0005304090709256082
2023-05-02,0.019119356793324487,-0.006467202549370832,-0.02558655934269532,0.38677248677248677,-0.0010094715899654201,-0.0075172025493708316,-0.006191481074820926
2023-05-03,0.052022705368917954,-0.009913478353595462,-0.061936183722513416,0.7645502645502645,-0.008029562675428734,-0.015620217530393193,-0.006467202549370832
2023-05-04,0.04153586368321284,0.04692683212860893,0.005390968445396091,0.6788359788359788,0.030903405893552546,0.0703902481929134,-0.009913478353595462
2023-05-05,-0.04323004784233407,-0.00040329467311239764,0.042826753169221674,0.6962962962962963,-0.0017251876219292,-0.0019209884019337192,0.04692683212860893
2023-05-08,-0.042979966746416506,-0.009971161094502579,0.03300880565191393,0.6931216931216931,0.006720714688260332,-0.0029913483283507737,-0.00040329467311239764
2023-05-09,-0.03933447715483712,0.010420799964673044,0.049755277119510166,0.6592592592592592,-0.007136894076570897,0.003126239989401913,-0.009971161094502579
2023-05-10,-0.07072478625234337,0.0010947201381947824,0.07181950639053815,0.8576719576719577,-0.0007546056520336039,0.0003284160414584347,0.010420799964673044
2023-05-11,-0.05005136289529548,-0.005417366934799883,0.044633995960495595,0.7481481481481481,0.0037043639344127594,-0.001625210080439965,0.0010947201381947824
2023-05-12,-0.02584510763188054,-0.002897666369924945,0.022947441261955595,0.5026455026455027,-0.0010264091504353084,-0.003947666369924945,-0.005417366934799883
2023-05-15,-0.016330359449715517,0.0,0.016330359449715517,0.33386243386243386,0.0,0.0,-0.002897666369924945
2023-05-16,-0.044161496906090114,0.0036033217867244005,0.047764818692814515,0.7058201058201058,-0.0035575937672677055,3.099653601732009e-05,0.0
2023-05-17,-0.018362024910871716,0.013666180089259683,0.0320282050001314,0.36984126984126986,-0.0010456700309949992,0.012616180089259682,0.0036033217867244005
2023-05-18,-0.016806635515905236,0.0006283173766623573,0.017434952892567593,0.3423280423280423,0.0,0.0006283173766623573,0.013666180089259683
2023-05-19,0.02331954309980565,-0.005480800034595279,-0.02880034313440093,0.4507936507936508,-0.0,-0.005480800034595279,0.0006283173766623573
2023-05-22,0.023007008670533007,-0.015154797177756474,-0.03816180584828948,0.4455026455026455,-0.0,-0.015154797177756474,-0.005480800034595279
2023-05-23,0.027273789059980607,0.0016320769023319137,-0.025641712157648693,0.5216931216931217,0.0,0.0016320769023319137,-0.015154797177756474
2023-05-24,0.03194271603646126,0.00669218968064933,-0.02525052635581193,0.580952380952381,0.0037880106902758144,0.00669218968064933,0.0016320769023319137
2023-05-25,0.06867735925889451,0.014104830879108299,-0.05457252837978621,0.8486772486772487,0.01023678656288937,0.020407246318662448,0.00669218968064933
2023-05-26,0.028662594559385905,0.010659669192585763,-0.018002925366800142,0.5407407407407407,-0.001089194018417554,0.009909669192585763,0.014104830879108299
2023-05-30,-0.00353878731891464,-0.00028214089136124887,0.0032566464275533913,0.06349206349206349,-0.0,-0.00028214089136124887,0.010659669192585763
2023-05-31,0.003972011828912214,0.016022555314916254,0.01205054348600404,0.07195767195767196,0.0,0.016022555314916254,-0.00028214089136124887
2023-06-01,-0.05349854429530371,0.004775393910126047,0.058273938205429754,0.7751322751322751,-0.004822641450701085,0.00038261817303781405,0.016022555314916254
2023-06-02,-0.07875926695713818,-0.007571016239972028,0.07118825071716615,0.8873015873015873,0.005854121248737438,-0.0022713048719916083,0.004775393910126047
2023-06-05,0.026566530461374766,-0.0020603534201221185,-0.028626883881496885,0.5126984126984127,-0.001161594064827387,-0.0031103534201221182,-0.007571016239972028
2023-06-06,-0.019173179693591478,-0.007756315791834445,0.011416863901757033,0.3873015873015873,-0.0,-0.007756315791834445,-0.0020603534201221185
2023-06-07,-0.00894935515877526,0.015465068718522046,0.024414423877297305,0.1873015873015873,0.0,0.015465068718522046,-0.007756315791834445
2023-06-08,-0.0007957335725111018,0.002159750110029224,0.0029554836825403255,0.013756613756613757,0.0,0.002159750110029224,0.015465068718522046
2023-06-09,-0.019543287690008654,0.015638794762676822,0.035182082452685476,0.39470899470899473,0.0,0.015638794762676822,0.002159750110029224
2023-06-12,-0.023990828665909604,-0.002611764547558848,0.021379064118350756,0.4777777777777778,-0.0,-0.002611764547558848,0.015638794762676822
2023-06-13,-0.04574687847184017,0.0034914997417825333,0.0492383782136227,0.7222222222222222,-0.0040133375892452815,-2.5500774652399867e-06,-0.002611764547558848
2023-06-14,-0.05498315767868389,0.011198582544282187,0.06618174022296608,0.7857142857142857,-0.009112892585457355,0.003359574763284656,0.0034914997417825333
2023-06-15,-0.06203014874524583,-0.005859689567510262,0.05617045917773557,0.8238095238095238,0.004759144610441065,-0.0017579068702530786,0.011198582544282187
2023-06-16,-0.028009189028174997,0.00048644162061051155,0.02849563064878551,0.5296296296296297,-0.0012184047038936415,-0.0005635583793894884,-0.005859689567510262
2023-06-20,-0.040839031181872903,-0.0056752059624674,0.0351638252194055,0.6730158730158731,0.0034279751759905943,-0.00275256178874022,0.00048644162061051155
2023-06-21,-0.023874834842362632,0.01652516016852723,0.040399995010889866,0.4756613756613757,-0.0012315470925767628,0.01547516016852723,-0.0056752059624674
2023-06-22,-0.025527010905934695,-0.0017110950115285517,0.023815915894406143,0.49947089947089945,-0.0,-0.0017110950115285517,0.01652516016852723
2023-06-23,-0.025186843319946788,-0.00755293476036778,0.01763390855957901,0.4936507936507937,-0.0,-0.00755293476036778,-0.0017110950115285517
2023-06-26,-0.0076334355987697725,0.015059046199497939,0.02269248179826771,0.15925925925925927,0.0,0.015059046199497939,-0.00755293476036778
2023-06-27,-0.04060018513259893,0.006327645255992387,0.046927830388591316,0.6703703703703704,-0.006417164130927833,0.0008482935767977161,0.015059046199497939
2023-06-28,-0.05352529327161605,0.0017965308347553943,0.055321824106371445,0.7756613756613756,-0.001520981006520945,0.0005389592504266182,0.006327645255992387
2023-06-29,-0.05190463340139147,0.02310265467474437,0.07500728807613584,0.7624338624338625,-0.018880816679921305,0.006930796402423311,0.0017965308347553943
2023-06-30,-0.06196717840408446,-0.007784778551174765,0.05418239985290969,0.8232804232804233,0.0063703413522175085,-0.0023354335653524294,0.02310265467474437
2023-07-03,-0.049765698724301685,-0.005871179901780765,0.04389451882252092,0.746031746031746,0.004792543993860541,-0.0017613539705342296,-0.007784778551174765
2023-07-05,-0.03588362632928689,0.002508596359985793,0.038392222689272684,0.6238095238095238,-0.0020552828162203308,0.001458596359985793,-0.005871179901780765
2023-07-06,-0.05074282350388104,-0.005891317680642105,0.044851505823238935,0.7513227513227513,0.004847467234595727,-0.0028173953041926315,0.002508596359985793
2023-07-07,-0.010906732115728164,-0.010855866117443158,5.086599828500564e-05,0.2328042328042328,-0.0012365043120608765,-0.011905866117443159,-0.005891317680642105
2023-07-10,0.02572333815742213,-0.0028100784168093584,-0.028533416574231488,0.5010582010582011,-0.0,-0.0028100784168093584,-0.010855866117443158
2023-07-11,0.01804032248450836,0.008985602373410284,-0.009054720111098077,0.364021164021164,0.0,0.008985602373410284,-0.0028100784168093584
2023-07-12,0.018237963402403266,0.004057469935744296,-0.01418049346665897,0.36772486772486773,0.0,0.004057469935744296,0.008985602373410284
2023-07-13,0.007239637195421989,0.0007873643317708456,-0.006452272863651143,0.14656084656084656,0.0,0.0007873643317708456,0.004057469935744296
2023-07-14,0.0065261140512219516,0.017305549984524715,0.010779435933302764,0.12751322751322752,0.0,0.017305549984524715,0.0007873643317708456
2023-07-17,-0.029637428429895838,-0.00134033377498477,0.028297094654911068,0.5529100529100529,-0.00014089619452825738,-0.00134033377498477,0.017305549984524715
2023-07-18,-0.007568301178486857,0.007071810402134782,0.014640111580621638,0.15767195767195769,-0.00132366310891503,0.007071810402134782,-0.00134033377498477
2023-07-19,0.03407885675819911,-0.010097442191016381,-0.044176298949215494,0.6052910052910053,-0.01013933783827083,-0.010097442191016381,0.007071810402134782
2023-07-20,-0.004281878623662059,-0.006161533856059331,-0.0018796552323972725,0.07830687830687831,-0.0013114104392076605,-0.006161533856059331,-0.010097442191016381
2023-07-21,0.03344966303626162,0.004220029459184982,-0.02922963357707664,0.5984126984126984,0.002401507470917599,0.004220029459184982,-0.006161533856059331
2023-07-24,0.007191505709535926,0.004513710472753063,-0.0026777952367828626,0.14285714285714285,-0.0013243463941952176,0.004513710472753063,0.004220029459184982
2023-07-25,-0.002788954901570817,0.004544924703676845,0.007333879605247662,0.04973544973544974,0.0,0.004544924703676845,0.004513710472753063
2023-07-26,0.013754191608513598,-0.006581012749375836,-0.020335204357889436,0.2920634920634921,-0.0,-0.006581012749375836,0.004544924703676845
2023-07-27,0.030684020810749,0.013507953203470535,-0.017176067607278463,0.5624338624338624,0.011087023932573,0.013507953203470535,-0.006581012749375836
2023-07-28,-0.034863414135564166,0.0031658941645986705,0.03802930830016284,0.6121693121693121,-0.0057015080213039995,0.0031658941645986705,0.013507953203470535
2023-07-31,-0.03162428357975919,-0.004275884112752371,0.027348399467006818,0.5751322751322752,0.003941027386524766,-0.004275884112752371,0.0031658941645986705
2023-08-01,-0.0063108549645643705,-0.015489915765166562,-0.009179060800602191,0.1201058201058201,-0.0013838709794145273,-0.015489915765166562,-0.004275884112752371
2023-08-02,-0.015244788517237137,-0.0073216180380933915,0.007923170479143746,0.31746031746031744,-0.0,-0.0073216180380933915,-0.015489915765166562
2023-08-03,-0.042442029730526486,-0.04802020589179479,-0.0055781761612683015,0.6867724867724868,0.03625585497546887,-0.015456061767538436,-0.0073216180380933915
2023-08-04,-0.017608026230238848,-0.01725361231899969,0.0003544139112391584,0.35714285714285715,-0.0011690357215894329,-0.018303612318999688,-0.04802020589179479
2023-08-07,-0.045172008914298685,0.005311626085862997,0.05048363500016168,0.7148148148148148,-0.00590447596844988,0.0005434878257588992,-0.01725361231899969
2023-08-08,-0.090209871768197,-0.008954387989719703,0.0812554837784773,0.9227513227513228,0.007770913791517476,-0.002686316396915911,0.005311626085862997
2023-08-09,-0.048812290892014006,-0.0012344908948271893,0.047577799997186816,0.7412698412698413,0.0010700979256902257,-0.0003703472684481568,-0.008954387989719703
2023-08-10,-0.06696738048161374,0.0003375376722356549,0.0673049181538494,0.8396825396825397,-0.00029492352390182003,0.00010126130167069647,-0.0012344908948271893
2023-08-11,-0.06708558213902474,0.009392902031185146,0.07647848417020989,0.8412698412698413,-0.008186435641117743,0.002817870609355544,0.0003375376722356549
2023-08-14,-0.06467536145788128,-0.011200144517993782,0.05347521693988749,0.8322751322751323,0.009661567903522057,-0.0033600433553981346,0.009392902031185146
2023-08-15,-0.04789283175265326,-0.004959002666457879,0.042933829086195384,0.7338624338624339,0.00427158972313086,-0.0014877007999373637,-0.011200144517993782
2023-08-16,-0.053725692081432457,-0.014555090347246225,0.03917060173418623,0.7772486772486773,0.012352837197630258,-0.004366527104173867,-0.004959002666457879
2023-08-17,-0.04048097881095405,0.002816122405016941,0.04329710121597099,0.6687830687830688,-0.00243644667527666,0.0008448367215050822,-0.014555090347246225
2023-08-18,-0.07569843479878077,0.007736501201061952,0.08343493599984272,0.8746031746031746,-0.006631719876576307,0.0023209503603185853,0.002816122405016941
2023-08-21,-0.06123316648768932,0.007905019315459727,0.06913818580314904,0.819047619047619,-0.006761733485806788,0.002371505794637918,0.007736501201061952
2023-08-22,-0.06789903643350559,0.02194871450025393,0.08984775093375952,0.8455026455026455,-0.01853751370606507,0.006584614350076179,0.007905019315459727
2023-08-23,-0.05427388097286028,-0.02617031038632489,0.02810357058653539,0.782010582010582,0.02106815374188943,-0.007851093115897467,0.02194871450025393
2023-08-24,0.0066192010325561434,0.01264321347489128,0.006024012442335136,0.13015873015873017,-0.001210713112777931,0.011593213474891279,-0.02617031038632489
2023-08-25,-0.08035782053935805,0.008846053585060076,0.08920387412441813,0.8947089947089947,-0.008353848693944762,0.0016038160755180227,0.01264321347489128
2023-08-28,-0.06397672385624731,0.02181031257424193,0.08578703643048924,0.8296296296296296,-0.01728394575279036,0.006543093772272579,0.008846053585060076
2023-08-29,-0.08119478324812651,0.019172258037252865,0.10036704128537938,0.8968253968253969,-0.01491477417245355,0.005751677411175859,0.02181031257424193
2023-08-30,-0.033298433524705476,0.0011724032514341953,0.03447083677613967,0.5962962962962963,-0.0009371390612779725,0.0001224032514341954,0.019172258037252865
2023-08-31,0.035912919117772335,0.008463366784103865,-0.02744955233366847,0.6243386243386243,0.004284824029232628,0.008463366784103865,0.0011724032514341953
2023-09-01,0.08033417039656957,0.001266640597799018,-0.07906752979877055,0.8936507936507937,0.000993326198852904,0.001149960896698527,0.008463366784103865
2023-09-05,0.09154272648025244,-0.03579329901630579,-0.12733602549655823,0.9253968253968254,-0.02639592328302557,-0.053689948524458686,0.001266640597799018
2023-09-06,0.026147955881033965,-0.029249433591158613,-0.05539738947219258,0.5084656084656085,-0.001102869096907619,-0.029999433591158614,-0.03579329901630579
2023-09-07,-0.047612946938778246,0.0034917219298760127,0.05110466886865426,0.7312169312169312,-0.0035705463863277736,-2.483421037196166e-06,-0.029249433591158613
2023-09-08,-0.052299812359377744,0.006622719100157992,0.058922531459535736,0.7666666666666667,-0.004730466659876651,0.0019868157300473974,0.0034917219298760127
2023-09-11,-0.06986462423828724,-0.01706073353631643,0.05280389070197081,0.852910052910053,0.012164361770451873,-0.005118220060894929,0.006622719100157992
2023-09-12,-0.033261375053135346,-0.011854653136554982,0.021406721916580364,0.5952380952380952,0.0084003622467268,-0.012904653136554983,-0.01706073353631643
2023-09-13,-0.09145737543679727,0.008782452463606871,0.10023982790040414,0.9238095238095239,-0.006210991283410269,0.0015847357390820613,-0.011854653136554982
2023-09-14,-0.10523360701309423,-0.00415394290331339,0.10107966410978084,0.9497354497354498,0.0029472199056216593,-0.001246182870994017,0.008782452463606871
2023-09-15,-0.05907466109363057,0.01691345593628424,0.07598811702991481,0.8074074074074075,-0.011887055782891759,0.005074036780885271,-0.00415394290331339
2023-09-18,-0.06417102575820113,0.006180597095712725,0.07035162285391386,0.8306878306878307,-0.00433260567999441,0.0018541791287138175,0.01691345593628424
2023-09-19,-0.0604852422718841,-0.019992175584167327,0.040493066687716774,0.8126984126984127,0.01377795010650282,-0.005997652675250198,0.006180597095712725
2023-09-20,-0.0654739723194368,-0.008889407317425269,0.05658456500201153,0.8359788359788359,0.006186080465490394,-0.0026668221952275803,-0.019992175584167327
2023-09-21,-0.08708212520639624,0.004944510938714286,0.09202663614511053,0.9148148148148149,-0.0034431578241491236,0.0014833532816142857,-0.008889407317425269
2023-09-22,-0.08646647668335927,0.007380362880721858,0.09384683956408113,0.9116402116402117,-0.005133140904274444,0.0022141088642165575,0.004944510938714286
2023-09-25,-0.08385138856944152,-0.023398404300368547,0.060452984269072974,0.9031746031746032,0.016089263282094538,-0.007019521290110564,0.007380362880721858
2023-09-26,-0.03780694500699284,-0.008897546338432094,0.028909398668560744,0.6455026455026455,0.006123239832514355,-0.009947546338432095,-0.023398404300368547
2023-09-27,-0.06307002563069439,0.0015256456661445483,0.06459567129683894,0.8253968253968254,-0.0010501277890604041,-0.0005923063001566355,-0.008897546338432094
2023-09-28,-0.09807284775531142,0.003046552791826196,0.10111940054713761,0.937037037037037,-0.0021793973575069785,0.0009139658375478587,0.0015256456661445483
2023-09-29,-0.07767834710212929,0.014835474576130547,0.09251382167825983,0.8825396825396825,-0.010381541391811827,0.004450642372839164,0.003046552791826196
2023-10-02,-0.1174344651777374,-0.007769985471315133,0.10966447970642226,0.9645502645502646,0.005425713245282017,-0.0023309956413945397,0.014835474576130547
2023-10-03,-0.06525916929851266,0.007308871034539921,0.07256804033305259,0.834920634920635,-0.005093639329757361,0.0021926613103619764,-0.007769985471315133
2023-10-04,-0.06770133164032952,0.007197967988150644,0.07489929962848016,0.843915343915344,-0.005004429565050878,0.0021593903964451933,0.007308871034539921
2023-10-05,-0.03196463903466962,0.014750420075060111,0.04671505910972973,0.582010582010582,-0.01018929485345472,0.01370042007506011,0.007197967988150644
2023-10-06,-0.061027472202509585,0.008451157242754359,0.06947862944526395,0.816931216931217,-0.005817357851784016,0.0014853471728263079,0.014750420075060111
2023-10-09,-0.032359330953018885,-0.0033522197383617502,0.029007111214657134,0.5873015873015873,0.0023109297739887865,-0.00440221973836175,0.008451157242754359
2023-10-10,0.045964233398067086,0.007904001024616747,-0.03806023237345034,0.7238095238095238,0.003376472355664893,0.01110600153692512,-0.0033522197383617502
2023-10-11,0.06783758212708144,0.005061271800375744,-0.06277631032670569,0.8449735449735449,0.0034810507807720745,0.007591907700563616,0.007904001024616747
2023-10-12,0.07345958173919134,-0.010292655202457812,-0.08375223694164916,0.8677248677248677,-0.0071687925813402435,-0.015438982803686718,0.005061271800375744
2023-10-13,0.06699025328208957,-0.000727125895927605,-0.06771737917801718,0.8402116402116402,-0.0005056637586233901,-0.0010906888438914075,-0.010292655202457812
2023-10-16,0.03417964671587153,-0.008784637358052683,-0.04296428407392421,0.6058201058201058,-0.006113309301260245,-0.009534637358052683,-0.000727125895927605
2023-10-17,0.035448063653999495,-0.007394893481743603,-0.0428429571357431,0.6195767195767196,-0.00515642508912836,-0.007394893481743603,-0.008784637358052683
2023-10-18,0.03591567404096967,-0.0021609505162173415,-0.03807662455718701,0.6248677248677249,-0.0015088184774297785,-0.0021609505162173415,-0.007394893481743603
2023-10-19,0.026890793671144872,-0.014704096801757993,-0.041594890472902865,0.5169312169312169,-0.0010466104686071827,-0.014704096801757993,-0.0021609505162173415
2023-10-20,0.018076989894099386,0.000694103318613859,-0.017382886575485527,0.3656084656084656,0.0,0.000694103318613859,-0.014704096801757993
2023-10-23,-0.01709839774325559,0.0025431909675850406,0.01964158871084063,0.3470899470899471,0.0,0.0025431909675850406,0.000694103318613859
2023-10-24,-0.014973113922778773,-0.013491538059905106,0.0014815758628736672,0.31164021164021166,-0.0,-0.013491538059905106,0.0025431909675850406
2023-10-25,0.005268694516544263,-0.02460553780014252,-0.02987423231668678,0.09682539682539683,-0.0,-0.02460553780014252,-0.013491538059905106
2023-10-26,0.015164474838851158,0.007969210239536118,-0.00719526459931504,0.3148148148148148,0.0,0.007969210239536118,-0.02460553780014252
2023-10-27,-0.03889724074112832,0.012305310230317001,0.05120255097144532,0.653968253968254,-0.00933029620740989,0.0026415930690951005,0.007969210239536118
2023-10-30,-0.05815229852467727,0.002818822525595621,0.06097112105027289,0.801058201058201,-0.0019247010449805783,0.0008456467576786863,0.012305310230317001
2023-10-31,0.013381852531347743,0.01873875479899967,0.005356902267651925,0.2857142857142857,-0.001020581498723349,0.01768875479899967,0.002818822525595621
2023-11-01,-0.01654580908682248,0.02069325423178947,0.03723906331861195,0.3386243386243386,0.0,0.02069325423178947,0.01873875479899967
2023-11-02,-0.0012836301801594507,-0.005181255257043604,-0.0038976250768841536,0.023809523809523808,-0.0,-0.005181255257043604,0.02069325423178947
2023-11-03,0.02683686105475228,0.014605305611514963,-0.012231555443237316,0.5153439153439153,0.0,0.014605305611514963,-0.005181255257043604
2023-11-06,0.014533189760926133,0.014450789382972618,-8.240037795351554e-05,0.30264550264550266,0.0,0.014450789382972618,0.014605305611514963
2023-11-07,0.019183883912234228,0.005884751786146891,-0.013299132126087337,0.3878306878306878,0.0,0.005884751786146891,0.014450789382972618
2023-11-08,0.0304383986308042,-0.002624453914042313,-0.03306285254484651,0.5608465608465608,-0.0029739959665864234,-0.002624453914042313,0.005884751786146891
2023-11-09,-0.01658059564459842,0.02321998140817194,0.03980057705277036,0.33915343915343915,-0.0010815962653120022,0.02321998140817194,-0.002624453914042313
2023-11-10,0.030956978800907076,-0.008583650874129933,-0.039540629675037006,0.5666666666666667,-0.0071450011441766895,-0.008583650874129933,0.02321998140817194
2023-11-13,-0.009824501360863783,0.014285701175761334,0.024110202536625117,0.2052910052910053,-0.0010628592610005246,0.014285701175761334,-0.008583650874129933
2023-11-14,0.0410919574599406,0.0030408544595403875,-0.03805110300040021,0.6761904761904762,0.0010968006778045907,0.0038112816893105814,0.014285701175761334
2023-11-15,0.0028061933431772247,0.009042179425435615,0.00623598608225839,0.050793650793650794,-0.0010677199306660175,0.008292179425435614,0.0030408544595403875
2023-11-16,0.03471801034429681,-0.00010540427292826671,-0.034823414617225074,0.6111111111111112,-0.0011417937797908735,-0.00010540427292826671,0.009042179425435615
2023-11-17,-0.0008092555062674429,0.009278260608774236,0.010087516115041679,0.014285714285714285,-0.001066828274078499,0.009278260608774236,-0.00010540427292826671
2023-11-20,0.03435635912982476,-0.004230840344200848,-0.038587199474025606,0.6074074074074074,-0.004149506624396877,-0.004230840344200848,0.009278260608774236
2023-11-21,0.010170686853857455,0.0035145049956628593,-0.006656181858194596,0.21375661375661376,-0.001086098994695214,0.0035145049956628593,-0.004230840344200848
2023-11-22,0.023729396172152646,-0.007004312429001902,-0.030733708601154548,0.4576719576719577,-0.0,-0.007004312429001902,0.0035145049956628593
2023-11-24,0.026058507996129673,-0.0009476646765194108,-0.027006172672649084,0.5063492063492063,-0.0,-0.0009476646765194108,-0.007004312429001902
2023-11-27,0.027355956403456713,0.0032141659528950317,-0.02414179045056168,0.5232804232804232,0.0,0.0032141659528950317,-0.0009476646765194108
2023-11-28,0.03195856008981191,-0.005409660220900059,-0.03736822031071197,0.5814814814814815,-0.0054359345950253084,-0.005409660220900059,0.0032141659528950317
2023-11-29,-0.012167475031792087,0.0030627004862266993,0.015230175518018786,0.2624338624338624,-0.0011800727723013603,0.0030627004862266993,-0.005409660220900059
2023-11-30,0.0014564638375399314,0.006791325401341197,0.005334861563801266,0.027513227513227514,0.0,0.006791325401341197,0.0030627004862266993
2023-12-01,-0.001455900713211139,-0.009464664631287811,-0.008008763918076672,0.026984126984126985,-0.0,-0.009464664631287811,0.006791325401341197
2023-12-04,0.0029324784950428007,0.021063265976991374,0.018130787481948574,0.054497354497354496,0.0,0.021063265976991374,-0.009464664631287811
2023-12-05,-0.01463802181674101,-0.005686915025950978,0.008951106790790031,0.3037037037037037,-0.0,-0.005686915025950978,0.021063265976991374
2023-12-06,0.009907189290002356,0.01013932970646203,0.0002321404164596745,0.20793650793650795,0.0,0.01013932970646203,-0.005686915025950978
2023-12-07,0.04085756864746857,0.007412320684668794,-0.033445247962799775,0.6735449735449736,0.005140091577145773,0.01036848102700319,0.01013932970646203
2023-12-08,0.0252605198661534,-0.012927343542842973,-0.038187863408996374,0.4947089947089947,-0.0013040796967782506,-0.013677343542842973,0.007412320684668794
2023-12-11,-0.004067354935657366,0.00792014350112491,0.011987498436782276,0.07354497354497354,0.0,0.00792014350112491,-0.012927343542842973
2023-12-12,0.02049654675646336,0.01669148194565717,-0.00380506481080619,0.4111111111111111,0.0,0.01669148194565717,0.00792014350112491
2023-12-13,0.03700885501307018,0.0007577033170569347,-0.03625115169601324,0.638095238095238,-0.0006518716902184866,0.0007577033170569347,0.01669148194565717
2023-12-14,0.002322629839200896,-0.002725791209809758,-0.005048421049010654,0.043915343915343914,-0.001317273211367332,-0.002725791209809758,0.0007577033170569347
2023-12-15,0.015541664600126372,-0.008503357167454761,-0.024045021767581134,0.32222222222222224,-0.0,-0.008503357167454761,-0.002725791209809758
2023-12-18,-0.030861909149190063,0.00536020724938413,0.03622211639857419,0.5650793650793651,-0.006283737236081012,0.00536020724938413,-0.008503357167454761
2023-12-19,0.02903904664002152,-0.010713985438186024,-0.039753032078207545,0.546031746031746,-0.001373953513571721,-0.010713985438186024,0.00536020724938413
2023-12-20,-0.04866375806702192,-0.0007699552539675025,0.047893802813054415,0.7396825396825397,-0.0006666936145414561,-0.0012809865761902507,-0.010713985438186024
2023-12-21,-0.040327696108739486,-0.0055475535360971495,0.034780142572642336,0.6677248677248677,0.005056563905066125,-0.0016642660608291449,-0.0007699552539675025
2023-12-22,-0.04368057998632734,-0.0028408138458239085,0.040839766140503435,0.7005291005291006,0.0026507292461875145,-0.0008522441537471725,-0.0055475535360971495
2023-12-26,-0.040560190120234464,0.0005179032401814165,0.04107809336041588,0.6698412698412698,-0.000514373991132185,0.00015537097205442496,-0.0028408138458239085
2023-12-27,-0.031557175383063046,0.0022263500000681002,0.03378352538313115,0.573015873015873,-0.0021510971794276848,0.0011763500000681003,0.0005179032401814165
2023-12-28,-0.08022009698691333,-0.005424090960026273,0.07479600602688706,0.8925925925925926,0.005210406231304464,-0.0026772272880078818,0.0022263500000681002
2023-12-29,-0.07540730651329418,-0.03578659561771558,0.0396207108955786,0.8740740740740741,0.03125254120026748,-0.010735978685314673,-0.005424090960026273
2024-01-02,-0.03986586034214561,-0.007487657187732366,0.03237820315441325,0.6619047619047619,0.006567459220267261,-0.0022462971563197097,-0.03578659561771558
2024-01-03,-0.052408228868020254,-0.01270017706679949,0.039708051801220764,0.7682539682539683,0.011014907640466368,-0.003810053120039847,-0.007487657187732366
2024-01-04,-0.08165779511836055,-0.004013025084415478,0.07764477003394507,0.8978835978835978,0.003487579628268992,-0.0012039075253246433,-0.01270017706679949
2024-01-05,-0.0721561828928211,0.024174995866565574,0.09633117875938667,0.8629629629629629,-0.020560785672350097,0.007252498759969672,-0.004013025084415478
2024-01-08,-0.027513407049783452,-0.002263409070270006,0.025249997979513446,0.5243386243386243,-0.0012738619983099493,-0.0033134090702700058,0.024174995866565574
2024-01-09,0.0006221409338275398,0.005671192734198138,0.0050490518003705985,0.012698412698412698,0.0,0.005671192734198138,-0.002263409070270006
2024-01-10,-0.0015071020794780836,-0.0032224066730878187,-0.0017153045936097351,0.0291005291005291,-0.0,-0.0032224066730878187,0.005671192734198138
2024-01-11,0.008111228148936715,0.0017780698953262508,-0.006333158253610464,0.17195767195767195,0.0,0.0017780698953262508,-0.0032224066730878187
2024-01-12,-0.0014217982948020388,-0.01231717656330733,-0.010895378268505292,0.026455026455026454,-0.0,-0.01231717656330733,0.0017780698953262508
2024-01-16,-0.005480709791177662,-0.005173357168602455,0.000307352622575207,0.10158730158730159,-0.0,-0.005173357168602455,-0.01231717656330733
2024-01-17,0.017487295464665962,0.032570702242708194,0.015083406778042232,0.3523809523809524,0.0,0.032570702242708194,-0.005173357168602455
2024-01-18,0.023757844359789688,0.015532955824762329,-0.008224888535027359,0.4587301587301587,0.0,0.015532955824762329,0.032570702242708194
2024-01-19,0.03430264042028326,0.012163300777730424,-0.022139339642552838,0.6063492063492063,0.008455929823386405,0.012163300777730424,0.015532955824762329
2024-01-22,0.01900423391769833,0.0066531606548534405,-0.012351073262844889,0.3825396825396825,-0.0011894904776173112,0.0066531606548534405,0.012163300777730424
2024-01-23,0.0018583422645201408,-0.003483862579492736,-0.005342204844012877,0.03492063492063492,-0.0,-0.003483862579492736,0.0066531606548534405
2024-01-24,-0.0027835011269586006,-0.0016966961944383518,0.0010868049325202488,0.049206349206349205,-0.0,-0.0016966961944383518,-0.003483862579492736
2024-01-25,-0.00943814482923385,-0.009012577049804182,0.00042556777942966834,0.19576719576719576,-0.0,-0.009012577049804182,-0.0016966961944383518
2024-01-26,-0.02348030352652041,-0.003586073372646048,0.019894230153874363,0.45396825396825397,-0.0,-0.003586073372646048,-0.009012577049804182
2024-01-29,-0.002811077985711622,-0.019245699489989776,-0.016434621504278154,0.051322751322751325,-0.0,-0.019245699489989776,-0.003586073372646048
2024-01-30,-0.05028015149608246,-0.01935771892116589,0.030922432574916572,0.7497354497354497,0.014379238515330467,-0.006857315676349766,-0.019245699489989776
2024-01-31,-0.05908485747813523,0.013340735423894357,0.07242559290202959,0.807936507936508,-0.010665000255063974,0.004002220627168307,-0.01935771892116589
2024-02-01,0.012247617991365568,-0.005405214523783064,-0.017652832515148632,0.2650793650793651,-0.0011980484545372476,-0.006455214523783064,0.013340735423894357
2024-02-02,0.040174198998154165,0.009846751075685667,-0.030327447922468498,0.6671957671957672,0.006895302663501289,0.0140201266135285,-0.005405214523783064
2024-02-05,-0.026035883966349555,0.008631570559752166,0.03466745452610172,0.5058201058201058,-0.0012391592730471217,0.007881570559752166,0.009846751075685667
2024-02-06,-0.01572149082971656,0.000581101298946507,0.016302592128663067,0.3253968253968254,0.0,0.000581101298946507,0.008631570559752166
2024-02-07,-0.02447983641788966,-0.00575464906115275,0.01872518735673691,0.48677248677248675,-0.0,-0.00575464906115275,0.000581101298946507
2024-02-08,-0.023565805918198526,0.00409403442335643,0.027659840341554956,0.45555555555555555,0.0,0.00409403442335643,-0.00575464906115275
2024-02-09,0.002162947382780776,-0.0090020639462971,-0.011165011329077877,0.03968253968253968,-0.0,-0.0090020639462971,0.00409403442335643
2024-02-12,0.002481147655819035,-0.011274311579014928,-0.013755459234833962,0.04497354497354497,-0.0,-0.011274311579014928,-0.0090020639462971
2024-02-13,0.011516357512670194,-0.004809854234838706,-0.016326211747508902,0.24656084656084656,-0.0,-0.004809854234838706,-0.011274311579014928
2024-02-14,0.019114461410370345,-0.0015746332865366197,-0.020689094696906964,0.3862433862433862,-0.0,-0.0015746332865366197,-0.004809854234838706
2024-02-15,0.0028317299810608947,-0.00843035520801072,-0.011262085189071614,0.05185185185185185,-0.0,-0.00843035520801072,-0.0015746332865366197
2024-02-16,-0.0009870629164982284,-0.0041138120894624874,-0.003126749172964259,0.01746031746031746,-0.0,-0.0041138120894624874,-0.00843035520801072
2024-02-20,-0.018720974570373923,0.0041858455374910175,0.02290682010786494,0.3761904761904762,0.0,0.0041858455374910175,-0.0041138120894624874
2024-02-21,-0.020648866506827686,0.011244039868380185,0.03189290637520787,0.41375661375661377,0.0,0.011244039868380185,0.0041858455374910175
2024-02-22,0.0028473473765061935,-0.010034241141148703,-0.012881588517654897,0.05291005291005291,-0.0,-0.010034241141148703,0.011244039868380185
2024-02-23,0.006533103827327295,-0.0074511435241046975,-0.013984247351431993,0.12857142857142856,-0.0,-0.0074511435241046975,-0.010034241141148703
2024-02-26,-0.006896645196430467,0.008114282635045988,0.015010927831476456,0.13544973544973546,0.0,0.008114282635045988,-0.0074511435241046975
2024-02-27,0.00020821157058803497,-0.006625385352454605,-0.00683359692304264,0.004232804232804233,-0.0,-0.006625385352454605,0.008114282635045988
2024-02-28,0.0253612488667009,-0.0036929933615745814,-0.029054242228275483,0.49523809523809526,-0.0,-0.0036929933615745814,-0.006625385352454605
2024-02-29,0.019420813617377124,-0.006030429004668325,-0.02545124262204545,0.39206349206349206,-0.0,-0.006030429004668325,-0.0036929933615745814
2024-03-01,-0.008273523005151618,-0.025381448936022455,-0.017107925930870835,0.17671957671957672,-0.0,-0.025381448936022455,-0.006030429004668325
2024-03-04,-0.01865467799507979,-0.028440908386219044,-0.009786230391139253,0.37566137566137564,-0.0,-0.028440908386219044,-0.025381448936022455
2024-03-05,-0.02083650502942785,-0.005878118643612207,0.014958386385815644,0.4164021164021164,-0.0,-0.005878118643612207,-0.028440908386219044
2024-03-06,-0.020568326170096834,-0.0007096105800260544,0.01985871559007078,0.4121693121693122,-0.0,-0.0007096105800260544,-0.005878118643612207
2024-03-07,-0.006794116788409967,0.010236618273375964,0.01703073506178593,0.13333333333333333,0.0,0.010236618273375964,-0.0007096105800260544
2024-03-08,0.04526750860572798,0.011831567483152394,-0.033435941122575585,0.7158730158730159,0.008446389526345573,0.01699735122472859,0.010236618273375964
2024-03-11,-0.0033986043978706127,0.0027786200809716277,0.00617722447884224,0.059788359788359786,-0.0012262983627778217,0.002028620080971628,0.011831567483152394
2024-03-12,-0.006386322710534822,-0.01212257826646701,-0.005736255555932188,0.12328042328042328,-0.0,-0.01212257826646701,0.0027786200809716277
2024-03-13,-0.01510467046646636,0.01092745132547801,0.02603212179194437,0.3126984126984127,0.0,0.01092745132547801,-0.01212257826646701
2024-03-14,-0.004012312845728207,-0.0021965246510250447,0.001815788194703162,0.07301587301587302,-0.0,-0.0021965246510250447,0.01092745132547801
2024-03-15,-0.025942965322596347,0.006372249894454507,0.03231521521705086,0.5037037037037037,0.0,0.006372249894454507,-0.0021965246510250447
2024-03-18,0.017074461236853897,0.013585162868881895,-0.003489298367972002,0.34656084656084657,0.0,0.013585162868881895,0.006372249894454507
2024-03-19,0.011786428201237747,0.014709274779795445,0.002922846578557698,0.2544973544973545,0.0,0.014709274779795445,0.013585162868881895
2024-03-20,-0.019063904063213052,-0.040857608176140814,-0.02179370411292776,0.38306878306878306,-0.0,-0.040857608176140814,0.014709274779795445
2024-03-21,0.023826748900793258,0.005310336908360025,-0.018516411992433233,0.46084656084656084,0.0,0.005310336908360025,-0.040857608176140814
2024-03-22,-0.0018851125108993137,-0.00830050561655149,-0.006415393105652176,0.03597883597883598,-0.0,-0.00830050561655149,0.005310336908360025
2024-03-25,-0.017603714278395122,-0.006672498279535977,0.010931215998859146,0.3566137566137566,-0.0,-0.006672498279535977,-0.00830050561655149
2024-03-26,-0.004755119311744655,0.021212583381291283,0.025967702693035936,0.08677248677248678,0.0,0.021212583381291283,-0.006672498279535977
2024-03-27,-0.005439073814716729,-0.01055918081013485,-0.0051201069954181205,0.09894179894179894,-0.0,-0.01055918081013485,0.021212583381291283
2024-03-28,-0.017852838449558626,-0.008455692401684534,0.009397146047874092,0.36084656084656086,-0.0,-0.008455692401684534,-0.01055918081013485
2024-04-01,-0.006409897856919805,-0.00699881160115623,-0.0005889137442364242,0.12380952380952381,-0.0,-0.00699881160115623,-0.008455692401684534
2024-04-02,0.010215130939001482,0.004797404613679612,-0.00541772632532187,0.21428571428571427,0.0,0.004797404613679612,-0.00699881160115623
2024-04-03,-0.0044936612096627675,-0.004892216844412101,-0.00039855563474933305,0.08095238095238096,-0.0,-0.004892216844412101,0.004797404613679612
2024-04-04,0.01549993877147258,0.004501638862507207,-0.010998299908965373,0.32116402116402115,0.0,0.004501638862507207,-0.004892216844412101
2024-04-05,-0.0052935235922586844,-0.006663541372421866,-0.0013700177801631817,0.09735449735449736,-0.0,-0.006663541372421866,0.004501638862507207
2024-04-08,0.00802792264476361,0.007242612528822079,-0.0007853101159415316,0.16984126984126985,0.0,0.007242612528822079,-0.006663541372421866
2024-04-09,0.02601581597283715,-0.011139275060487508,-0.03715509103332466,0.5047619047619047,-0.0,-0.011139275060487508,0.007242612528822079
2024-04-10,0.049565479615459804,0.04327092194962723,-0.006294557665832576,0.7439153439153439,0.029891787523933025,0.06415638292444084,-0.011139275060487508
2024-04-11,0.05745058418837726,0.008626523502935468,-0.04882406068544179,0.798941798941799,0.006145746938691034,0.012939785254403202,0.04327092194962723
2024-04-12,-0.022754677234754064,-0.02186327978064595,0.0008913974541081143,0.44232804232804235,-0.001069345090378595,-0.02261327978064595,0.008626523502935468
2024-04-15,0.03099436101637406,-0.01916749053796296,-0.05016185155433702,0.5671957671957671,-0.014322876976899991,-0.01916749053796296,-0.02186327978064595
2024-04-16,-0.0335149855736932,-0.008147177541418138,0.025367808032275063,0.5989417989417989,0.0035605864133121867,-0.008147177541418138,-0.01916749053796296
2024-04-17,0.0044884860795793725,-0.005714363226292707,-0.01020284930587208,0.08042328042328042,-0.0010380590700148082,-0.005714363226292707,-0.008147177541418138
2024-04-18,0.03482002552411266,-0.012212672020695425,-0.047032697544808086,0.6116402116402117,-0.01009780573684616,-0.012212672020695425,-0.005714363226292707
2024-04-19,0.05451457175794887,0.005090838711315104,-0.049423733046633764,0.7835978835978836,0.003769104633890056,0.006886258066972657,-0.012212672020695425
2024-04-22,0.014229975432441335,0.006391550822902881,-0.007838424609538455,0.29735449735449737,-0.0011130521482671442,0.005641550822902881,0.005090838711315104
2024-04-23,0.008006067352695646,0.012702377983688784,0.004696310630993138,0.16772486772486772,0.0,0.012702377983688784,0.006391550822902881
2024-04-24,-0.0011274610680739976,0.005147310821159268,0.006274771889233265,0.020634920634920634,0.0,0.005147310821159268,0.012702377983688784
2024-04-25,0.014898284849007501,-0.003472969945337412,-0.018371254794344913,0.30952380952380953,-0.0,-0.003472969945337412,0.005147310821159268
2024-04-26,0.012179717677666003,0.02480833187132858,0.012628614193662579,0.26296296296296295,0.0,0.02480833187132858,-0.003472969945337412
2024-04-29,0.0069795535727084235,-0.01827093821599657,-0.02525049178870499,0.13968253968253969,-0.0,-0.01827093821599657,0.02480833187132858
2024-04-30,0.006754044322478756,-0.00604732946528197,-0.012801373787760726,0.13227513227513227,-0.0,-0.00604732946528197,-0.01827093821599657
2024-05-01,0.0019976326644614963,0.022032023677290402,0.020034391012828907,0.038624338624338624,0.0,0.022032023677290402,-0.00604732946528197
2024-05-02,0.03750856252303718,0.05981629418061418,0.022307731657577004,0.6433862433862434,0.035916520711459,0.05981629418061418,0.022032023677290402
2024-05-03,-0.10189179402464058,-0.009106683983783226,0.09278511004085735,0.9444444444444444,0.0037646971108189885,-0.003782005195134968,0.05981629418061418
2024-05-06,-0.0884555727517909,0.0037970885372413665,0.09225266128903227,0.9174603174603174,-0.002347619687744273,0.0011391265611724098,-0.009106683983783226
2024-05-07,-0.07378183608654698,0.0018641803275158964,0.07564601641406288,0.8682539682539683,-0.0011515286151641227,0.0005592540982547689,0.0037970885372413665
2024-05-08,-0.062144662301031134,0.010014206221077737,0.07215886852210887,0.8248677248677249,-0.006171289291231292,0.003004261866323321,0.0018641803275158964
2024-05-09,-0.038324329904544194,-0.0068901947786452755,0.03143413512589892,0.647089947089947,0.004240044453331956,-0.007940194778645276,0.010014206221077737
2024-05-10,-0.058603715252089295,0.01764547709117137,0.07624919234326066,0.8037037037037037,-0.010780563028356742,0.004243643127351411,-0.0068901947786452755
2024-05-13,-0.03168957613191916,0.006173420390389817,0.03786299652230898,0.5756613756613757,-0.0037842996579705657,0.005123420390389817,0.01764547709117137
2024-05-14,-0.02809529254956731,0.012217924134276581,0.04031321668384389,0.5306878306878307,-0.0009187749869701359,0.012217924134276581,0.006173420390389817
2024-05-15,-0.06149211980162406,0.0006325139910487998,0.062124633792672856,0.8195767195767196,-0.0013015748037403518,-0.00086024580268536,0.012217924134276581
2024-05-16,-0.01749383239590314,0.00015802854249824527,0.017651860938401386,0.3529100529100529,-0.000915521405161018,-0.0008919714575017547,0.0006325139910487998
2024-05-17,0.02540580899346115,0.006162058377582769,-0.01924375061587838,0.49576719576719575,0.0,0.006162058377582769,0.00015802854249824527
2024-05-20,0.036801370115907124,0.006857261522338565,-0.02994410859356856,0.6365079365079365,0.0032759385119590276,0.006857261522338565,0.006162058377582769
2024-05-21,0.04551200561857055,-0.007538349669169109,-0.05305035528773966,0.719047619047619,-0.0046167826892334245,-0.012057524503753664,0.006857261522338565
2024-05-22,0.016974399152764313,-0.021058162326499374,-0.03803256147926369,0.344973544973545,-0.0009184240526405927,-0.021808162326499375,-0.007538349669169109
2024-05-23,-0.043225430221540344,0.016588234393859258,0.0598136646153996,0.6957671957671958,-0.010877373441518182,0.0039264703181577775,-0.021058162326499374
2024-05-24,-0.0018402987285884962,5.269132048502101e-05,0.0018929900490735172,0.03439153439153439,-0.0009020261351664253,-0.000997308679514979,0.016588234393859258
2024-05-28,-0.04623343165715505,0.0015789566972197466,0.0478123883543748,0.726984126984127,-0.0018580684272852988,-0.000576312990834076,5.269132048502101e-05
2024-05-29,-0.03538691760547996,0.005254972551412829,0.04064189015689279,0.6185185185185185,-0.0031716903367544685,0.004204972551412829,0.0015789566972197466
2024-05-30,-0.03535604946502017,0.005018742915589458,0.04037479238060963,0.617989417989418,-0.0030336999749802276,0.005018742915589458,0.005254972551412829
2024-05-31,-0.014789102028408243,0.009258793430263035,0.024047895458671278,0.30687830687830686,-0.0009063889258886443,0.009258793430263035,0.005018742915589458
2024-06-03,-0.02201960418010969,0.0016491049550020342,0.023668709135111723,0.4343915343915344,0.0,0.0016491049550020342,0.009258793430263035
2024-06-04,-0.018804727929611877,0.00782100468788749,0.026625732617499367,0.37883597883597886,0.0,0.00782100468788749,0.0016491049550020342
2024-06-05,-0.027846740298767186,-0.00709647182215134,0.020750268476615846,0.5264550264550265,-0.0,-0.00709647182215134,0.00782100468788749
2024-06-06,-0.02640708152099616,0.01239204989078968,0.03879913141178584,0.5105820105820106,0.0,0.01239204989078968,-0.00709647182215134
2024-06-07,-0.02857665741344368,-0.01914786023973869,0.00942879717370499,0.5380952380952381,-0.0,-0.01914786023973869,0.01239204989078968
2024-06-10,0.021524225626791293,0.07264909593214641,0.05112487030535512,0.42592592592592593,0.0,0.07264909593214641,-0.01914786023973869
2024-06-11,-0.020785647633208337,0.028578433788671642,0.04936408142187998,0.41534391534391535,0.0,0.028578433788671642,0.07264909593214641
2024-06-12,-0.033951782391674706,0.005491106072353036,0.03944288846402774,0.6026455026455027,-0.0034955530361765177,0.005491106072353036,0.028578433788671642
2024-06-13,-0.06190391523985416,-0.008168351279513764,0.0537355639603404,0.8222222222222222,0.004084175639756882,-0.003500505383854129,0.005491106072353036
2024-06-14,-0.09523251045390946,0.01967157951409937,0.11490408996800883,0.9317460317460318,-0.009835789757049684,0.00590147385422981,-0.008168351279513764
2024-06-17,-0.0425489944673232,-0.01098447210853637,0.03156452235878683,0.6883597883597884,0.005492236054268185,-0.0032953416325609106,0.01967157951409937
2024-06-18,-0.039296666812710004,-0.021513096004356913,0.01778357080835309,0.6582010582010582,0.010756548002178457,-0.006453928801307074,-0.01098447210853637
2024-06-20,-0.0033454489390035273,-0.010444316108865204,-0.007098867169861677,0.05873015873015873,-0.00075,-0.011494316108865204,-0.021513096004356913
2024-06-21,-0.007982780516164181,0.0031325718177475093,0.01111535233391169,0.1671957671957672,0.0,0.0031325718177475093,-0.010444316108865204
2024-06-24,0.044490875488919834,0.00446838886744394,-0.040022486621475895,0.7105820105820105,0.00148419443372197,0.00595258330116591,0.0031325718177475093
2024-06-25,0.0417827217244171,0.01999314674504582,-0.021789574979371278,0.680952380952381,0.00999657337252291,0.02998972011756873,0.00446838886744394
2024-06-26,0.05672611638072226,0.003985926171890641,-0.05274019020883162,0.7957671957671958,0.0019929630859453207,0.005978889257835962,0.01999314674504582
2024-06-27,0.05720695375981594,-0.016254161198422268,-0.0734611149582382,0.7984126984126985,-0.008127080599211134,-0.0243812417976334,0.003985926171890641
2024-06-28,0.037297354453424615,0.029104659421955725,-0.00819269503146889,0.6417989417989418,0.014552329710977863,0.028354659421955725,-0.016254161198422268
2024-07-01,0.053205044188481085,0.016239815929598223,-0.03696522825888286,0.7746031746031746,0.008119907964799111,0.023609723894397333,0.029104659421955725
2024-07-02,0.037641778218357756,0.005811030444628162,-0.031830747773729594,0.6439153439153439,0.002905515222314081,0.005061030444628163,0.016239815929598223
2024-07-03,-0.011355682198157063,0.021620525388969414,0.03297620758712648,0.24444444444444444,-0.00075,0.021620525388969414,0.005811030444628162
2024-07-05,-0.010867076466477898,0.0065387744132339165,0.017405850879711814,0.22962962962962963,0.0,0.0065387744132339165,0.021620525388969414
2024-07-08,-0.03638084796941021,0.0037748823454055724,0.040155730314815785,0.6301587301587301,-0.002637441172702786,0.0037748823454055724,0.0065387744132339165
2024-07-09,-0.03204354391700748,0.018803498228924242,0.05084704214593172,0.5825396825396826,-0.009401749114462121,0.018803498228924242,0.0037748823454055724
2024-07-10,-0.011603260413052926,-0.023220766140675475,-0.01161750572762255,0.24814814814814815,-0.00075,-0.023220766140675475,0.018803498228924242
2024-07-11,-0.030793885877534382,0.013050921486357003,0.04384480736389139,0.564021164021164,-0.0072754607431785015,0.013050921486357003,-0.023220766140675475
2024-07-12,0.0554841398207495,0.01674333056132049,-0.03874080925942901,0.78994708994709,0.006871665280660246,0.024364995841980736,0.013050921486357003
2024-07-15,0.02789497818202219,0.001791817023429454,-0.026103161158592736,0.5275132275132275,-0.00075,0.001041817023429454,0.01674333056132049
2024-07-16,0.045049078110898574,-0.025296020747220038,-0.07034509885811861,0.7142857142857143,-0.01339801037361002,-0.03869403112083006,0.001791817023429454
2024-07-17,0.01970703547915025,-0.02053482753266933,-0.040241863011819576,0.3968253968253968,-0.00075,-0.02128482753266933,-0.025296020747220038
2024-07-18,-0.012146800970995911,0.0005798023952776621,0.012726603366273573,0.2619047619047619,0.0,0.0005798023952776621,-0.02053482753266933
2024-07-19,0.08296234826703612,-0.0015602337279483347,-0.08452258199498446,0.9010582010582011,-0.0015301168639741674,-0.003090350591922502,0.0005798023952776621
2024-07-22,0.11158995081804457,0.004688290218648916,-0.10690166059939565,0.9603174603174603,0.002344145109324458,0.007032435327973374,-0.0015602337279483347
2024-07-23,0.10380160254497296,-0.028754161290150515,-0.13255576383512346,0.9481481481481482,-0.014377080645075258,-0.04313124193522577,0.004688290218648916
2024-07-24,0.07055308288841859,-0.00480463428912381,-0.0753577171775424,0.8571428571428571,-0.002402317144561905,-0.0072069514336857154,-0.028754161290150515
2024-07-25,0.07689686835068309,0.0021609816434984275,-0.07473588670718466,0.8777777777777778,0.0010804908217492137,0.003241472465247641,-0.00480463428912381
2024-07-26,0.07322911386678478,0.0012845512395411873,-0.0719445626272436,0.8671957671957672,0.0006422756197705937,0.001926826859311781,0.0021609816434984275
2024-07-29,0.10786252692783485,0.002566088401956712,-0.10529643852587814,0.9555555555555556,0.001283044200978356,0.003849132602935068,0.0012845512395411873
2024-07-30,0.10933610093016233,0.014990834358687533,-0.0943452665714748,0.9582010582010582,0.007495417179343766,0.0224862515380313,0.002566088401956712
2024-07-31,0.05265196624403585,-0.01675065930249353,-0.06940262554652937,0.7703703703703704,-0.008375329651246766,-0.025125988953740297,0.014990834358687533
2024-08-01,0.02522119070135849,0.006869280440972458,-0.01835191026038603,0.49417989417989416,-0.00075,0.006119280440972459,-0.01675065930249353
2024-08-02,0.003220385158466759,-0.0481669602008985,-0.05138734535936526,0.05714285714285714,-0.0,-0.0481669602008985,0.006869280440972458
2024-08-05,0.003633920486759764,-0.009748217104525003,-0.013382137591284766,0.0656084656084656,-0.0,-0.009748217104525003,-0.0481669602008985
2024-08-06,0.02541082377913868,0.0124982237987592,-0.01291259998037948,0.4962962962962963,0.0,0.0124982237987592,-0.009748217104525003
2024-08-07,0.02668872865180371,0.016633357104764324,-0.010055371547039386,0.5137566137566137,0.0,0.016633357104764324,0.0124982237987592
2024-08-08,0.015199096133683873,0.013735892014797635,-0.0014632041188862386,0.3164021164021164,0.0,0.013735892014797635,0.016633357104764324
2024-08-09,0.008605037123421979,0.007129902954928324,-0.0014751341684936543,0.1835978835978836,0.0,0.007129902954928324,0.013735892014797635
2024-08-12,0.01132825910362207,0.017193096665186314,0.005864837561564244,0.24391534391534392,0.0,0.017193096665186314,0.007129902954928324
2024-08-13,0.004806942404455352,0.0020336631007804584,-0.0027732793036748934,0.08835978835978836,0.0,0.0020336631007804584,0.017193096665186314
2024-08-14,0.0035967665196271594,0.013530515147950561,0.009933748628323403,0.06402116402116402,0.0,0.013530515147950561,0.0020336631007804584
2024-08-15,-0.00692331663295164,0.005918541674612143,0.012841858307563785,0.1365079365079365,0.0,0.005918541674612143,0.013530515147950561
2024-08-16,-0.00831245775458922,-0.0007077856351925815,0.007604672119396638,0.17724867724867724,-0.0,-0.0007077856351925815,0.005918541674612143
2024-08-19,-0.01002183135599107,0.0027446884258146564,0.012766519781805727,0.21322751322751324,0.0,0.0027446884258146564,-0.0007077856351925815
2024-08-20,-0.007451521254766281,-0.00048570341524156735,0.006965817839524714,0.15555555555555556,-0.0,-0.00048570341524156735,0.0027446884258146564
2024-08-21,-0.007978254605358576,-0.008259613636425134,-0.00028135903106655744,0.16666666666666666,-0.0,-0.008259613636425134,-0.00048570341524156735
2024-08-22,-0.003625935466477363,0.010288143960685003,0.013914079427162367,0.06507936507936508,0.0,0.010288143960685003,-0.008259613636425134
2024-08-23,0.0045243813418358435,0.001498797935076679,-0.0030255834067591646,0.08148148148148149,0.0,0.001498797935076679,0.010288143960685003
2024-08-26,0.005558278438213689,0.003741590076061563,-0.0018166883621521263,0.1037037037037037,0.0,0.003741590076061563,0.001498797935076679
2024-08-27,0.022624699942637567,-0.006753510960857967,-0.029378210903495534,0.44074074074074077,-0.0,-0.006753510960857967,0.003741590076061563
2024-08-28,0.0008577036808714721,0.014570083330954109,0.013712379650082637,0.015343915343915344,0.0,0.014570083330954109,-0.006753510960857967
2024-08-29,0.023759412083237254,-0.0034378173409056467,-0.0271972294241429,0.45925925925925926,-0.0,-0.0034378173409056467,0.014570083330954109
2024-08-30,-0.004225371557183396,-0.027205255495327485,-0.02297988393814409,0.07671957671957672,-0.0,-0.027205255495327485,-0.0034378173409056467
2024-09-03,0.02200056158085003,-0.008618757988215542,-0.03061931956906557,0.43386243386243384,-0.0,-0.008618757988215542,-0.027205255495327485
2024-09-04,0.020008377375033987,0.0069278685765590264,-0.013080508798474961,0.40264550264550264,0.0,0.0069278685765590264,-0.008618757988215542
2024-09-05,-0.0015010389428566308,-0.007015090421594095,-0.005514051478737464,0.028042328042328042,-0.0,-0.007015090421594095,0.0069278685765590264
2024-09-06,0.025904509447603023,0.00040765886749882796,-0.025496850580104195,0.5031746031746032,0.0,0.00040765886749882796,-0.007015090421594095
2024-09-09,0.01859503001311288,-0.0036214779618105597,-0.02221650797492344,0.37354497354497357,-0.0,-0.0036214779618105597,0.00040765886749882796
2024-09-10,0.0329702994317393,0.011585173110859825,-0.021385126320879473,0.5915343915343916,0.006518481840905775,0.011585173110859825,-0.0036214779618105597
2024-09-11,0.02074509692175557,0.000493963689219612,-0.020251133232535957,0.4148148148148148,-0.0009695146185274602,0.000493963689219612,0.011585173110859825
2024-09-12,0.02220255361941385,-0.0012120645513312711,-0.02341461817074512,0.4365079365079365,-0.0,-0.0012120645513312711,0.000493963689219612
2024-09-13,0.024038556968775056,-0.02777512014898198,-0.051813677117757036,0.4783068783068783,-0.0,-0.02777512014898198,-0.0012120645513312711
2024-09-16,0.0607326798970521,0.0021725005788388874,-0.05856017931821321,0.8142857142857143,0.00044175683463261754,0.0025087508682583312,-0.02777512014898198
2024-09-17,0.02642718863331719,0.01798980348964907,-0.008437385143668121,0.5111111111111111,-0.0009853303815633972,0.01723980348964907,0.0021725005788388874
2024-09-18,0.015581904378341678,0.03706557117834586,0.02148366680000418,0.32275132275132273,0.0,0.03706557117834586,0.01798980348964907
2024-09-19,0.0033201859549006106,-0.0029274552392541953,-0.006247641194154806,0.0582010582010582,-0.0,-0.0029274552392541953,0.03706557117834586
2024-09-20,-0.00569599539548335,-0.007580977290249535,-0.0018849818947661856,0.10793650793650794,-0.0,-0.007580977290249535,-0.0029274552392541953
2024-09-23,0.021781506505483807,0.00397400380153945,-0.017807502703944357,0.43227513227513226,0.0,0.00397400380153945,-0.007580977290249535
2024-09-24,0.022326230274652394,-0.004398096797038842,-0.026724327071691235,0.43756613756613755,-0.0,-0.004398096797038842,0.00397400380153945
2024-09-25,0.022593858639890184,0.0050802086064263285,-0.017513650033463855,0.4396825396825397,0.0,0.0050802086064263285,-0.004398096797038842
2024-09-26,-0.011833752014099565,0.0011866923847481115,0.013020444398847676,0.2560846560846561,0.0,0.0011866923847481115,0.0050802086064263285
2024-09-27,-0.010531972944146713,0.022871990885051652,0.033403963829198365,0.2222222222222222,0.0,0.022871990885051652,0.0011866923847481115
2024-09-30,-0.021450643578526354,-0.02914160141334643,-0.007690957834820076,0.4253968253968254,-0.0,-0.02914160141334643,0.022871990885051652
2024-10-01,0.042724180936461825,0.0025197322786998377,-0.04020444865776199,0.6904761904761905,0.0006536582020209241,0.003029598418049757,-0.02914160141334643
2024-10-02,0.0005638230117621906,-0.004894731641420513,-0.005458554653182704,0.01216931216931217,-0.0009615144322797266,-0.005644731641420513,0.0025197322786998377
2024-10-03,0.047863801803260574,0.005007421565833559,-0.042856380237427015,0.7333333333333333,0.0022864387853319826,0.006761132348750338,-0.004894731641420513
2024-10-04,0.024417225063109393,-0.022530832322886107,-0.0469480573859955,0.4857142857142857,-0.0009778289018368672,-0.023280832322886108,0.005007421565833559
2024-10-07,0.07780748931875467,0.018404014116249368,-0.0594034752025053,0.8835978835978836,0.010825941791000245,0.02685602117437405,-0.022530832322886107
2024-10-08,-0.016055024139761172,0.01669831966427715,0.032753343804038326,0.3291005291005291,-0.0009606542312864223,0.01594831966427715,0.018404014116249368
2024-10-09,-0.01758434691902155,-0.002178192514399546,0.015406154404622004,0.355026455026455,-0.0,-0.002178192514399546,0.01669831966427715
2024-10-10,0.015386252158282692,-0.006505321374342898,-0.02189157353262559,0.31957671957671957,-0.0,-0.006505321374342898,-0.002178192514399546
2024-10-11,0.017212418348243046,0.016479814884474475,-0.0007326034637685705,0.3486772486772487,0.0,0.016479814884474475,-0.006505321374342898
2024-10-14,-0.017706131031667443,0.011024763552063277,0.02873089458373072,0.3582010582010582,0.0,0.011024763552063277,0.016479814884474475
2024-10-15,-0.02728610777378323,-0.008851945213252943,0.018434162560530286,0.5227513227513227,-0.0,-0.008851945213252943,0.011024763552063277
2024-10-16,0.027232446698351113,0.0015962701523390965,-0.025636176546012017,0.5206349206349207,0.0,0.0015962701523390965,-0.008851945213252943
2024-10-17,0.020367297939988087,0.012276567224127843,-0.008090730715860243,0.4095238095238095,0.0,0.012276567224127843,0.0015962701523390965
2024-10-18,-0.0012114170149318917,0.006297853161462141,0.007509270176394033,0.022222222222222223,0.0,0.006297853161462141,0.012276567224127843
2024-10-21,-0.011964889670013926,-0.0026217765080199795,0.009343113161993946,0.25873015873015875,-0.0,-0.0026217765080199795,0.006297853161462141
2024-10-22,0.004534822308271336,-0.021622908166570975,-0.026157730474842312,0.082010582010582,-0.0,-0.021622908166570975,-0.0026217765080199795
2024-10-23,0.004730692133757927,-0.0008233277162461583,-0.005554019850004086,0.08571428571428572,-0.0,-0.0008233277162461583,-0.021622908166570975
2024-10-24,0.016665816075862375,0.0036430130940372507,-0.013022802981825125,0.3396825396825397,0.0,0.0036430130940372507,-0.0008233277162461583
2024-10-25,0.008587427328981066,0.008599486829011793,1.2059500030726922e-05,0.18253968253968253,0.0,0.008599486829011793,0.0036430130940372507
2024-10-28,0.01230436201411338,0.0011569279558503176,-0.011147434058263062,0.2661375661375661,0.0,0.0011569279558503176,0.008599486829011793
2024-10-29,0.025463646391306688,-0.015278108251291944,-0.04074175464259863,0.4978835978835979,-0.0,-0.015278108251291944,0.0011569279558503176
2024-10-30,0.051558255448020146,-0.018209420855337943,-0.06976767630335809,0.7597883597883598,-0.013325231370645597,-0.028064131283006916,-0.015278108251291944
